payoff,replication,estimate,std_error,z_score,covered_95
atm_call,0,10.251152027441423,0.14448043316158113,-1.3803360107668798,1
otm_digital_k130,0,0.1182378174654387,0.0031384862542131243,0.49887086299125072,1
atm_call,1,10.575880935281072,0.1485992389908434,0.84318980330203552,1
otm_digital_k130,1,0.11024749029963275,0.0030450848949580638,-2.1098353711970788,0
atm_call,2,10.680679510072343,0.14848814173622707,1.5495913356874844,1
otm_digital_k130,2,0.11918904688993943,0.0031492859124431982,0.79920618216387918,1
atm_call,3,10.361344334021334,0.14601833228560973,-0.61115092034927343,1
otm_digital_k130,3,0.11490851447968622,0.0031001613570789434,-0.56887478956537552,1
atm_call,4,10.545981993964583,0.14645523557811677,0.65138280241370095,1
otm_digital_k130,4,0.11937929277483958,0.0031514379572076335,0.85902838395875769,1
atm_call,5,10.41585248053372,0.14740006690939386,-0.23562466680004299,1
otm_digital_k130,5,0.11481339153723615,0.0030990541398500824,-0.59977222023200549,1
atm_call,6,10.449470816084862,0.1473008264466894,-0.0075543099623507706,1
otm_digital_k130,6,0.11833294040788879,0.0031395691888026246,0.52899687463456735,1
atm_call,7,10.271048719050016,0.14692727075435094,-1.2219300897224181,1
otm_digital_k130,7,0.12137687456629107,0.0031738774765284069,1.4823371354977191,1
atm_call,8,10.363304527938453,0.14622640771845991,-0.59687607463586023,1
otm_digital_k130,8,0.11700121921358779,0.0031243475905990978,0.10533434092442544,1
atm_call,9,10.308573629761652,0.14423751589012029,-0.98455621304572039,1
otm_digital_k130,9,0.11700121921358782,0.0031243475905990982,0.10533434092443431,1
atm_call,10,10.392422765971991,0.14768748332105161,-0.39380998921300381,1
otm_digital_k130,10,0.11538412919193661,0.0031056871515183796,-0.41471946932803849,1
atm_call,11,10.464276964509704,0.14551883374356764,0.094100481510757381,1
otm_digital_k130,11,0.11709634215603787,0.0031254391880825502,0.13573261586475224,1
atm_call,12,10.50177407479104,0.14855719146475585,0.34458448023119992,1
otm_digital_k130,12,0.11662072744378753,0.0031199744810246873,-0.01647150508385286,1
atm_call,13,10.300641619182812,0.14442014562373276,-1.0382343291177101,1
otm_digital_k130,13,0.11804757158053857,0.0031363183976645566,0.43855670465395752,1
atm_call,14,10.513905099889943,0.14943868361677881,0.42372915882191758,1
otm_digital_k130,14,0.11909392394748938,0.0031482089072394069,0.76926465159511681,1
atm_call,15,10.353450646328451,0.14473696298767078,-0.67109965451861653,1
otm_digital_k130,15,0.11842806335033888,0.0031406514618494345,0.55910222842481305,1
atm_call,16,10.393015079160811,0.14655357934634469,-0.39281533266880908,1
otm_digital_k130,16,0.12413543989734317,0.0032044023438008965,2.3290838594186485,0
atm_call,17,10.625805193722286,0.14959439347561887,1.1713114206067714,1
otm_digital_k130,17,0.13088916881129831,0.0032769557923307477,4.3384932824721316,0
atm_call,18,10.092653805534731,0.14380756245289159,-2.4889495416353373,0
otm_digital_k130,18,0.11433777682498582,0.0030935077214816354,-0.75459365370821407,1
atm_call,19,10.435814584210407,0.14597482596102612,-0.10117489695851233,1
otm_digital_k130,19,0.11424265388253571,0.0030923963661742887,-0.78562511046508621,1
atm_call,20,10.622442400383088,0.14927882073051132,1.1512606232855309,1
otm_digital_k130,20,0.11395728505518551,0.0030890581435734344,-0.87885463398470498,1
atm_call,21,10.397194614858561,0.14665425220315417,-0.36404643251006236,1
otm_digital_k130,21,0.1189036780625892,0.003146052927824129,0.70932053416512897,1
atm_call,22,10.287181238785735,0.14498447356846314,-1.1270333255557572,1
otm_digital_k130,22,0.11757195686828822,0.0031308871311759891,0.28740695888229595,1
atm_call,23,10.436474921529244,0.14767483035344173,-0.095538627825328237,1
otm_digital_k130,23,0.11909392394748937,0.0031482089072394069,0.76926465159511237,1
atm_call,24,10.529413323729186,0.14954946705026631,0.52711489447928972,1
otm_digital_k130,24,0.1155743750768367,0.0031078926801593252,-0.35321137357299126,1
atm_call,25,10.419025443571574,0.14811463760392971,-0.21306556275933861,1
otm_digital_k130,25,0.1170012192135878,0.0031243475905990978,0.10533434092442988,1
atm_call,26,10.349159975278388,0.14550540508838797,-0.69704350051843189,1
otm_digital_k130,26,0.12052076808424046,0.0031642954680520898,1.2162738921774701,1
atm_call,27,10.236091526283882,0.14667118033437887,-1.4624007621174946,1
otm_digital_k130,27,0.11880855512013916,0.003144973952262826,0.67931786820961215,1
atm_call,28,10.388207032286449,0.14626333502311054,-0.42646737057681589,1
otm_digital_k130,28,0.1156694980192868,0.003108994421150505,-0.32249015733369729,1
atm_call,29,10.499272477208748,0.14838696177687291,0.32812118019109204,1
otm_digital_k130,29,0.11243531797598434,0.0030711482223248882,-1.3795492228380881,1
atm_call,30,10.369970964387397,0.14586244717043098,-0.55266183559886939,1
otm_digital_k130,30,0.11880855512013914,0.003144973952262826,0.67931786820960771,1
atm_call,31,10.4426894745159,0.14768850277461998,-0.053450996667609406,1
otm_digital_k130,31,0.11652560450133743,0.0031188795201877286,-0.046976363475227711,1
atm_call,32,10.420313542563031,0.14521967947946557,-0.20844302735704359,1
otm_digital_k130,32,0.11253044091843444,0.0030722728602922762,-1.3480824748374627,1
atm_call,33,10.429428527485323,0.14599150190808582,-0.14490600085439695,1
otm_digital_k130,33,0.11966466160218982,0.0031546611203002619,0.9486101260194213,1
atm_call,34,10.067876257048708,0.14317672127388151,-2.6729716376502664,0
otm_digital_k130,34,0.12118662868139095,0.0031717526401254885,1.4233488781455281,1
atm_call,35,10.199834963274439,0.14452394831668308,-1.7349969457080381,1
otm_digital_k130,35,0.1192841698323895,0.0031503622622087468,0.82912741318992,1
atm_call,36,10.507037447548337,0.14650099814179093,0.38534805959579377,1
otm_digital_k130,36,0.11671585038623757,0.0031210687677762378,0.014011952372170141,1
atm_call,37,10.534617729411304,0.14758747197130706,0.56938543701114819,1
otm_digital_k130,37,0.11643048155888741,0.0031177838845551473,-0.077502665153548214,1
atm_call,38,10.285157060917806,0.14613666568654385,-1.1319986704950324,1
otm_digital_k130,38,0.12346957930019262,0.0031970827513003106,2.1261448982247177,0
atm_call,39,10.471807224989137,0.14573534655967124,0.14563147036464677,1
otm_digital_k130,39,0.11376703917028536,0.0030868291904473516,-0.94112073256857143,1
atm_call,40,10.373881131154915,0.14701903477496198,-0.52171775680639931,1
otm_digital_k130,40,0.12042564514179036,0.0031632275783485524,1.1866130177193153,1
atm_call,41,10.375177177282445,0.14601987320929183,-0.51641186398665195,1
otm_digital_k130,41,0.11880855512013914,0.0031449739522628269,0.67931786820960749,1
atm_call,42,10.375603205317827,0.14626815842645138,-0.51262262186357177,1
otm_digital_k130,42,0.111959703263734,0.0030655144156660182,-1.537234609466154,1
atm_call,43,10.252356539010247,0.14529635114449849,-1.3642946406697098,1
otm_digital_k130,43,0.11471826859478609,0.0030979462347920901,-0.63069187663234272,1
atm_call,44,10.352305717268189,0.1475783077765293,-0.66593699574180443,1
otm_digital_k130,44,0.11471826859478609,0.003097946234792091,-0.63069187663234261,1
atm_call,45,10.545985611905422,0.15092968196074358,0.63209594349165621,1
otm_digital_k130,45,0.11747683392583819,0.0031297988794685835,0.25711422283517593,1
atm_call,46,10.300896659782303,0.14630462261955227,-1.023118133406421,1
otm_digital_k130,46,0.11576462096173688,0.0031100954808890016,-0.29179077078268079,1
atm_call,47,10.584432433451168,0.14923181713340114,0.89691906080569561,1
otm_digital_k130,47,0.11519388330703643,0.003103478889150287,-0.47631540766868685,1
atm_call,48,10.512089217476946,0.14631367020420652,0.42036841264082725,1
otm_digital_k130,48,0.11452802270988595,0.0030957283582343171,-0.69259804521420509,1
atm_call,49,10.426789806679253,0.14729427530893938,-0.16153896990492067,1
otm_digital_k130,49,0.12118662868139096,0.0031717526401254881,1.4233488781455326,1
atm_call,50,10.642316608874765,0.14974013805451131,1.2804384928469621,1
otm_digital_k130,50,0.11728658804093803,0.0031276203720838787,0.19646563473923151,1
atm_call,51,10.40771871813341,0.14667284684954127,-0.2922480539026564,1
otm_digital_k130,51,0.12014027631444017,0.0031600200257529197,1.0975114609600036,1
atm_call,52,10.303712290360195,0.14487877144701705,-1.0137529491618213,1
otm_digital_k130,52,0.11528900624948651,0.0031045833624146466,-0.44550643624881198,1
atm_call,53,10.469859624934333,0.14769685689297959,0.13051092050489657,1
otm_digital_k130,53,0.11785732569563848,0.0031341478867070601,0.37815942934668451,1
atm_call,54,10.436309249280507,0.14768437039611948,-0.096654255739837991,1
otm_digital_k130,54,0.11757195686828824,0.0031308871311759891,0.28740695888230039,1
atm_call,55,10.521692598568258,0.14591065791091179,0.48734634879190425,1
otm_digital_k130,55,0.12090125985404071,0.003168560571839737,1.3347201793500696,1
atm_call,56,10.309549557856988,0.1452103931961482,-0.97123911880092395,1
otm_digital_k130,56,0.11500363742213633,0.0031012678872153823,-0.53799954014130935,1
atm_call,57,10.462584529186021,0.14609499968557099,0.082144885357467196,1
otm_digital_k130,57,0.11376703917028538,0.0030868291904473516,-0.94112073256856243,1
atm_call,58,10.513979250243965,0.14695193788057601,0.43140416501301687,1
otm_digital_k130,58,0.12014027631444019,0.0031600200257529193,1.0975114609600083,1
atm_call,59,10.327712124654663,0.14577601309354077,-0.84287836471452593,1
otm_digital_k130,59,0.11538412919193661,0.0031056871515183801,-0.41471946932803844,1
atm_call,60,10.398558351776815,0.1461458036138108,-0.35598162329868538,1
otm_digital_k130,60,0.11861830923523901,0.003142814026048307,0.6192511232912139,1
atm_call,61,10.48091107190421,0.14817015123704327,0.20468022382012044,1
otm_digital_k130,61,0.11937929277483959,0.003151437957207633,0.85902838395876224,1
atm_call,62,10.275680995359137,0.14469881448290461,-1.2087353821898619,1
otm_digital_k130,62,0.11956953865973971,0.0031535873855851153,0.91876970134725056,1
atm_call,63,10.434495154333311,0.14511474975174549,-0.11086686832153865,1
otm_digital_k130,63,0.11918904688993942,0.0031492859124431982,0.79920618216387485,1
atm_call,64,10.409470867976179,0.14581130466342704,-0.28195827685837715,1
otm_digital_k130,64,0.11918904688993943,0.0031492859124431982,0.79920618216387918,1
atm_call,65,10.320643251073403,0.14491409539915348,-0.89667137454254142,1
otm_digital_k130,65,0.11519388330703642,0.003103478889150287,-0.47631540766869135,1
atm_call,66,10.660155368135875,0.1488273521556053,1.4081537628325775,1
otm_digital_k130,66,0.11880855512013917,0.0031449739522628264,0.67931786820961648,1
atm_call,67,10.600873096564593,0.15039232992084758,0.99931641765335122,1
otm_digital_k130,67,0.11757195686828821,0.0031308871311759895,0.28740695888229151,1
atm_call,68,10.423914013338418,0.14612618046147763,-0.18251047665043785,1
otm_digital_k130,68,0.11823781746543872,0.0031384862542131234,0.49887086299125971,1
atm_call,69,10.359704265762383,0.14610129788390389,-0.62202942574392595,1
otm_digital_k130,69,0.11785732569563843,0.003134147886707061,0.37815942934667107,1
atm_call,70,10.693639425472437,0.14933390382713346,1.6275999425304255,1
otm_digital_k130,70,0.11852318629278895,0.0031417330740372241,0.58918696460009934,1
atm_call,71,10.546970460008144,0.14729588069799132,0.65437599046113382,1
otm_digital_k130,71,0.11690609627113774,0.0031232553218568039,0.07491483331097594,1
atm_call,72,10.515771754842161,0.14603099748800527,0.44639962595588784,1
otm_digital_k130,72,0.11148408855148366,0.0030598628425842038,-1.6955104966234413,1
atm_call,73,10.419408988460598,0.14663527928391004,-0.21259947726899833,1
otm_digital_k130,73,0.11728658804093797,0.0031276203720838783,0.19646563473921377,1
atm_call,74,10.421142141780779,0.14684547219774996,-0.20049259922106585,1
otm_digital_k130,74,0.11804757158053859,0.0031363183976645575,0.43855670465396629,1
atm_call,75,10.495277622084815,0.14854632808942173,0.3008761675506384,1
otm_digital_k130,75,0.11861830923523903,0.003142814026048307,0.61925112329121834,1
atm_call,76,10.618971783276715,0.14742651057150644,1.1421840647139974,1
otm_digital_k130,76,0.11719146509848795,0.0031265301150102511,0.16610969991345453,1
atm_call,77,10.345001541979798,0.14683384326171767,-0.71905786745336686,1
otm_digital_k130,77,0.11652560450133741,0.0031188795201877286,-0.046976363475236614,1
atm_call,78,10.546817957560904,0.15006977745512959,0.64126426391301583,1
otm_digital_k130,78,0.11985490748708995,0.0031568066341148802,1.0082307016784182,1
atm_call,79,10.471763808104827,0.14768044692337975,0.14341936499058092,1
otm_digital_k130,79,0.11224507209108424,0.0030688968253630689,-1.4425529042362748,1
atm_call,80,10.667438510366502,0.14778330936187262,1.4673845044973581,1
otm_digital_k130,80,0.11547925213438667,0.0031067902571906983,-0.38395446302357994,1
atm_call,81,10.514680909538972,0.14681757669870049,0.43657809095271133,1
otm_digital_k130,81,0.11871343217768909,0.0031438943185636385,0.64929474452197811,1
atm_call,82,10.497282802190046,0.1487946586002995,0.31385017744448601,1
otm_digital_k130,82,0.11585974390418695,0.0031111958600981066,-0.26111317051593519,1
atm_call,83,10.638806776320441,0.14813999426527596,1.2705765588044886,1
otm_digital_k130,83,0.11728658804093801,0.0031276203720838783,0.1964656347392271,1
atm_call,84,10.212676641784839,0.14452610894486567,-1.646117314979187,1
otm_digital_k130,84,0.12033052219934029,0.0031621590418350063,1.1569323464211636,1
atm_call,85,10.637264239043017,0.14714727289557156,1.2686654885541158,1
otm_digital_k130,85,0.11861830923523903,0.003142814026048307,0.61925112329121834,1
atm_call,86,10.462355378350289,0.14734234543341485,0.07989424988526346,1
otm_digital_k130,86,0.11414753094008569,0.0030912843185856537,-0.81667906250130928,1
atm_call,87,10.640805815571651,0.14779206051616123,1.2870937905713813,1
otm_digital_k130,87,0.11690609627113772,0.0031232553218568022,0.07491483331097154,1
atm_call,88,10.335722374021353,0.14465989361864642,-0.79400859001732293,1
otm_digital_k130,88,0.12023539925689021,0.0031610898578555294,1.1272318402218116,1
atm_call,89,10.279975288291315,0.14514615454076241,-1.1754240712338173,1
otm_digital_k130,89,0.11871343217768911,0.0031438943185636385,0.64929474452198244,1
atm_call,90,10.51400681592356,0.14813283503106978,0.4281511504502496,1
otm_digital_k130,90,0.11405240799763559,0.0030901715779683447,-0.84775555517858037,1
atm_call,91,10.300610108417482,0.14652012726328517,-1.023569024742778,1
otm_digital_k130,91,0.11576462096173687,0.003110095480889002,-0.29179077078268523,1
atm_call,92,10.345787620068789,0.14691076713267059,-0.71333064391477596,1
otm_digital_k130,92,0.11490851447968627,0.0031001613570789447,-0.56887478956536175,1
atm_call,93,10.580951434908656,0.14674367264000776,0.88840534230681345,1
otm_digital_k130,93,0.11414753094008567,0.0030912843185856537,-0.81667906250131383,1
atm_call,94,10.70626575221357,0.14916212707571502,1.7141226465497807,1
otm_digital_k130,94,0.11776220275318838,0.003133061634101248,0.3479295210826161,1
atm_call,95,10.43317145243731,0.14613857791693072,-0.11914800319281547,1
otm_digital_k130,95,0.11652560450133745,0.003118879520187729,-0.046976363475223257,1
atm_call,96,10.371877118550492,0.14514612112839131,-0.54225667915326337,1
otm_digital_k130,96,0.1203305221993403,0.0031621590418350054,1.1569323464211683,1
atm_call,97,10.40203486503415,0.14654464384329274,-0.33128953660917337,1
otm_digital_k130,97,0.11890367806258922,0.003146052927824129,0.70932053416513785,1
atm_call,98,10.412855789540041,0.14674613081561338,-0.2570955870237871,1
otm_digital_k130,98,0.11509876036458636,0.0031023737309945976,-0.5071464275912545,1
atm_call,99,10.606781640293052,0.14837263260513894,1.0527417716122112,1
otm_digital_k130,99,0.11890367806258922,0.0031460529278241295,0.70932053416513774,1
atm_call,100,10.504250513364383,0.14657464743998147,0.36614068064402233,1
otm_digital_k130,100,0.11585974390418695,0.0031111958600981066,-0.26111317051593519,1
atm_call,101,10.425151049761535,0.14723934859568166,-0.17272911532536761,1
otm_digital_k130,101,0.113291424458035,0.0030812446138001152,-1.0971844449275285,1
atm_call,102,10.540306270315961,0.14772917903325217,0.60734581155571765,1
otm_digital_k130,102,0.11624023567398721,0.0031155905860550748,-0.13861976835436884,1
atm_call,103,10.309779891706027,0.14591124016078141,-0.96499543369222329,1
otm_digital_k130,103,0.12042564514179038,0.0031632275783485529,1.1866130177193239,1
atm_call,104,10.298303632780859,0.14451016931631974,-1.05376625136577,1
otm_digital_k130,104,0.11424265388253571,0.0030923963661742878,-0.78562511046508643,1
atm_call,105,10.590104448228455,0.14826313617797335,0.94103551050900291,1
otm_digital_k130,105,0.11880855512013917,0.0031449739522628264,0.67931786820961648,1
atm_call,106,10.512290750378128,0.14850281166349377,0.41552868596458165,1
otm_digital_k130,106,0.11681097332868763,0.0031221623811511588,0.044474051129658791,1
atm_call,107,10.488947440550321,0.14782109341713184,0.25952905284303945,1
otm_digital_k130,107,0.11937929277483957,0.003151437957207633,0.85902838395875347,1
atm_call,108,9.9630578985115203,0.1417244329200181,-3.43995501431404,0
otm_digital_k130,108,0.11833294040788879,0.0031395691888026255,0.52899687463456724,1
atm_call,109,10.350576779812515,0.14512341872438772,-0.6891154663532556,1
otm_digital_k130,109,0.12080613691159064,0.0031674952628426302,1.3051381136296956,1
atm_call,110,10.213433253931438,0.14391815750349296,-1.6478137461449702,1
otm_digital_k130,110,0.1090108920477818,0.0030301844092302664,-2.5283035739324964,0
atm_call,111,10.508487470746209,0.14931846147088984,0.38778793988543026,1
otm_digital_k130,111,0.11833294040788882,0.0031395691888026246,0.52899687463457623,1
atm_call,112,10.232120404240501,0.1450716554907005,-1.5058983590288857,1
otm_digital_k130,112,0.11785732569563843,0.003134147886707061,0.37815942934667107,1
atm_call,113,10.440442514598674,0.14703924854290243,-0.068968371964425845,1
otm_digital_k130,113,0.12128175162384099,0.0031728153788089498,1.4528527361898345,1
atm_call,114,10.328738036313387,0.14228358452288917,-0.85635694574845189,1
otm_digital_k130,114,0.11985490748708995,0.0031568066341148798,1.0082307016784182,1
atm_call,115,10.482445944654568,0.14702325058215693,0.21671655566622722,1
otm_digital_k130,115,0.11643048155888736,0.0031177838845551473,-0.077502665153566019,1
atm_call,116,10.651412935052575,0.14807156922064268,1.3562992809765297,1
otm_digital_k130,116,0.11119871972413346,0.0030564633298667938,-1.7907620031607887,1
atm_call,117,10.620225062715877,0.15057791036462198,1.1266027674281169,1
otm_digital_k130,117,0.11766707981073833,0.0031319747158219864,0.31767871126123909,1
atm_call,118,10.587648798341817,0.14897681515440842,0.92004400828547905,1
otm_digital_k130,118,0.11490851447968622,0.0031001613570789434,-0.56887478956537552,1
atm_call,119,10.846062581978053,0.15269819076789157,2.5899390674094458,0
otm_digital_k130,119,0.11081822795433315,0.0030519206046951499,-1.9181004105985926,1
atm_call,120,10.306364666977974,0.14625962553452132,-0.98604727504609402,1
otm_digital_k130,120,0.11557437507683674,0.0031078926801593252,-0.35321137357297788,1
atm_call,121,10.400301050329215,0.14772545038388207,-0.34037819296316313,1
otm_digital_k130,121,0.11814269452298866,0.0031374026573959008,0.46872415314904009,1
atm_call,122,10.381831582120915,0.14635613328359956,-0.46975817495404981,1
otm_digital_k130,122,0.12375494812754285,0.0032002234661138982,2.2132298207382606,0
atm_call,123,10.668727628519258,0.15081131098267297,1.4464701282171804,1
otm_digital_k130,123,0.11157921149393368,0.0030609945832335058,-1.6638077875981088,1
atm_call,124,10.410978894779422,0.1468567580633286,-0.26968236210859065,1
otm_digital_k130,124,0.11195970326373403,0.0030655144156660182,-1.5372346094661449,1
atm_call,125,10.511991538543825,0.14908619479350946,0.41189572544477943,1
otm_digital_k130,125,0.11433777682498582,0.0030935077214816345,-0.7545936537082143,1
atm_call,126,10.391497349055861,0.14526594291520234,-0.40674518709578489,1
otm_digital_k130,126,0.11367191622783529,0.0030857136702105671,-0.97228784395708212,1
atm_call,127,10.487737859677123,0.14975260989707545,0.24810444049762431,1
otm_digital_k130,127,0.11614511273153713,0.0031144929217599591,-0.16921065515804165,1
atm_call,128,10.334751405250094,0.14585236352558759,-0.79417408217135765,1
otm_digital_k130,128,0.11842806335033883,0.0031406514618494345,0.5591022284247954,1
atm_call,129,10.583865582022922,0.14870817535649211,0.89626551813886279,1
otm_digital_k130,129,0.11633535861643729,0.0031166875734152922,-0.1080504525857571,1
atm_call,130,10.38555772121684,0.14778280311063274,-0.44000959245597387,1
otm_digital_k130,130,0.11985490748708996,0.0031568066341148807,1.0082307016784224,1
atm_call,131,10.524772273335858,0.14851924812942399,0.49952246651327564,1
otm_digital_k130,131,0.11766707981073832,0.0031319747158219855,0.31767871126123476,1
atm_call,132,10.757962373862116,0.1509109282782444,2.0368226819851678,0
otm_digital_k130,132,0.11386216211273542,0.0030879440146504458,-0.90997634453417453,1
atm_call,133,10.529959248981989,0.15047180480751615,0.52751196078212614,1
otm_digital_k130,133,0.11614511273153716,0.0031144929217599591,-0.16921065515803274,1
atm_call,134,10.335701426426638,0.14467163767957275,-0.79408892856635749,1
otm_digital_k130,134,0.11700121921358782,0.0031243475905990978,0.10533434092443432,1
atm_call,135,10.277065186753594,0.14767783857586811,-1.1749791783606904,1
otm_digital_k130,135,0.11861830923523903,0.0031428140260483066,0.61925112329121845,1
atm_call,136,10.541000605512176,0.14825306063299629,0.60988308059591956,1
otm_digital_k130,136,0.10996212147228249,0.0030416572628285464,-2.2060331152468056,0
atm_call,137,10.294498006433003,0.14382447814505359,-1.0852503535255555,1
otm_digital_k130,137,0.11300605563068485,0.003077885475979732,-1.1910977576127699,1
atm_call,138,10.741358037026377,0.1485954480547505,1.9568194628255995,1
otm_digital_k130,138,0.11719146509848795,0.003126530115010252,0.16610969991345448,1
atm_call,139,10.382527915639418,0.14767262787415525,-0.46085491621459124,1
otm_digital_k130,139,0.11604998978908705,0.0031133945798139605,-0.19982315581192422,1
atm_call,140,10.440468546349049,0.14909928980805121,-0.067840872009006042,1
otm_digital_k130,140,0.11490851447968624,0.0031001613570789438,-0.56887478956537085,1
atm_call,141,10.4095940077175,0.14572514535744316,-0.28127996968202768,1
otm_digital_k130,141,0.11776220275318841,0.0031330616341012484,0.34792952108262487,1
atm_call,142,10.239821636026049,0.14295500971937647,-1.4743235411842617,1
otm_digital_k130,142,0.11519388330703642,0.003103478889150287,-0.47631540766869135,1
atm_call,143,10.621515686027173,0.1506783760660029,1.1344170165913394,1
otm_digital_k130,143,0.11405240799763558,0.0030901715779683447,-0.84775555517858481,1
atm_call,144,10.354050060283084,0.14472348103664673,-0.66702038405241271,1
otm_digital_k130,144,0.12356470224264274,0.0031981302818968808,2.1551917888852792,0
atm_call,145,10.597336810716515,0.14809416244126247,0.99094546410071982,1
otm_digital_k130,145,0.11253044091843444,0.0030722728602922762,-1.3480824748374627,1
atm_call,146,10.267426645920628,0.14520617468248956,-1.2613576982205963,1
otm_digital_k130,146,0.11414753094008566,0.0030912843185856528,-0.8166790625013185,1
atm_call,147,10.150526099735577,0.14319184885248953,-2.0954926893854151,0
otm_digital_k130,147,0.12052076808424041,0.0031642954680520898,1.2162738921774525,1
atm_call,148,10.275781660812154,0.14678595663528579,-1.1908626368646509,1
otm_digital_k130,148,0.11985490748708996,0.0031568066341148807,1.0082307016784224,1
atm_call,149,10.226848472993691,0.14391769064143106,-1.5546045673376774,1
otm_digital_k130,149,0.11633535861643733,0.0031166875734152926,-0.10805045258574372,1
atm_call,150,10.522710116268428,0.14873932393269174,0.48491913352730037,1
otm_digital_k130,150,0.1156694980192868,0.003108994421150505,-0.32249015733369729,1
atm_call,151,10.720421912042038,0.1507077083253292,1.7904747066685809,1
otm_digital_k130,151,0.11614511273153717,0.0031144929217599591,-0.1692106551580283,1
atm_call,152,10.199059028233133,0.14280139129833552,-1.7613591973130092,1
otm_digital_k130,152,0.12118662868139096,0.0031717526401254885,1.4233488781455323,1
atm_call,153,10.51384172685829,0.1464222943634666,0.43202542992334864,1
otm_digital_k130,153,0.115954866846637,0.0031122955594996408,-0.23045731324807997,1
atm_call,154,10.49856094343073,0.14749667941879974,0.32527763631175505,1
otm_digital_k130,154,0.11681097332868766,0.0031221623811511588,0.04447405112966768,1
atm_call,155,10.493759846689509,0.14763411933267714,0.29245458095404869,1
otm_digital_k130,155,0.11785732569563845,0.003134147886707061,0.37815942934667551,1
atm_call,156,10.387614164098975,0.14610527000415799,-0.43098656252976358,1
otm_digital_k130,156,0.11386216211273543,0.0030879440146504458,-0.90997634453417009,1
atm_call,157,10.755219892747665,0.15038423649591051,2.0257197673134995,0
otm_digital_k130,157,0.1170012192135878,0.0031243475905990978,0.10533434092442988,1
atm_call,158,10.227235092568257,0.1464803952466695,-1.5247670464104057,1
otm_digital_k130,158,0.11995003042954003,0.0031578784145430291,1.0380109301013576,1
atm_call,159,10.49161067490083,0.14759618019733986,0.27796859417652447,1
otm_digital_k130,159,0.11148408855148365,0.0030598628425842038,-1.6955104966234458,1
atm_call,160,10.38859654142906,0.14640812363388142,-0.42338518668199115,1
otm_digital_k130,160,0.11528900624948656,0.0031045833624146462,-0.4455064362487986,1
atm_call,161,10.632540716128252,0.14794958758312543,1.2298590818340021,1
otm_digital_k130,161,0.11795244863808851,0.0031352334743313241,0.40836847694360717,1
atm_call,162,10.583405691841339,0.14527070653331955,0.91430765930310987,1
otm_digital_k130,162,0.11709634215603788,0.0031254391880825511,0.13573261586475666,1
atm_call,163,10.272367860723305,0.14504600597698564,-1.2286840320892582,1
otm_digital_k130,163,0.11538412919193655,0.0031056871515183796,-0.41471946932805637,1
atm_call,164,10.482078556850388,0.14948903025911364,0.21068425295318305,1
otm_digital_k130,164,0.11547925213438666,0.0031067902571906979,-0.38395446302358444,1
atm_call,165,10.395130089238524,0.14680858985966849,-0.37772641914232175,1
otm_digital_k130,165,0.11272068680333461,0.003074520019079294,-1.2852189257046758,1
atm_call,166,10.39395450166753,0.14419039592208829,-0.39273815815458124,1
otm_digital_k130,166,0.12251834987569195,0.0031865728868728628,1.8346455467760912,1
atm_call,167,10.246413005892203,0.1454258042840941,-1.4039500575461408,1
otm_digital_k130,167,0.1143377768249858,0.0030935077214816345,-0.75459365370821874,1
atm_call,168,10.682407929799131,0.14899981432667114,1.5558701107192197,1
otm_digital_k130,168,0.11747683392583813,0.0031297988794685826,0.25711422283515828,1
atm_call,169,10.420210522279501,0.14697284253160664,-0.20665756600249593,1
otm_digital_k130,169,0.12052076808424045,0.0031642954680520898,1.2162738921774658,1
atm_call,170,10.629133317121019,0.14949242077404945,1.1943732264884355,1
otm_digital_k130,170,0.11880855512013916,0.0031449739522628264,0.67931786820961204,1
atm_call,171,10.368352566144761,0.1465302189491188,-0.56118803773400006,1
otm_digital_k130,171,0.11595486684663701,0.0031122955594996404,-0.23045731324807553,1
atm_call,172,10.222189932393373,0.14236328366237852,-1.604301572123215,1
otm_digital_k130,172,0.12223298104834175,0.0031834076183505171,1.7468271725472266,1
atm_call,173,10.69901504057459,0.14843184837697299,1.6737073014013621,1
otm_digital_k130,173,0.11671585038623764,0.0031210687677762383,0.014011952372192372,1
atm_call,174,10.58378449346413,0.14909148523544336,0.89341736094606616,1
otm_digital_k130,174,0.11329142445803504,0.0030812446138001148,-1.0971844449275152,1
atm_call,175,10.410136011348824,0.14648453988244003,-0.27612170451016604,1
otm_digital_k130,175,0.12109150573894091,0.0031706892598335171,1.3938255241889397,1
atm_call,176,10.286771573594233,0.14542706713278952,-1.1264202862713328,1
otm_digital_k130,176,0.11528900624948649,0.0031045833624146462,-0.44550643624882097,1
atm_call,177,10.303548690310171,0.14485838826513339,-1.0150249746411819,1
otm_digital_k130,177,0.11338654740048508,0.003082362925738789,-1.0659259788626749,1
atm_call,178,10.39156783570631,0.14623605290174699,-0.40356488915146121,1
otm_digital_k130,178,0.1215671204511912,0.003175999751647088,1.5412477061244758,1
atm_call,179,10.397851406481484,0.14675004413806556,-0.35933321869705681,1
otm_digital_k130,179,0.11690609627113772,0.0031232553218568022,0.07491483331097154,1
atm_call,180,10.424625280742545,0.14767857757797045,-0.17577560583762106,1
otm_digital_k130,180,0.11291093268823474,0.0030767643601561246,-1.222448322590302,1
atm_call,181,10.43883767544804,0.14766749950596686,-0.079542870142767896,1
otm_digital_k130,181,0.12061589102669053,0.003165362711600255,1.2459150077570507,1
atm_call,182,10.563696062871228,0.14788606751353028,0.76486238756283897,1
otm_digital_k130,182,0.12451593166714342,0.0032085712663355555,2.4446437048563561,0
atm_call,183,10.745182118338294,0.14953449300365049,1.970104289888162,0
otm_digital_k130,183,0.11557437507683674,0.0031078926801593244,-0.35321137357297799,1
atm_call,184,10.378383861664386,0.14752994985858031,-0.4893901922313017,1
otm_digital_k130,184,0.11747683392583814,0.0031297988794685835,0.25711422283516261,1
atm_call,185,10.617216262972688,0.14795388944419657,1.1262474505611837,1
otm_digital_k130,185,0.11947441571728967,0.0031525129981101112,0.88890913365191349,1
atm_call,186,10.531141907949262,0.14736518813322458,0.54665784222311442,1
otm_digital_k130,186,0.12746474288309567,0.0032405470909093932,3.3304946544546974,0
atm_call,187,10.339009214583658,0.14868405865619014,-0.75041237514165071,1
otm_digital_k130,187,0.11253044091843444,0.0030722728602922762,-1.3480824748374627,1
atm_call,188,10.347674794660115,0.14439014649247203,-0.71271329813908491,1
otm_digital_k130,188,0.11367191622783532,0.0030857136702105675,-0.97228784395707302,1
atm_call,189,10.499831162192098,0.14821595762803055,0.33226914830683651,1
otm_digital_k130,189,0.1149085144796862,0.0031001613570789443,-0.56887478956538429,1
atm_call,190,10.488478440875804,0.15054191255902619,0.25172304540368684,1
otm_digital_k130,190,0.11167433443638378,0.0030621256100765073,-1.6321288932378484,1
atm_call,191,10.178368058709111,0.14576060387751813,-1.8675520424241692,1
otm_digital_k130,191,0.11452802270988598,0.0030957283582343166,-0.69259804521419621,1
atm_call,192,10.498609797264763,0.14999547338924402,0.32018449619864447,1
otm_digital_k130,192,0.11624023567398722,0.0031155905860550752,-0.13861976835436438,1
atm_call,193,10.481877444785841,0.1473081957506556,0.2124380957951636,1
otm_digital_k130,193,0.11538412919193662,0.0031056871515183805,-0.41471946932803389,1
atm_call,194,10.203917215938459,0.14549051714562256,-1.6954119147174482,1
otm_digital_k130,194,0.11709634215603784,0.0031254391880825502,0.13573261586474336,1
atm_call,195,10.536896841886184,0.14693457139220767,0.58742655920124276,1
otm_digital_k130,195,0.11557437507683674,0.0031078926801593252,-0.35321137357297788,1
atm_call,196,10.26805655435399,0.14619251435390823,-1.2485387411129165,1
otm_digital_k130,196,0.11481339153723616,0.0030990541398500824,-0.59977222023200105,1
atm_call,197,10.212122490321144,0.14799754620160607,-1.6112502401868753,1
otm_digital_k130,197,0.11138896560903358,0.0030587303873362689,-1.7272370693909156,1
atm_call,198,10.391550081554648,0.14779567020085249,-0.39942638746234366,1
otm_digital_k130,198,0.11804757158053858,0.0031363183976645575,0.43855670465396185,1
atm_call,199,10.591974943066292,0.15046310158623094,0.93970793762821525,1
otm_digital_k130,199,0.12223298104834171,0.0031834076183505171,1.7468271725472135,1
atm_call,200,10.48518843543169,0.15009547251055955,0.23055234556595161,1
otm_digital_k130,200,0.11500363742213632,0.0031012678872153819,-0.5379995401413139,1
atm_call,201,10.53067614895123,0.1476325431349399,0.54251301958859177,1
otm_digital_k130,201,0.11899880100503932,0.0031471312459244627,0.73930278209374212,1
atm_call,202,10.660857389619922,0.14983381187931796,1.4033802837755638,1
otm_digital_k130,202,0.11918904688993945,0.0031492859124431982,0.79920618216388362,1
atm_call,203,10.40390594300977,0.14627760693415831,-0.31910304081465424,1
otm_digital_k130,203,0.11557437507683674,0.0031078926801593257,-0.35321137357297783,1
atm_call,204,10.419602113175754,0.14675896904969507,-0.21110436527600063,1
otm_digital_k130,204,0.12166224339364132,0.0031770599303290853,1.5706739513129719,1
atm_call,205,10.709598456148775,0.14800771413063829,1.750009352449067,1
otm_digital_k130,205,0.11566949801928679,0.003108994421150505,-0.32249015733370173,1
atm_call,206,10.46279969836503,0.14519427474690724,0.084136417918503167,1
otm_digital_k130,206,0.11538412919193655,0.0031056871515183796,-0.41471946932805637,1
atm_call,207,10.497558755736247,0.14843136232447471,0.31647748033200185,1
otm_digital_k130,207,0.11091335089678322,0.0030530573642679796,-1.8862296168846311,1
atm_call,208,10.590575025928398,0.14808557629940414,0.94534158721716932,1
otm_digital_k130,208,0.11376703917028537,0.0030868291904473516,-0.94112073256856688,1
atm_call,209,10.241229169133707,0.14475509976718856,-1.44626616532717,1
otm_digital_k130,209,0.1156694980192868,0.003108994421150505,-0.32249015733369729,1
atm_call,210,10.564796381181408,0.14874232588905523,0.76785681757489033,1
otm_digital_k130,210,0.11823781746543872,0.0031384862542131243,0.49887086299125954,1
atm_call,211,10.418459940166329,0.14691675347822147,-0.21865193219085952,1
otm_digital_k130,211,0.11452802270988591,0.0030957283582343162,-0.69259804521421875,1
atm_call,212,10.400438845435271,0.14591285922022421,-0.34366214888981311,1
otm_digital_k130,212,0.11890367806258925,0.0031460529278241295,0.70932053416514651,1
atm_call,213,10.318770663902187,0.146344238854419,-0.90070445762124385,1
otm_digital_k130,213,0.10872552322043157,0.0030267282429351037,-2.6254735348078735,0
atm_call,214,10.584194059133477,0.14922773567015862,0.89534620590403291,1
otm_digital_k130,214,0.11909392394748937,0.0031482089072394064,0.76926465159511248,1
atm_call,215,10.259777215058779,0.14553535356343175,-1.3110653353627091,1
otm_digital_k130,215,0.11966466160218979,0.0031546611203002619,0.94861012601941241,1
atm_call,216,10.415276462033557,0.14856436609995094,-0.23765530778921679,1
otm_digital_k130,216,0.11433777682498578,0.0030935077214816345,-0.75459365370822773,1
atm_call,217,10.480099274668955,0.14658492115770691,0.20135565275264269,1
otm_digital_k130,217,0.12404031695489307,0.0032033585591949823,2.3001480163467893,0
atm_call,218,10.71455496181143,0.14783129937603448,1.7856258501416729,1
otm_digital_k130,218,0.111959703263734,0.0030655144156660191,-1.5372346094661535,1
atm_call,219,10.482806116348591,0.14756956319725084,0.21835494708329606,1
otm_digital_k130,219,0.11424265388253572,0.0030923963661742882,-0.78562511046508177,1
atm_call,220,10.72629675639781,0.14976968937944857,1.8409144423991357,1
otm_digital_k130,220,0.11585974390418692,0.0031111958600981066,-0.26111317051594413,1
atm_call,221,10.25741306933892,0.14731586296833404,-1.3112674966181539,1
otm_digital_k130,221,0.12194761222099151,0.0031802366385362858,1.6588369675869024,1
atm_call,222,10.458807149341659,0.14638405626541076,0.056178093201615507,1
otm_digital_k130,222,0.11481339153723617,0.0030990541398500824,-0.59977222023199661,1
atm_call,223,10.269989126572048,0.14456723792796294,-1.2492072768485201,1
otm_digital_k130,223,0.11595486684663701,0.0031122955594996404,-0.23045731324807553,1
atm_call,224,10.472649908527849,0.14617340605363086,0.15095999291555459,1
otm_digital_k130,224,0.11072310501188311,0.0030507831249301965,-1.9499954155430914,1
atm_call,225,10.334338605414217,0.14466443598687759,-0.80354902694866714,1
otm_digital_k130,225,0.11785732569563843,0.003134147886707061,0.37815942934667107,1
atm_call,226,10.350502132853482,0.14701397642816155,-0.68076139264877078,1
otm_digital_k130,226,0.11129384266658353,0.0030575972166956944,-1.7589875551175185,1
atm_call,227,10.309400898421108,0.1485245336304763,-0.95056803285913405,1
otm_digital_k130,227,0.11576462096173687,0.003110095480889002,-0.29179077078268523,1
atm_call,228,10.294630147055345,0.1434321017331085,-1.0872979148028914,1
otm_digital_k130,228,0.11738171098338807,0.0031287099600037006,0.22680046189836306,1
atm_call,229,10.467725532511649,0.14667002761618236,0.11687432398224332,1
otm_digital_k130,229,0.11785732569563848,0.0031341478867070601,0.37815942934668451,1
atm_call,230,10.540288944510133,0.14713208106488582,0.60969281257580921,1
otm_digital_k130,230,0.11528900624948651,0.0031045833624146475,-0.44550643624881187,1
atm_call,231,10.55374757543102,0.14928641221521627,0.69104750870926279,1
otm_digital_k130,231,0.12185248927854145,0.0031791783731360147,1.6294685453959583,1
atm_call,232,10.625283373752792,0.14791018210170193,1.1811208605444021,1
otm_digital_k130,232,0.1195695386597397,0.0031535873855851148,0.91876970134724623,1
atm_call,233,10.652363942657175,0.14860152899305923,1.3578620074699834,1
otm_digital_k130,233,0.11424265388253574,0.0030923963661742878,-0.78562511046507744,1
atm_call,234,10.285013009426624,0.14548575584817369,-1.1380534251869496,1
otm_digital_k130,234,0.11081822795433317,0.0030519206046951504,-1.918100410598583,1
atm_call,235,10.274592888855365,0.14608659992112749,-1.2047010706334713,1
otm_digital_k130,235,0.11357679328538522,0.0030845974531849472,-1.0034777246969355,1
atm_call,236,10.520674511937266,0.14805687717021657,0.47340549855805508,1
otm_digital_k130,236,0.11757195686828824,0.0031308871311759882,0.28740695888230045,1
atm_call,237,10.361124812533014,0.14490773515530272,-0.61734978851653988,1
otm_digital_k130,237,0.11804757158053858,0.0031363183976645566,0.43855670465396196,1
atm_call,238,10.469468011529644,0.14862227486851518,0.12706331780212857,1
otm_digital_k130,238,0.11747683392583814,0.0031297988794685831,0.25711422283516266,1
atm_call,239,10.674769476230882,0.14814748833954047,1.5132615919313988,1
otm_digital_k130,239,0.11719146509848795,0.003126530115010252,0.16610969991345448,1
atm_call,240,10.502525448270452,0.14603311321603835,0.35568560404557026,1
otm_digital_k130,240,0.11509876036458638,0.0031023737309945976,-0.50714642759124562,1
atm_call,241,10.521348664777898,0.1483625463836781,0.47697410375623533,1
otm_digital_k130,241,0.11899880100503933,0.003147131245924464,0.73930278209374622,1
atm_call,242,10.728166272321435,0.14975264555152401,1.8536079887842705,1
otm_digital_k130,242,0.11842806335033886,0.0031406514618494341,0.55910222842480428,1
atm_call,243,10.404856417590745,0.14882964307720151,-0.30724493890700205,1
otm_digital_k130,243,0.11633535861643729,0.0031166875734152926,-0.10805045258575709,1
atm_call,244,10.628212022722543,0.14821434899613958,1.1984565039760049,1
otm_digital_k130,244,0.1122450720910842,0.0030688968253630693,-1.4425529042362881,1
atm_call,245,10.568903309837173,0.14815617218667138,0.7986149743565486,1
otm_digital_k130,245,0.11547925213438667,0.0031067902571906979,-0.38395446302357999,1
atm_call,246,10.635202562765341,0.14797303243113194,1.2476529509910157,1
otm_digital_k130,246,0.11899880100503928,0.0031471312459244631,0.73930278209372879,1
atm_call,247,10.359275837630989,0.14809093103329188,-0.61656533534815194,1
otm_digital_k130,247,0.11595486684663704,0.0031122955594996412,-0.23045731324806656,1
atm_call,248,10.57014116651116,0.14836952208596346,0.80580966120750419,1
otm_digital_k130,248,0.11100847383923332,0.0030541934044528442,-1.8543829843331534,1
atm_call,249,10.509434707096364,0.14912543613065171,0.3946418293070621,1
otm_digital_k130,249,0.10967675264493229,0.0030382230831245962,-2.302452875575776,0
atm_call,250,10.700185239878786,0.14920647522189009,1.6728608280709316,1
otm_digital_k130,250,0.12337445635774257,0.0031960345942248954,2.0970793778453465,0
atm_call,251,10.834227748234095,0.14963651463598568,2.5638406306229444,0
otm_digital_k130,251,0.11338654740048508,0.003082362925738789,-1.0659259788626749,1
atm_call,252,10.334195552517045,0.14670489839243869,-0.79334787688660025,1
otm_digital_k130,252,0.11557437507683674,0.0031078926801593244,-0.35321137357297799,1
atm_call,253,10.175464536699527,0.14480912744575652,-1.8998735807525591,1
otm_digital_k130,253,0.11652560450133746,0.003118879520187729,-0.046976363475218809,1
atm_call,254,10.577374757679641,0.14758798912950227,0.85908877979790232,1
otm_digital_k130,254,0.11462314565233604,0.0030968376411667476,-0.66163380338054001,1
atm_call,255,10.401771489258525,0.14631677998176912,-0.33360550261635763,1
otm_digital_k130,255,0.11671585038623761,0.0031210687677762378,0.014011952372183481,1
atm_call,256,10.250115319858901,0.14590426168101292,-1.3739711919102697,1
otm_digital_k130,256,0.11909392394748936,0.003148208907239406,0.76926465159510815,1
atm_call,257,10.364504489572896,0.14646512657622188,-0.5877104306318125,1
otm_digital_k130,257,0.11842806335033884,0.0031406514618494349,0.55910222842479973,1
atm_call,258,10.29697710178092,0.14485779859165793,-1.0603948969128998,1
otm_digital_k130,258,0.11690609627113777,0.0031232553218568022,0.074914833310984863,1
atm_call,259,10.255233257643408,0.14721094328385811,-1.3270094612834624,1
otm_digital_k130,259,0.11757195686828824,0.0031308871311759882,0.28740695888230045,1
atm_call,260,10.357734671854919,0.14586069117464512,-0.6365587574205277,1
otm_digital_k130,260,0.11956953865973975,0.0031535873855851161,0.91876970134726343,1
atm_call,261,10.609492992643045,0.14660708064940484,1.0839136810691226,1
otm_digital_k130,261,0.11690609627113772,0.0031232553218568031,0.074914833310971513,1
atm_call,262,10.38783995357905,0.14884409908332505,-0.42153917416219294,1
otm_digital_k130,262,0.1196646616021898,0.0031546611203002624,0.94861012601941674,1
atm_call,263,10.689552077716483,0.14813231189727966,1.6132098559066708,1
otm_digital_k130,263,0.1190939239474894,0.0031482089072394064,0.76926465159512125,1
atm_call,264,10.972969073480311,0.15087024731429716,3.4624819047755122,0
otm_digital_k130,264,0.11681097332868765,0.0031221623811511588,0.044474051129663232,1
atm_call,265,10.810002335411072,0.15139436700929523,2.3740563821866258,0
otm_digital_k130,265,0.11538412919193659,0.0031056871515183796,-0.41471946932804293,1
atm_call,266,10.875656761968193,0.15100269333798022,2.8150040266581646,0
otm_digital_k130,266,0.11643048155888738,0.0031177838845551469,-0.077502665153557124,1
atm_call,267,10.593337137318533,0.14765512052776705,0.96680402699707046,1
otm_digital_k130,267,0.11643048155888737,0.0031177838845551473,-0.077502665153561565,1
atm_call,268,10.445599875322554,0.14804183745879795,-0.033664111095512803,1
otm_digital_k130,268,0.11424265388253571,0.0030923963661742878,-0.78562511046508643,1
atm_call,269,10.488474693777002,0.14904055420105733,0.25423363321862152,1
otm_digital_k130,269,0.11509876036458634,0.0031023737309945976,-0.50714642759125894,1
atm_call,270,10.61748691470514,0.14903635187490646,1.1198834406499654,1
otm_digital_k130,270,0.12204273516344157,0.0031812942674492688,1.6881861885836977,1
atm_call,271,10.46442443406891,0.14723179312823798,0.094007290064749255,1
otm_digital_k130,271,0.11538412919193658,0.0031056871515183801,-0.41471946932804737,1
atm_call,272,10.598184957360759,0.14864420616659682,0.99298444911993999,1
otm_digital_k130,272,0.11138896560903364,0.0030587303873362685,-1.7272370693908976,1
atm_call,273,10.507535803922837,0.14740013139592342,0.3863784326237123,1
otm_digital_k130,273,0.11614511273153717,0.0031144929217599591,-0.1692106551580283,1
atm_call,274,10.379195031507795,0.14539888442694121,-0.49098410183213193,1
otm_digital_k130,274,0.12071101396914058,0.0031664293096464067,1.275536402320121,1
atm_call,275,10.171405078485325,0.14519512652108885,-1.9227814348140415,1
otm_digital_k130,275,0.1130060556306848,0.0030778854759797316,-1.1910977576127835,1
atm_call,276,10.363839021449259,0.14593626462861664,-0.59440024011195558,1
otm_digital_k130,276,0.1196646616021898,0.0031546611203002624,0.94861012601941674,1
atm_call,277,10.236312000253987,0.14709988932393295,-1.4566399262185024,1
otm_digital_k130,277,0.1136719162278353,0.0030857136702105671,-0.97228784395707768,1
atm_call,278,10.51932477833887,0.14777999782346732,0.46515906865444162,1
otm_digital_k130,278,0.12052076808424043,0.0031642954680520907,1.216273892177461,1
atm_call,279,10.698388439877222,0.14806281964154902,1.6736468229606332,1
otm_digital_k130,279,0.11595486684663701,0.0031122955594996417,-0.23045731324807545,1
atm_call,280,10.479075499302738,0.14793117531763664,0.1926025873586798,1
otm_digital_k130,280,0.1157646209617369,0.003110095480889002,-0.29179077078267629,1
atm_call,281,10.353115557740555,0.14755726204441855,-0.6605436634874341,1
otm_digital_k130,281,0.1163353586164373,0.0031166875734152926,-0.10805045258575263,1
atm_call,282,10.481860979576583,0.1474717659874103,0.21209081739553048,1
otm_digital_k130,282,0.11148408855148365,0.0030598628425842038,-1.6955104966234458,1
atm_call,283,10.419918886902193,0.14791210752544398,-0.20731693839249776,1
otm_digital_k130,283,0.11110359678168336,0.0030553287260521966,-1.8225604630193006,1
atm_call,284,10.55705240711891,0.14791195194703835,0.71981225000317617,1
otm_digital_k130,284,0.11947441571728964,0.0031525129981101112,0.88890913365190471,1
atm_call,285,10.524402952731959,0.14727489956898743,0.50123531411291156,1
otm_digital_k130,285,0.11671585038623758,0.0031210687677762383,0.014011952372174586,1
atm_call,286,10.512048734562736,0.14632741783431444,0.4200522587419821,1
otm_digital_k130,286,0.12080613691159066,0.0031674952628426298,1.3051381136297002,1
atm_call,287,10.354927373361459,0.14559442362960046,-0.65700455030781646,1
otm_digital_k130,287,0.12270859576059211,0.0031886799013481374,1.8930961488880511,1
atm_call,288,10.295859998025691,0.14691749479251837,-1.0531324018175334,1
otm_digital_k130,288,0.11937929277483958,0.003151437957207633,0.8590283839587578,1
atm_call,289,10.581940010476131,0.14901970684192892,0.88147025030666526,1
otm_digital_k130,289,0.11652560450133746,0.003118879520187729,-0.046976363475218809,1
atm_call,290,10.438772577345853,0.14636653546643483,-0.080694639673328308,1
otm_digital_k130,290,0.11157921149393374,0.0030609945832335058,-1.6638077875980906,1
atm_call,291,10.640085812817098,0.14979613411557957,1.2650676317543126,1
otm_digital_k130,291,0.12156712045119121,0.0031759997516470884,1.5412477061244798,1
atm_call,292,10.426611852641116,0.14615664619461549,-0.16401388625539873,1
otm_digital_k130,292,0.1131011785731349,0.0030790058896843983,-1.1597702875925142,1
atm_call,293,10.436050139371329,0.14655280663145467,-0.099168573760378673,1
otm_digital_k130,293,0.1216622433936413,0.0031770599303290853,1.5706739513129677,1
atm_call,294,10.728699996283181,0.14964155819908889,1.8585507090725011,1
otm_digital_k130,294,0.11833294040788885,0.0031395691888026242,0.52899687463458511,1
atm_call,295,10.350249857857818,0.14584185973318584,-0.68796238961358691,1
otm_digital_k130,295,0.1222329810483417,0.0031834076183505171,1.7468271725472091,1
atm_call,296,10.331491309218334,0.14577991361639683,-0.81693190792109993,1
otm_digital_k130,296,0.11747683392583814,0.0031297988794685835,0.25711422283516261,1
atm_call,297,10.461117137212197,0.14506969970701669,0.072610373137327183,1
otm_digital_k130,297,0.11804757158053859,0.0031363183976645566,0.4385567046539664,1
atm_call,298,10.56339341176254,0.14995261146732605,0.75230326749974852,1
otm_digital_k130,298,0.11871343217768908,0.0031438943185636385,0.64929474452197367,1
atm_call,299,10.47638190927055,0.14719456441426942,0.17526691415310811,1
otm_digital_k130,299,0.11310117857313487,0.0030790058896843992,-1.1597702875925231,1
atm_call,300,10.515599156192451,0.1489122411225689,0.43660335454481841,1
otm_digital_k130,300,0.12147199750874116,0.0031749389339271179,1.5118021131483357,1
atm_call,301,10.330152425840266,0.14659995798161557,-0.8214950945646724,1
otm_digital_k130,301,0.11709634215603787,0.0031254391880825507,0.13573261586475222,1
atm_call,302,10.555380826283226,0.14770155064774287,0.70952033772217737,1
otm_digital_k130,302,0.12622814463124471,0.0032272092550050262,2.9610805364143049,0
atm_call,303,10.48483262295213,0.14601129697288487,0.23456438971937632,1
otm_digital_k130,303,0.11909392394748937,0.0031482089072394064,0.76926465159511248,1
atm_call,304,10.511484065971473,0.14756822508611855,0.41269381501594909,1
otm_digital_k130,304,0.11690609627113774,0.0031232553218568026,0.074914833310975967,1
atm_call,305,10.358482151933517,0.14518733474374435,-0.63436263510582802,1
otm_digital_k130,305,0.11918904688993943,0.0031492859124431982,0.79920618216387918,1
atm_call,306,10.613201176720107,0.14806561008088098,1.098280717890715,1
otm_digital_k130,306,0.11671585038623755,0.0031210687677762378,0.014011952372165695,1
atm_call,307,10.252421548181879,0.14466740951673007,-1.3697765423853492,1
otm_digital_k130,307,0.11690609627113772,0.0031232553218568022,0.07491483331097154,1
atm_call,308,10.484238976589785,0.14775472527445827,0.22777887029818028,1
otm_digital_k130,308,0.11424265388253572,0.0030923963661742878,-0.78562511046508188,1
atm_call,309,10.349552262304764,0.14660284630659723,-0.68914971588952156,1
otm_digital_k130,309,0.11785732569563846,0.003134147886707061,0.37815942934667995,1
atm_call,310,10.399441809988144,0.14680256149785245,-0.34837104799533752,1
otm_digital_k130,310,0.11928416983238951,0.0031503622622087468,0.82912741318992444,1
atm_call,311,10.229527857785357,0.14610049630238608,-1.5130387643767618,1
otm_digital_k130,311,0.10882064616288166,0.0030278810355688058,-2.5930582688684169,0
atm_call,312,10.554835568181105,0.14691058342682023,0.70962890190606731,1
otm_digital_k130,312,0.11747683392583813,0.0031297988794685822,0.25711422283515828,1
atm_call,313,10.555943151808147,0.14678590334123079,0.71777723353767375,1
otm_digital_k130,313,0.11100847383923329,0.0030541934044528442,-1.8543829843331625,1
atm_call,314,10.387789577007986,0.14631170697304899,-0.42917956790109268,1
otm_digital_k130,314,0.111959703263734,0.0030655144156660191,-1.5372346094661535,1
atm_call,315,10.685974852671663,0.14885287281836582,1.5813687437080444,1
otm_digital_k130,315,0.11880855512013914,0.0031449739522628264,0.6793178682096076,1
atm_call,316,10.566854362011705,0.14640769442775603,0.79415764506508157,1
otm_digital_k130,316,0.11015236735718265,0.0030439430770569406,-2.1418767030407948,0
atm_call,317,10.374655384742638,0.1455866695700265,-0.52153255285773936,1
otm_digital_k130,317,0.11899880100503933,0.0031471312459244636,0.73930278209374634,1
atm_call,318,10.513511368662849,0.14807815414293293,0.42496340423420764,1
otm_digital_k130,318,0.11776220275318838,0.003133061634101248,0.3479295210826161,1
atm_call,319,10.198469334073383,0.1436594827873014,-1.7549432395315039,1
otm_digital_k130,319,0.122613472818142,0.0031876267101458599,1.8638803219706102,1
atm_call,320,10.417197722771862,0.14764462226865471,-0.22612303042734397,1
otm_digital_k130,320,0.11319630151558492,0.0030801256020363244,-1.1284658656226141,1
atm_call,321,10.305650702708123,0.14467420873708134,-1.0017878842580463,1
otm_digital_k130,321,0.1157646209617369,0.003110095480889002,-0.29179077078267629,1
atm_call,322,10.548705837548125,0.14921534015514162,0.65758832342944973,1
otm_digital_k130,322,0.12014027631444013,0.0031600200257529197,1.0975114609599905,1
atm_call,323,10.448538732570082,0.14772954781250955,-0.013841778071801994,1
otm_digital_k130,323,0.11614511273153715,0.0031144929217599582,-0.16921065515803727,1
atm_call,324,10.49554866656811,0.14647386726035005,0.30698373179863325,1
otm_digital_k130,324,0.11662072744378751,0.0031199744810246881,-0.016471505083857304,1
atm_call,325,10.654718957292131,0.14980914295954828,1.3626363589951338,1
otm_digital_k130,325,0.11795244863808851,0.0031352334743313241,0.40836847694360717,1
atm_call,326,10.46464365313315,0.14704573503874938,0.095617060528102857,1
otm_digital_k130,326,0.11205482620618407,0.0030666425951738239,-1.5056504857774053,1
atm_call,327,10.413909647722456,0.14891376811196036,-0.24627625053125876,1
otm_digital_k130,327,0.11909392394748934,0.0031482089072394064,0.76926465159510371,1
atm_call,328,10.686352389041742,0.1495215965209257,1.5768211572245732,1
otm_digital_k130,328,0.11956953865973972,0.0031535873855851157,0.91876970134725477,1
atm_call,329,10.487282480830459,0.14815411093184577,0.2477076634194135,1
otm_digital_k130,329,0.11738171098338807,0.0031287099600037006,0.22680046189836306,1
atm_call,330,10.570411218776488,0.14814599801958384,0.8088483536024893,1
otm_digital_k130,330,0.11880855512013914,0.003144973952262826,0.67931786820960771,1
atm_call,331,10.247378376728678,0.14424914083122739,-1.4087099187275174,1
otm_digital_k130,331,0.11557437507683675,0.0031078926801593257,-0.35321137357297339,1
atm_call,332,10.76090790455164,0.1501251044220121,2.0671048560522332,0
otm_digital_k130,332,0.11662072744378751,0.0031199744810246877,-0.016471505083857304,1
atm_call,333,10.45697547932893,0.14790253070732684,0.043217023487098036,1
otm_digital_k130,333,0.1202353992568902,0.0031610898578555294,1.1272318402218071,1
atm_call,334,10.583728742262265,0.15274405661302184,0.87168805797818094,1
otm_digital_k130,334,0.11776220275318837,0.0031330616341012484,0.3479295210826116,1
atm_call,335,10.413349035835846,0.14666268477109365,-0.25387873137477623,1
otm_digital_k130,335,0.11376703917028541,0.0030868291904473516,-0.94112073256855344,1
atm_call,336,10.696591512071929,0.15040054867027142,1.6356851225703384,1
otm_digital_k130,336,0.11871343217768907,0.0031438943185636385,0.64929474452196922,1
atm_call,337,10.645048600327609,0.14760570212314314,1.3174628442187284,1
otm_digital_k130,337,0.1189988010050393,0.003147131245924464,0.73930278209373734,1
atm_call,338,10.563233772970458,0.14783735808630541,0.76198737750131906,1
otm_digital_k130,338,0.11338654740048511,0.0030823629257387894,-1.0659259788626658,1
atm_call,339,10.328175080638266,0.14410841665427063,-0.84941944675552139,1
otm_digital_k130,339,0.11814269452298867,0.0031374026573959012,0.46872415314904442,1
atm_call,340,10.690520515585638,0.15017347519935426,1.5977318436666159,1
otm_digital_k130,340,0.1190939239474894,0.003148208907239406,0.76926465159512136,1
atm_call,341,10.191264145717653,0.14531191070413144,-1.784571032142682,1
otm_digital_k130,341,0.10891576910533171,0.0030290330907201415,-2.5606682996445782,0
atm_call,342,10.220891930408467,0.1442217190438162,-1.5926286505245499,1
otm_digital_k130,342,0.11414753094008567,0.0030912843185856532,-0.81667906250131395,1
atm_call,343,10.548607335470095,0.14739259579270836,0.66505215378935445,1
otm_digital_k130,343,0.11186458032128394,0.0030643855255045958,-1.5688423529012887,1
atm_call,344,10.450110417180948,0.14639892800413887,-0.0032319567571495863,1
otm_digital_k130,344,0.11842806335033887,0.0031406514618494354,0.5591022284248085,1
atm_call,345,10.527688586701036,0.15122605730396627,0.50986593111068945,1
otm_digital_k130,345,0.11452802270988595,0.0030957283582343166,-0.6925980452142052,1
atm_call,346,10.583050822213826,0.14848787903924313,0.892108169942049,1
otm_digital_k130,346,0.11700121921358779,0.0031243475905990974,0.10533434092442545,1
atm_call,347,10.422373525492674,0.146655946651022,-0.19235528689473813,1
otm_digital_k130,347,0.1136719162278353,0.0030857136702105675,-0.97228784395707757,1
atm_call,348,10.359477100271153,0.14698887367529495,-0.61981883142839467,1
otm_digital_k130,348,0.11852318629278895,0.0031417330740372241,0.58918696460009934,1
atm_call,349,10.526183440170101,0.14831511210253975,0.50972464580873855,1
otm_digital_k130,349,0.11566949801928683,0.003108994421150505,-0.32249015733368835,1
atm_call,350,10.345454598283219,0.14558209189563034,-0.72212847427484472,1
otm_digital_k130,350,0.11462314565233604,0.0030968376411667476,-0.66163380338054001,1
atm_call,351,10.577748119232725,0.14750888882107677,0.86208057062527621,1
otm_digital_k130,351,0.12109150573894086,0.0031706892598335162,1.3938255241889226,1
atm_call,352,10.595782092752454,0.14951330601750598,0.97114112739840819,1
otm_digital_k130,352,0.11338654740048509,0.0030823629257387898,-1.0659259788626703,1
atm_call,353,10.30281424734822,0.14404483438037682,-1.0258564666548098,1
otm_digital_k130,353,0.12194761222099154,0.0031802366385362867,1.6588369675869108,1
atm_call,354,10.410998140307743,0.1464123640156425,-0.27036946055715483,1
otm_digital_k130,354,0.1148133915372362,0.0030990541398500824,-0.59977222023198762,1
atm_call,355,10.211460786516879,0.14861769222426702,-1.6089792681468269,1
otm_digital_k130,355,0.11681097332868766,0.0031221623811511588,0.04447405112966768,1
atm_call,356,10.58763190817441,0.14817896544026346,0.92488387661276572,1
otm_digital_k130,356,0.11310117857313488,0.0030790058896843987,-1.1597702875925187,1
atm_call,357,10.361609609640036,0.14728171342341925,-0.60410732926309674,1
otm_digital_k130,357,0.11823781746543871,0.0031384862542131243,0.49887086299125516,1
atm_call,358,10.513611017922141,0.14598705268019524,0.43173312002305436,1
otm_digital_k130,358,0.12156712045119124,0.003175999751647088,1.5412477061244889,1
atm_call,359,10.330572125597566,0.14832240817369197,-0.80912552638334756,1
otm_digital_k130,359,0.11909392394748936,0.0031482089072394064,0.76926465159510804,1
atm_call,360,10.375003805952684,0.14605425231473856,-0.51747734170722193,1
otm_digital_k130,360,0.11443289976743587,0.0030946183852535399,-0.72358464699481528,1
atm_call,361,10.636857230538695,0.14843842705971813,1.2548883873459853,1
otm_digital_k130,361,0.11481339153723616,0.0030990541398500824,-0.59977222023200105,1
atm_call,362,10.352018208760825,0.1469720246839758,-0.67064030475639314,1
otm_digital_k130,362,0.11681097332868766,0.0031221623811511592,0.044474051129667673,1
atm_call,363,10.386757667835308,0.1472682879709433,-0.43339883439695726,1
otm_digital_k130,363,0.11585974390418693,0.0031111958600981066,-0.26111317051593969,1
atm_call,364,10.521335872095204,0.14832773810511657,0.47699978988092356,1
otm_digital_k130,364,0.1170012192135878,0.0031243475905990978,0.10533434092442988,1
atm_call,365,10.486316821103985,0.14689815895388061,0.24325184994083823,1
otm_digital_k130,365,0.12204273516344155,0.0031812942674492683,1.6881861885836937,1
atm_call,366,10.544545350733113,0.1468132650791589,0.64000877915834253,1
otm_digital_k130,366,0.11671585038623758,0.0031210687677762378,0.014011952372174587,1
atm_call,367,10.380127419634162,0.14622659262436208,-0.48182858731025469,1
otm_digital_k130,367,0.12280371870304214,0.0031897324611057879,1.9222930632882229,1
atm_call,368,10.584516465915179,0.14796135025601753,0.90518837181388645,1
otm_digital_k130,368,0.11338654740048509,0.003082362925738789,-1.0659259788626705,1
atm_call,369,10.416710414548552,0.14404003963515141,-0.23516487306444761,1
otm_digital_k130,369,0.12137687456629113,0.0031738774765284073,1.4823371354977408,1
atm_call,370,10.275738338708724,0.14499502100724379,-1.2058706034332833,1
otm_digital_k130,370,0.11823781746543871,0.0031384862542131234,0.49887086299125527,1
atm_call,371,10.134593611600264,0.14401085946017719,-2.194209254564345,0
otm_digital_k130,371,0.11576462096173688,0.0031100954808890016,-0.29179077078268079,1
atm_call,372,10.649211477884858,0.14850008839136178,1.3375608583870837,1
otm_digital_k130,372,0.11081822795433315,0.0030519206046951499,-1.9181004105985926,1
atm_call,373,10.1936653287919,0.14519079134704191,-1.7695216136645513,1
otm_digital_k130,373,0.11604998978908709,0.0031133945798139605,-0.19982315581191087,1
atm_call,374,10.773647873595234,0.14943655193530353,2.1618827336805095,0
otm_digital_k130,374,0.11119871972413345,0.0030564633298667942,-1.7907620031607931,1
atm_call,375,10.317223403246814,0.14567541108402959,-0.91546107847816993,1
otm_digital_k130,375,0.11471826859478609,0.0030979462347920906,-0.63069187663234272,1
atm_call,376,10.552009157566578,0.14733116703161378,0.68841907265463009,1
otm_digital_k130,376,0.11918904688993942,0.0031492859124431986,0.79920618216387473,1
atm_call,377,10.522177702812659,0.14443650807260364,0.49567890821010646,1
otm_digital_k130,377,0.11814269452298866,0.0031374026573959008,0.46872415314904009,1
atm_call,378,10.592833017496764,0.14826286336502412,0.95944083422289139,1
otm_digital_k130,378,0.11452802270988592,0.0030957283582343171,-0.69259804521421409,1
atm_call,379,10.198299806930335,0.1433433599480467,-1.7599961752442075,1
otm_digital_k130,379,0.114623145652336,0.0030968376411667476,-0.66163380338055344,1
atm_call,380,10.533841546744245,0.14660530392426013,0.56790561002968809,1
otm_digital_k130,380,0.11975978454463987,0.0031557342029218532,0.97843044654008615,1
atm_call,381,10.388245823757993,0.14604849163527214,-0.42682911497117026,1
otm_digital_k130,381,0.11300605563068485,0.003077885475979732,-1.1910977576127699,1
atm_call,382,10.318379942564478,0.14494936991702725,-0.91206763918152245,1
otm_digital_k130,382,0.11538412919193659,0.0031056871515183796,-0.41471946932804293,1
atm_call,383,10.525228730328992,0.14586041626280929,0.51175747372712233,1
otm_digital_k130,383,0.11747683392583814,0.0031297988794685831,0.25711422283516266,1
atm_call,384,10.278582960412784,0.1453187199780005,-1.1836094606311232,1
otm_digital_k130,384,0.11757195686828822,0.0031308871311759891,0.28740695888229595,1
atm_call,385,10.127566903670843,0.14460226118457151,-2.233828612834805,0
otm_digital_k130,385,0.1183329404078888,0.0031395691888026242,0.5289968746345719,1
atm_call,386,10.046585980107075,0.14387499177216814,-2.8079764738977153,0
otm_digital_k130,386,0.11462314565233601,0.0030968376411667476,-0.661633803380549,1
atm_call,387,10.386689292854973,0.14679857319637463,-0.43525136477386162,1
otm_digital_k130,387,0.11890367806258922,0.003146052927824129,0.70932053416513785,1
atm_call,388,10.307894035610378,0.14597121604653115,-0.97751831107365394,1
otm_digital_k130,388,0.11719146509848795,0.0031265301150102515,0.16610969991345451,1
atm_call,389,10.425283894359797,0.14751394594671691,-0.17150702371484042,1
otm_digital_k130,389,0.11757195686828822,0.0031308871311759882,0.28740695888229606,1
atm_call,390,10.39668640729494,0.14561885220509327,-0.37012491222428023,1
otm_digital_k130,390,0.11348167034293516,0.003083480538613782,-1.0346904209138821,1
atm_call,391,10.74233726766029,0.15005906029801314,1.9442591130140647,1
otm_digital_k130,391,0.11490851447968624,0.0031001613570789434,-0.56887478956537096,1
atm_call,392,10.403503759870965,0.14595553658236479,-0.32256270242970642,1
otm_digital_k130,392,0.11547925213438666,0.0031067902571906979,-0.38395446302358444,1
atm_call,393,10.411184347311844,0.14734204675127241,-0.26739973919472165,1
otm_digital_k130,393,0.11433777682498576,0.0030935077214816345,-0.75459365370823217,1
atm_call,394,10.373120928938246,0.14537023047161757,-0.53286455552829914,1
otm_digital_k130,394,0.11909392394748937,0.0031482089072394056,0.7692646515951127,1
atm_call,395,10.500363598860195,0.14886701089613683,0.33439259897127882,1
otm_digital_k130,395,0.11719146509848792,0.0031265301150102511,0.16610969991344565,1
atm_call,396,10.638010670544503,0.14798688669134971,1.2665115305105492,1
otm_digital_k130,396,0.11538412919193658,0.0031056871515183796,-0.41471946932804743,1
atm_call,397,10.45830349866274,0.14450771209366794,0.053422245535144415,1
otm_digital_k130,397,0.11956953865973972,0.0031535873855851161,0.91876970134725466,1
atm_call,398,10.426287281258734,0.14511976214143357,-0.16742234529806746,1
otm_digital_k130,398,0.11509876036458641,0.0031023737309945972,-0.50714642759123674,1
atm_call,399,10.510828652876606,0.15034110545899892,0.40072261346705196,1
otm_digital_k130,399,0.11985490748708998,0.0031568066341148807,1.0082307016784269,1
atm_call,400,10.464983081905116,0.14837932660861153,0.097045255890314611,1
otm_digital_k130,400,0.12375494812754285,0.0032002234661138982,2.2132298207382606,0
atm_call,401,10.598163062296457,0.1482392318414896,0.99554947956497652,1
otm_digital_k130,401,0.11386216211273546,0.0030879440146504454,-0.90997634453416121,1
atm_call,402,10.595243694603639,0.14842369169472913,0.97464306921847932,1
otm_digital_k130,402,0.12118662868139092,0.0031717526401254885,1.4233488781455192,1
atm_call,403,10.263084168875258,0.14629538152608382,-1.2816495049562604,1
otm_digital_k130,403,0.11557437507683674,0.0031078926801593252,-0.35321137357297788,1
atm_call,404,10.387041183087787,0.14779434478763673,-0.42993789233997276,1
otm_digital_k130,404,0.11557437507683674,0.0031078926801593257,-0.35321137357297783,1
atm_call,405,10.731493467298383,0.15100035568401163,1.8603260491695426,1
otm_digital_k130,405,0.11995003042954,0.0031578784145430295,1.0380109301013487,1
atm_call,406,10.364951415705081,0.14537920015967951,-0.58902619072339391,1
otm_digital_k130,406,0.11852318629278893,0.0031417330740372246,0.58918696460009479,1
atm_call,407,10.379459251142993,0.14580472600459718,-0.48780532011228939,1
otm_digital_k130,407,0.11604998978908709,0.0031133945798139601,-0.1998231558119109,1
atm_call,408,10.262660268663952,0.14769558168613231,-1.2723691621388793,1
otm_digital_k130,408,0.11728658804093801,0.0031276203720838783,0.1964656347392271,1
atm_call,409,10.296028504857068,0.14502460775002599,-1.065716154839625,1
otm_digital_k130,409,0.12052076808424045,0.0031642954680520898,1.2162738921774658,1
atm_call,410,10.623172537559103,0.14949379081157249,1.1544891893944302,1
otm_digital_k130,410,0.11329142445803501,0.0030812446138001148,-1.0971844449275243,1
atm_call,411,10.409355873951956,0.14619751404344555,-0.2819999950296212,1
otm_digital_k130,411,0.12261347281814201,0.0031876267101458595,1.8638803219706148,1
atm_call,412,10.700302097465965,0.15036852495334163,1.6607100811682525,1
otm_digital_k130,412,0.11624023567398721,0.0031155905860550757,-0.13861976835436879,1
atm_call,413,10.42394186202154,0.1471789409842951,-0.18101577566625976,1
otm_digital_k130,413,0.11414753094008563,0.0030912843185856528,-0.81667906250132749,1
atm_call,414,10.431769832038963,0.14608355505319037,-0.12878752943640415,1
otm_digital_k130,414,0.12014027631444016,0.0031600200257529201,1.0975114609599992,1
atm_call,415,10.620628127970051,0.14738586394470485,1.1537372121948963,1
otm_digital_k130,415,0.11652560450133745,0.003118879520187729,-0.046976363475223257,1
atm_call,416,10.767942725711489,0.1510487078388551,2.101038519737024,0
otm_digital_k130,416,0.11909392394748938,0.0031482089072394064,0.76926465159511692,1
atm_call,417,10.324563130500264,0.14573945355676016,-0.86469681757250327,1
otm_digital_k130,417,0.11871343217768909,0.0031438943185636385,0.64929474452197811,1
atm_call,418,10.356373610454789,0.14536539297632706,-0.64809071679188535,1
otm_digital_k130,418,0.11738171098338809,0.0031287099600037006,0.22680046189837194,1
atm_call,419,10.213876456662708,0.14273845302979951,-1.6583275949713747,1
otm_digital_k130,419,0.11357679328538522,0.0030845974531849472,-1.0034777246969355,1
atm_call,420,10.401002456640709,0.14567797781223005,-0.34034736265180821,1
otm_digital_k130,420,0.11785732569563848,0.0031341478867070605,0.37815942934668445,1
atm_call,421,10.436978538116579,0.14771730106188111,-0.092101832156223667,1
otm_digital_k130,421,0.11662072744378753,0.0031199744810246877,-0.016471505083852856,1
atm_call,422,10.715328060905694,0.14793030245131128,1.7896569150007646,1
otm_digital_k130,422,0.11300605563068479,0.003077885475979732,-1.1910977576127879,1
atm_call,423,10.541601723153232,0.1485639619368809,0.61265295958081123,1
otm_digital_k130,423,0.12004515337199007,0.0031589495448686813,1.0677711703740005,1
atm_call,424,10.479434495826363,0.14758035580724241,0.1954929806409659,1
otm_digital_k130,424,0.1195695386597397,0.0031535873855851157,0.918769701347246,1
atm_call,425,10.475419238119475,0.14807095897000641,0.16772813593349631,1
otm_digital_k130,425,0.11338654740048507,0.003082362925738789,-1.0659259788626796,1
atm_call,426,10.66771374733762,0.1476128641423399,1.4709434466544584,1
otm_digital_k130,426,0.1112938426665835,0.0030575972166956948,-1.7589875551175274,1
atm_call,427,10.410641155844662,0.14770926932582332,-0.27041238862797523,1
otm_digital_k130,427,0.11452802270988596,0.0030957283582343162,-0.69259804521420087,1
atm_call,428,10.511734081430031,0.14656909340722762,0.41721285042393108,1
otm_digital_k130,428,0.11157921149393374,0.0030609945832335054,-1.6638077875980908,1
atm_call,429,10.782335975646419,0.15063838014571429,2.2023099500934626,0
otm_digital_k130,429,0.11253044091843445,0.0030722728602922754,-1.3480824748374587,1
atm_call,430,10.460275040315389,0.14799889543678996,0.065483381489007245,1
otm_digital_k130,430,0.11871343217768911,0.003143894318563639,0.64929474452198244,1
atm_call,431,10.570095829673939,0.14754481693176816,0.8100064778531425,1
otm_digital_k130,431,0.11918904688993943,0.0031492859124431982,0.79920618216387918,1
atm_call,432,10.143742285977698,0.14501425606030821,-2.1159387672908792,0
otm_digital_k130,432,0.11186458032128395,0.0030643855255045962,-1.568842352901284,1
atm_call,433,10.617872990323006,0.14812222921052631,1.1294011643565458,1
otm_digital_k130,433,0.11899880100503928,0.0031471312459244631,0.73930278209372879,1
atm_call,434,10.370986019771397,0.14547172357741298,-0.54716855246301721,1
otm_digital_k130,434,0.11300605563068478,0.0030778854759797316,-1.1910977576127926,1
atm_call,435,10.293896672726337,0.14578894513299656,-1.0747515822703511,1
otm_digital_k130,435,0.11519388330703646,0.0031034788891502866,-0.47631540766867797,1
atm_call,436,10.520888557885719,0.14913506495531181,0.47141821221746588,1
otm_digital_k130,436,0.11776220275318837,0.003133061634101248,0.34792952108261166,1
atm_call,437,10.551611848387804,0.14876431196431025,0.67911634765259354,1
otm_digital_k130,437,0.11528900624948653,0.0031045833624146471,-0.44550643624880742,1
atm_call,438,10.738983525480533,0.15401812391547162,1.8725065983355473,1
otm_digital_k130,438,0.11414753094008566,0.0030912843185856532,-0.81667906250131839,1
atm_call,439,10.335760261324449,0.14664999089762404,-0.78297523346768894,1
otm_digital_k130,439,0.11709634215603784,0.0031254391880825507,0.13573261586474333,1
atm_call,440,10.579168273508229,0.15018421747455218,0.85617985354863335,1
otm_digital_k130,440,0.12004515337199007,0.0031589495448686813,1.0677711703740005,1
atm_call,441,10.386279812122549,0.14631906635117242,-0.439476287448894,1
otm_digital_k130,441,0.11633535861643733,0.0031166875734152922,-0.10805045258574374,1
atm_call,442,10.355771771996338,0.14591520792452492,-0.64977325898925031,1
otm_digital_k130,442,0.11024749029963275,0.0030450848949580634,-2.1098353711970792,0
atm_call,443,10.438819169810976,0.14673993162354354,-0.080171785855503719,1
otm_digital_k130,443,0.12118662868139093,0.0031717526401254881,1.4233488781455239,1
atm_call,444,10.661368428748494,0.1522753397438727,1.3842350108526038,1
otm_digital_k130,444,0.11861830923523906,0.003142814026048307,0.61925112329122722,1
atm_call,445,10.916667318863093,0.15154227144624857,3.0756022212776473,0
otm_digital_k130,445,0.11519388330703645,0.0031034788891502866,-0.47631540766868247,1
atm_call,446,10.352494921523801,0.14548432685430265,-0.67422142840157184,1
otm_digital_k130,446,0.11871343217768908,0.0031438943185636385,0.64929474452197367,1
atm_call,447,10.407188711954568,0.14706680800131525,-0.29506902897215609,1
otm_digital_k130,447,0.11319630151558496,0.003080125602036324,-1.1284658656226008,1
atm_call,448,10.500629837974595,0.14610615701772148,0.34253358524085975,1
otm_digital_k130,448,0.11918904688993942,0.0031492859124431982,0.79920618216387485,1
atm_call,449,10.42112335232863,0.1483162297884599,-0.19863112687626255,1
otm_digital_k130,449,0.10777429379593086,0.003015159568704239,-2.9510293304994768,0
atm_call,450,10.142448026459249,0.14394514091512864,-2.140645691597058,0
otm_digital_k130,450,0.11909392394748936,0.0031482089072394056,0.76926465159510826,1
atm_call,451,10.497464128236123,0.14744471111235932,0.31795345995725455,1
otm_digital_k130,451,0.11652560450133743,0.003118879520187729,-0.046976363475227705,1
atm_call,452,10.550642978125397,0.14793844194699254,0.67635838679238625,1
otm_digital_k130,452,0.11452802270988592,0.0030957283582343158,-0.69259804521421442,1
atm_call,453,10.397571870468456,0.14605112086043259,-0.36296675715178606,1
otm_digital_k130,453,0.11814269452298863,0.0031374026573959008,0.46872415314903121,1
atm_call,454,10.13717550988645,0.14690512248692983,-2.133404587896409,0
otm_digital_k130,454,0.11386216211273545,0.0030879440146504458,-0.90997634453416554,1
atm_call,455,10.459542317712737,0.14614009754991464,0.061302446606938676,1
otm_digital_k130,455,0.11928416983238949,0.0031503622622087468,0.82912741318991556,1
atm_call,456,10.618408756271482,0.14722597655369138,1.1399155774981558,1
otm_digital_k130,456,0.1154792521343866,0.0031067902571906979,-0.38395446302360231,1
atm_call,457,10.2664357269399,0.14691484967523993,-1.2534324859108215,1
otm_digital_k130,457,0.11833294040788879,0.0031395691888026237,0.52899687463456757,1
atm_call,458,10.260953871737966,0.14636954740111768,-1.2955543268021092,1
otm_digital_k130,458,0.11329142445803501,0.0030812446138001152,-1.0971844449275241,1
atm_call,459,10.473607767758153,0.14761200224906679,0.15597780141044387,1
otm_digital_k130,459,0.11585974390418696,0.0031111958600981066,-0.26111317051593075,1
atm_call,460,10.684961193253574,0.14966773785003057,1.5659862601977323,1
otm_digital_k130,460,0.11585974390418693,0.0031111958600981066,-0.26111317051593969,1
atm_call,461,10.827009220487811,0.15051806486758351,2.5008669134393737,0
otm_digital_k130,461,0.11243531797598438,0.0030711482223248882,-1.3795492228380746,1
atm_call,462,10.59177291652974,0.1492174976950767,0.94619831135827859,1
otm_digital_k130,462,0.11823781746543872,0.0031384862542131234,0.49887086299125971,1
atm_call,463,10.402307789374131,0.14590936170282823,-0.33086144883384672,1
otm_digital_k130,463,0.12080613691159064,0.0031674952628426298,1.3051381136296958,1
atm_call,464,10.455962497823119,0.14493415867612866,0.037112891030667935,1
otm_digital_k130,464,0.11167433443638383,0.0030621256100765082,-1.6321288932378297,1
atm_call,465,10.434288480321653,0.14627338509724658,-0.11140161864076571,1
otm_digital_k130,465,0.11776220275318836,0.0031330616341012476,0.34792952108260727,1
atm_call,466,10.563027300979485,0.14862803700634369,0.7565445326384489,1
otm_digital_k130,466,0.11243531797598441,0.0030711482223248882,-1.3795492228380655,1
atm_call,467,10.460387845813129,0.1478913297728171,0.066293768827686575,1
otm_digital_k130,467,0.11414753094008566,0.0030912843185856537,-0.81667906250131828,1
atm_call,468,10.623931623591989,0.14864615586326929,1.1661791749656241,1
otm_digital_k130,468,0.11176945737883386,0.0030632559239038718,-1.600473764605119,1
atm_call,469,10.583608219415714,0.14867147320341581,0.89475569430966784,1
otm_digital_k130,469,0.11842806335033884,0.0031406514618494345,0.55910222842479984,1
atm_call,470,10.369363122575233,0.14678637987507934,-0.55332415500292786,1
otm_digital_k130,470,0.11785732569563842,0.003134147886707061,0.37815942934666669,1
atm_call,471,10.757859769478664,0.14996174270991935,2.0490305843370824,0
otm_digital_k130,471,0.11614511273153717,0.0031144929217599591,-0.1692106551580283,1
atm_call,472,10.362724843552526,0.14566044503779746,-0.60317492926941363,1
otm_digital_k130,472,0.11338654740048509,0.0030823629257387894,-1.0659259788626703,1
atm_call,473,10.300670733475886,0.1449528414555086,-1.034218006382978,1
otm_digital_k130,473,0.1110084738392333,0.0030541934044528442,-1.8543829843331581,1
atm_call,474,10.362527682776529,0.14836998026520393,-0.59348858341577082,1
otm_digital_k130,474,0.12014027631444016,0.0031600200257529193,1.0975114609599994,1
atm_call,475,10.576480747243526,0.14785803877740941,0.85147331926609227,1
otm_digital_k130,475,0.11291093268823468,0.0030767643601561246,-1.2224483225903202,1
atm_call,476,10.343797029585646,0.14814421222872207,-0.72082831312393647,1
otm_digital_k130,476,0.12090125985404072,0.0031685605718397365,1.3347201793500743,1
atm_call,477,10.460359584278082,0.14516243858196268,0.067345328364761994,1
otm_digital_k130,477,0.11766707981073829,0.0031319747158219859,0.31767871126122582,1
atm_call,478,10.542029740319542,0.15070431682455371,0.60679196230623533,1
otm_digital_k130,478,0.12061589102669051,0.003165362711600255,1.2459150077570462,1
atm_call,479,10.406259140148258,0.14717469809245531,-0.30116883276667555,1
otm_digital_k130,479,0.12014027631444012,0.0031600200257529201,1.0975114609599859,1
atm_call,480,10.68688080101119,0.14898085776392078,1.5860912091141461,1
otm_digital_k130,480,0.11757195686828825,0.0031308871311759891,0.28740695888230483,1
atm_call,481,10.417362217155388,0.14799476649848625,-0.22447655289555507,1
otm_digital_k130,481,0.11557437507683674,0.0031078926801593257,-0.35321137357297783,1
atm_call,482,10.265547936265973,0.14555980351363232,-1.2712000940716308,1
otm_digital_k130,482,0.11956953865973975,0.0031535873855851161,0.91876970134726343,1
atm_call,483,10.622210055304524,0.14937311618658333,1.1489783938402529,1
otm_digital_k130,483,0.11414753094008566,0.0030912843185856532,-0.81667906250131839,1
atm_call,484,10.510029448476535,0.1479844486042354,0.40170353609226123,1
otm_digital_k130,484,0.11490851447968622,0.0031001613570789434,-0.56887478956537552,1
atm_call,485,10.74403272994193,0.14965057911431026,1.9608955708232099,0
otm_digital_k130,485,0.11652560450133742,0.0031188795201877286,-0.046976363475232166,1
atm_call,486,10.519522098844524,0.14901828916571852,0.46261789103154399,1
otm_digital_k130,486,0.11842806335033887,0.0031406514618494345,0.55910222842480872,1
atm_call,487,10.542782815757704,0.15047940139716057,0.61270341798351413,1
otm_digital_k130,487,0.11462314565233603,0.0030968376411667476,-0.66163380338054456,1
atm_call,488,10.272804320149824,0.1453149700198893,-1.2234063153396648,1
otm_digital_k130,488,0.11899880100503926,0.0031471312459244631,0.73930278209372435,1
atm_call,489,10.184344234242046,0.1437941250257557,-1.851531402244823,1
otm_digital_k130,489,0.11053285912698294,0.003048506001598731,-2.0138582601151724,0
atm_call,490,10.49661784551747,0.14764162227744868,0.31179739576019883,1
otm_digital_k130,490,0.115954866846637,0.0031122955594996408,-0.23045731324807997,1
atm_call,491,10.563732748833585,0.14825815188202141,0.76319025437518551,1
otm_digital_k130,491,0.11833294040788879,0.0031395691888026246,0.52899687463456735,1
atm_call,492,10.529356413122214,0.14808698905703974,0.53193627231033613,1
otm_digital_k130,492,0.11823781746543874,0.0031384862542131243,0.49887086299126399,1
atm_call,493,10.398388554397256,0.14419601746263991,-0.36197267238547653,1
otm_digital_k130,493,0.12175736633609138,0.0031781194706126318,1.6000808855048816,1
atm_call,494,10.398773941814026,0.14830436082789983,-0.34934664147635497,1
otm_digital_k130,494,0.11795244863808849,0.0031352334743313241,0.40836847694359829,1
atm_call,495,10.573601957724508,0.14768539897306474,0.83297595019121495,1
otm_digital_k130,495,0.11224507209108422,0.0030688968253630702,-1.4425529042362786,1
atm_call,496,10.555689848544615,0.14784947040772753,0.7109005941597959,1
otm_digital_k130,496,0.11766707981073829,0.0031319747158219855,0.31767871126122588,1
atm_call,497,10.648958757228291,0.15109255585451106,1.3129381783293059,1
otm_digital_k130,497,0.11395728505518553,0.0030890581435734344,-0.87885463398470054,1
atm_call,498,10.4201275838748,0.14624466596156427,-0.20825366935950232,1
otm_digital_k130,498,0.1203305221993403,0.0031621590418350054,1.1569323464211683,1
atm_call,499,10.341258701078672,0.14652734937295975,-0.74610556714986243,1
otm_digital_k130,499,0.11643048155888734,0.0031177838845551469,-0.077502665153570474,1
atm_call,500,10.591364256857705,0.14787957128851709,0.95199548825772506,1
otm_digital_k130,500,0.11538412919193661,0.0031056871515183801,-0.41471946932803844,1
atm_call,501,10.488581116811218,0.14806656397231807,0.25662474772340788,1
otm_digital_k130,501,0.11880855512013916,0.0031449739522628264,0.67931786820961204,1
atm_call,502,10.121790133566417,0.14471430928777348,-2.2720174683300098,0
otm_digital_k130,502,0.1204256451417904,0.0031632275783485524,1.1866130177193286,1
atm_call,503,10.451652379581667,0.14597988371698836,0.0073216073948130823,1
otm_digital_k130,503,0.11643048155888736,0.0031177838845551473,-0.077502665153566019,1
atm_call,504,10.330789366698109,0.14716003389769317,-0.81404034991404606,1
otm_digital_k130,504,0.12052076808424043,0.0031642954680520898,1.2162738921774614,1
atm_call,505,10.599912983056686,0.14725209474118214,1.0141072093650356,1
otm_digital_k130,505,0.11395728505518549,0.003089058143573434,-0.87885463398471408,1
atm_call,506,10.294031855571387,0.14229284447195983,-1.1002079352276488,1
otm_digital_k130,506,0.11585974390418695,0.0031111958600981066,-0.26111317051593519,1
atm_call,507,10.551510095272072,0.14702395638204457,0.68646311506038882,1
otm_digital_k130,507,0.11490851447968627,0.0031001613570789443,-0.56887478956536186,1
atm_call,508,10.288803200323899,0.14558413099336015,-1.1112500432415233,1
otm_digital_k130,508,0.11776220275318834,0.0031330616341012476,0.34792952108260283,1
atm_call,509,10.474470422340669,0.14732445542192193,0.16213771221287981,1
otm_digital_k130,509,0.11662072744378754,0.0031199744810246881,-0.016471505083848405,1
atm_call,510,10.578553094480338,0.14744444410970131,0.86791688264344213,1
otm_digital_k130,510,0.11785732569563845,0.003134147886707061,0.37815942934667551,1
atm_call,511,10.441817301128456,0.14718611690503669,-0.059559089141202955,1
otm_digital_k130,511,0.11842806335033887,0.0031406514618494345,0.55910222842480872,1
atm_call,512,10.555978433434115,0.1477322780464228,0.71341796554064907,1
otm_digital_k130,512,0.11757195686828824,0.0031308871311759882,0.28740695888230045,1
atm_call,513,10.265857620016281,0.14618347116581978,-1.2636582692699256,1
otm_digital_k130,513,0.11852318629278892,0.003141733074037225,0.58918696460009035,1
atm_call,514,10.345908533189611,0.14669738615548208,-0.71354399515336908,1
otm_digital_k130,514,0.11833294040788882,0.0031395691888026246,0.52899687463457623,1
atm_call,515,10.419834217451493,0.14677950722796265,-0.20949351387520793,1
otm_digital_k130,515,0.11633535861643728,0.0031166875734152926,-0.10805045258576154,1
atm_call,516,10.776053291114868,0.14894600667452024,2.1851523662567249,0
otm_digital_k130,516,0.11947441571728963,0.0031525129981101107,0.88890913365190038,1
atm_call,517,10.15214260850134,0.14527037626993117,-2.054382809125991,0
otm_digital_k130,517,0.11671585038623758,0.0031210687677762374,0.014011952372174589,1
atm_call,518,10.363134892089704,0.14681822982116507,-0.59562549012043764,1
otm_digital_k130,518,0.11861830923523904,0.003142814026048307,0.61925112329122278,1
atm_call,519,10.402105923310621,0.14687901356816274,-0.33005156895632187,1
otm_digital_k130,519,0.1192841698323895,0.0031503622622087468,0.82912741318992,1
atm_call,520,10.374465244310269,0.14600091549945035,-0.52135514092422441,1
otm_digital_k130,520,0.11614511273153715,0.0031144929217599591,-0.16921065515803721,1
atm_call,521,10.548047060181981,0.14672000049605274,0.66428222237534906,1
otm_digital_k130,521,0.11576462096173686,0.0031100954808890011,-0.29179077078268978,1
atm_call,522,10.473926707077784,0.14540174448161089,0.16054233032386542,1
otm_digital_k130,522,0.12052076808424042,0.0031642954680520898,1.216273892177457,1
atm_call,523,10.45702901498724,0.14683243446355407,0.043896587462013685,1
otm_digital_k130,523,0.11975978454463987,0.0031557342029218532,0.97843044654008615,1
atm_call,524,10.573820052673236,0.14792642239821593,0.8330930910769585,1
otm_digital_k130,524,0.11224507209108424,0.0030688968253630689,-1.4425529042362748,1
atm_call,525,10.309931902635588,0.14468738798950029,-0.97210732396502364,1
otm_digital_k130,525,0.11928416983238953,0.0031503622622087463,0.82912741318992889,1
atm_call,526,10.198312421790311,0.14511855117911113,-1.7383797477682683,1
otm_digital_k130,526,0.11814269452298867,0.0031374026573958999,0.46872415314904464,1
atm_call,527,10.53289724122331,0.14949544934618419,0.55060986403102519,1
otm_digital_k130,527,0.12280371870304214,0.0031897324611057892,1.922293063288222,1
atm_call,528,10.529782936472051,0.14868394393051992,0.53266924587035736,1
otm_digital_k130,528,0.11538412919193661,0.0031056871515183805,-0.41471946932803838,1
atm_call,529,10.47715022227357,0.14735446083076437,0.18029077598493168,1
otm_digital_k130,529,0.115954866846637,0.0031122955594996404,-0.23045731324808,1
atm_call,530,10.404522164578838,0.14735098443373129,-0.31259653801246307,1
otm_digital_k130,530,0.11585974390418695,0.0031111958600981066,-0.26111317051593519,1
atm_call,531,10.726697818803244,0.14804580877637946,1.8650595305589417,1
otm_digital_k130,531,0.11214994914863416,0.0030677700648120451,-1.4740899334501201,1
atm_call,532,10.431080170874672,0.14840916257850967,-0.13141642316430882,1
otm_digital_k130,532,0.11538412919193658,0.0031056871515183801,-0.41471946932804737,1
atm_call,533,10.280749574525219,0.14500139429944864,-1.1712576867336895,1
otm_digital_k130,533,0.11652560450133743,0.0031188795201877286,-0.046976363475227711,1
atm_call,534,10.72556732630879,0.1512572912631463,1.8179867682863808,1
otm_digital_k130,534,0.11414753094008563,0.0030912843185856532,-0.81667906250132738,1
atm_call,535,10.416834583264558,0.14766635232627778,-0.22854894422002026,1
otm_digital_k130,535,0.11890367806258921,0.003146052927824129,0.70932053416513341,1
atm_call,536,10.432834013960564,0.14578728875948405,-0.12174969694559049,1
otm_digital_k130,536,0.11928416983238951,0.0031503622622087472,0.82912741318992433,1
atm_call,537,10.356669704926913,0.14545539327280518,-0.64565407404659969,1
otm_digital_k130,537,0.11633535861643729,0.0031166875734152922,-0.1080504525857571,1
atm_call,538,10.409424011336968,0.14652012932315081,-0.28091403576231216,1
otm_digital_k130,538,0.11918904688993945,0.0031492859124431973,0.79920618216388384,1
atm_call,539,10.558361377591869,0.14787175793496876,0.72885997239389522,1
otm_digital_k130,539,0.11310117857313487,0.0030790058896843987,-1.1597702875925231,1
atm_call,540,10.353216091290832,0.14531362844721105,-0.67005057911749344,1
otm_digital_k130,540,0.11243531797598437,0.0030711482223248882,-1.379549222838079,1
atm_call,541,10.200559735952913,0.14461309165446631,-1.7289156422299308,1
otm_digital_k130,541,0.11414753094008567,0.0030912843185856532,-0.81667906250131395,1
atm_call,542,10.326436223326075,0.14816369521815645,-0.83790667259398854,1
otm_digital_k130,542,0.12289884164549222,0.0031907843900437073,1.9514711008391616,1
atm_call,543,10.651486147738304,0.15101025828359327,1.3303902518692698,1
otm_digital_k130,543,0.11300605563068479,0.0030778854759797316,-1.1910977576127881,1
atm_call,544,10.315143196103683,0.1453620037058912,-0.93174538482491964,1
otm_digital_k130,544,0.117286588040938,0.0031276203720838783,0.19646563473922266,1
atm_call,545,10.601055201883003,0.14606908402836893,1.0301401607216822,1
otm_digital_k130,545,0.12052076808424046,0.0031642954680520898,1.2162738921774701,1
atm_call,546,10.269636288906211,0.14497274083983702,-1.2481469428742209,1
otm_digital_k130,546,0.11224507209108418,0.0030688968253630689,-1.4425529042362928,1
atm_call,547,10.605570770869207,0.14685052341726501,1.0554078737824557,1
otm_digital_k130,547,0.11709634215603788,0.0031254391880825511,0.13573261586475666,1
atm_call,548,10.540385383422874,0.14912115840455564,0.60220703888108051,1
otm_digital_k130,548,0.11348167034293517,0.0030834805386137816,-1.0346904209138779,1
atm_call,549,10.521950416008149,0.15084212341023268,0.47312277372619782,1
otm_digital_k130,549,0.11186458032128398,0.0030643855255045962,-1.5688423529012749,1
atm_call,550,10.559567472259941,0.14988689393293048,0.7271076023708728,1
otm_digital_k130,550,0.11918904688993942,0.0031492859124431982,0.79920618216387485,1
atm_call,551,10.124820994524056,0.14360125900798359,-2.2685217379840923,0
otm_digital_k130,551,0.1137670391702854,0.0030868291904473516,-0.94112073256855788,1
atm_call,552,10.297843493860789,0.14462561526386886,-1.0561066796230238,1
otm_digital_k130,552,0.11918904688993946,0.0031492859124431986,0.79920618216388795,1
atm_call,553,10.595864820348417,0.14896527298917628,0.97526923723640579,1
otm_digital_k130,553,0.11519388330703643,0.0031034788891502866,-0.47631540766868696,1
atm_call,554,10.666021507270459,0.14843537618071073,1.4513921184302223,1
otm_digital_k130,554,0.10996212147228256,0.0030416572628285459,-2.2060331152467834,0
atm_call,555,10.253410784568143,0.14188715173450497,-1.389645117313735,1
otm_digital_k130,555,0.11975978454463988,0.0031557342029218532,0.97843044654009059,1
atm_call,556,10.363021564983709,0.14726269089487162,-0.59459735979121897,1
otm_digital_k130,556,0.1136719162278353,0.0030857136702105671,-0.97228784395707768,1
atm_call,557,10.551382975874301,0.1487146897841575,0.67780394683974521,1
otm_digital_k130,557,0.11833294040788879,0.0031395691888026246,0.52899687463456735,1
atm_call,558,10.456236759352066,0.14806126498310923,0.038181405293009368,1
otm_digital_k130,558,0.11433777682498582,0.0030935077214816345,-0.7545936537082143,1
atm_call,559,10.599555196067158,0.1495922695352622,0.99585108471458372,1
otm_digital_k130,559,0.11205482620618412,0.0030666425951738239,-1.5056504857773874,1
atm_call,560,10.486557101999606,0.14704488528997453,0.2446431900240236,1
otm_digital_k130,560,0.11633535861643729,0.0031166875734152935,-0.10805045258575706,1
atm_call,561,10.632128302244945,0.14778940432918658,1.2284015277240143,1
otm_digital_k130,561,0.11310117857313487,0.0030790058896843992,-1.1597702875925231,1
atm_call,562,10.375583484208466,0.14704104057640974,-0.51006227705598106,1
otm_digital_k130,562,0.11728658804093803,0.0031276203720838783,0.19646563473923154,1
atm_call,563,10.345454019058991,0.14707899367888735,-0.71478292376738251,1
otm_digital_k130,563,0.12109150573894084,0.0031706892598335171,1.3938255241889179,1
atm_call,564,10.26658952418023,0.14417714570687182,-1.2761665318260718,1
otm_digital_k130,564,0.11595486684663703,0.0031122955594996408,-0.23045731324807106,1
atm_call,565,10.412466429893936,0.14711844340826652,-0.25909152794552259,1
otm_digital_k130,565,0.11738171098338809,0.0031287099600037001,0.22680046189837197,1
atm_call,566,10.595995686943269,0.14908266349587559,0.97537910410180706,1
otm_digital_k130,566,0.11043773618453288,0.0030473663564153331,-2.045826200599635,0
atm_call,567,10.452842873705553,0.14690810601021836,0.015379011964425994,1
otm_digital_k130,567,0.11738171098338807,0.0031287099600037001,0.22680046189836311,1
atm_call,568,11.009894064788014,0.15233283747455187,3.671634441233985,0
otm_digital_k130,568,0.11956953865973972,0.0031535873855851153,0.91876970134725489,1
atm_call,569,10.485705838814313,0.14637227029878064,0.23995164218652917,1
otm_digital_k130,569,0.11395728505518551,0.0030890581435734344,-0.87885463398470498,1
atm_call,570,10.370274637475264,0.14699920126606383,-0.5463222522204727,1
otm_digital_k130,570,0.11757195686828822,0.0031308871311759891,0.28740695888229595,1
atm_call,571,10.460613426016959,0.14622903559249106,0.06859002926997057,1
otm_digital_k130,571,0.11319630151558494,0.003080125602036324,-1.1284658656226096,1
atm_call,572,10.253254997755585,0.14332832188816436,-1.3767591208103049,1
otm_digital_k130,572,0.11509876036458637,0.0031023737309945976,-0.50714642759125006,1
atm_call,573,10.373029266927016,0.14532144580259765,-0.53367419261629612,1
otm_digital_k130,573,0.11528900624948647,0.0031045833624146471,-0.4455064362488253,1
atm_call,574,10.485749522408678,0.14556242664444255,0.24158672697196654,1
otm_digital_k130,574,0.11880855512013917,0.003144973952262826,0.67931786820961659,1
atm_call,575,10.341651490061729,0.14579867894624438,-0.74714039188232129,1
otm_digital_k130,575,0.11728658804093803,0.0031276203720838791,0.19646563473923148,1
atm_call,576,10.472571370981786,0.14561841964741101,0.15099599933494065,1
otm_digital_k130,576,0.11348167034293517,0.003083480538613782,-1.0346904209138776,1
atm_call,577,10.559834076319826,0.14687188727473394,0.74384898404631039,1
otm_digital_k130,577,0.11652560450133746,0.0031188795201877286,-0.046976363475218816,1
atm_call,578,10.34793590719935,0.14590853062716938,-0.70350694743468711,1
otm_digital_k130,578,0.11547925213438667,0.0031067902571906979,-0.38395446302357999,1
atm_call,579,10.477993670504159,0.14578096674613625,0.18802247598165658,1
otm_digital_k130,579,0.11557437507683672,0.0031078926801593257,-0.35321137357298232,1
atm_call,580,10.363731218222314,0.14527141523168097,-0.59786265470548761,1
otm_digital_k130,580,0.11690609627113774,0.0031232553218568031,0.074914833310975967,1
atm_call,581,10.430639559262429,0.14509662270568799,-0.13745332283560552,1
otm_digital_k130,581,0.115954866846637,0.0031122955594996417,-0.23045731324807991,1
atm_call,582,10.140862548587933,0.14433537936606231,-2.1458427237864228,0
otm_digital_k130,582,0.1192841698323895,0.0031503622622087468,0.82912741318992,1
atm_call,583,10.629269007479767,0.14830745671790338,1.204831093787113,1
otm_digital_k130,583,0.1223281039907918,0.0031844633416043032,1.7761190080552638,1
atm_call,584,10.260662949227294,0.14557988389212145,-1.3045801238514012,1
otm_digital_k130,584,0.11205482620618409,0.0030666425951738235,-1.5056504857773967,1
atm_call,585,10.479778977749596,0.14873943055684444,0.19628558113168412,1
otm_digital_k130,585,0.11728658804093803,0.0031276203720838783,0.19646563473923154,1
atm_call,586,10.477987578055929,0.14809330545830915,0.18504554129283932,1
otm_digital_k130,586,0.12052076808424043,0.0031642954680520903,1.2162738921774612,1
atm_call,587,10.614594570063113,0.14847770407801819,1.1046170123386525,1
otm_digital_k130,587,0.11776220275318836,0.0031330616341012471,0.34792952108260733,1
atm_call,588,10.511008882480157,0.14708017121055311,0.41083247182316879,1
otm_digital_k130,588,0.11043773618453287,0.0030473663564153336,-2.045826200599639,0
atm_call,589,10.54598681412573,0.14986830851184621,0.63658049448551735,1
otm_digital_k130,589,0.11338654740048508,0.003082362925738789,-1.0659259788626749,1
atm_call,590,10.364388736387106,0.14759632004220791,-0.58399041232054805,1
otm_digital_k130,590,0.11871343217768908,0.0031438943185636385,0.64929474452197367,1
atm_call,591,10.621672619113037,0.14764402285339637,1.1587942648878486,1
otm_digital_k130,591,0.12480130049449373,0.0032116914484919207,2.5311218420429653,0
atm_call,592,10.689857831703394,0.14792584935586692,1.6175283803320866,1
otm_digital_k130,592,0.11538412919193657,0.0031056871515183796,-0.41471946932805187,1
atm_call,593,10.458613114902116,0.14589036656248935,0.055038196871801184,1
otm_digital_k130,593,0.11291093268823474,0.0030767643601561242,-1.2224483225903022,1
atm_call,594,10.423342232363737,0.1466649503770481,-0.18573858138417562,1
otm_digital_k130,594,0.12052076808424043,0.0031642954680520898,1.2162738921774614,1
atm_call,595,10.61985084918094,0.14767362966818434,1.1462254796318432,1
otm_digital_k130,595,0.11728658804093801,0.0031276203720838783,0.1964656347392271,1
atm_call,596,10.536123760846635,0.14829564930274042,0.57682197059239149,1
otm_digital_k130,596,0.12118662868139093,0.003171752640125489,1.4233488781455235,1
atm_call,597,10.369127625589696,0.14469098279443801,-0.56296491338080401,1
otm_digital_k130,597,0.11566949801928679,0.003108994421150505,-0.32249015733370173,1
atm_call,598,10.437857862989633,0.14534803362048671,-0.087553363323409725,1
otm_digital_k130,598,0.11319630151558495,0.0030801256020363244,-1.128465865622605,1
atm_call,599,10.319602105218285,0.14503159666727378,-0.90312366392654431,1
otm_digital_k130,599,0.11490851447968621,0.003100161357078943,-0.56887478956538007,1
atm_call,600,10.363153500201156,0.14841854816564098,-0.58907780102268192,1
otm_digital_k130,600,0.11785732569563845,0.0031341478867070605,0.37815942934667557,1
atm_call,601,10.353261371469737,0.14536571543193005,-0.66949899724730233,1
otm_digital_k130,601,0.11842806335033887,0.0031406514618494354,0.5591022284248085,1
atm_call,602,10.590699147517567,0.14610289413457922,0.95901984804594165,1
otm_digital_k130,602,0.11757195686828822,0.0031308871311759891,0.28740695888229595,1
atm_call,603,10.571365402666014,0.14894914034879919,0.81089310215302435,1
otm_digital_k130,603,0.11985490748708993,0.0031568066341148802,1.0082307016784138,1
atm_call,604,10.331486706624661,0.1461904443280275,-0.81466929051570269,1
otm_digital_k130,604,0.11566949801928678,0.003108994421150505,-0.32249015733370623,1
atm_call,605,10.574655774330257,0.14932461231425542,0.83088916302420956,1
otm_digital_k130,605,0.1203305221993403,0.0031621590418350058,1.1569323464211683,1
atm_call,606,10.280070120490489,0.14420442245927881,-1.1824425963303029,1
otm_digital_k130,606,0.11490851447968622,0.003100161357078943,-0.56887478956537552,1
atm_call,607,10.398975512054665,0.14678676336821728,-0.35158524479094394,1
otm_digital_k130,607,0.11795244863808854,0.0031352334743313241,0.408368476943616,1
atm_call,608,10.784801373413345,0.14989687166814306,2.2296516098596073,0
otm_digital_k130,608,0.11119871972413342,0.0030564633298667942,-1.7907620031608023,1
atm_call,609,10.468501237550155,0.14871487415965484,0.12048334415674641,1
otm_digital_k130,609,0.11557437507683674,0.0031078926801593257,-0.35321137357297783,1
atm_call,610,10.43348457492117,0.14498500878723217,-0.11793631222572327,1
otm_digital_k130,610,0.11842806335033887,0.0031406514618494349,0.55910222842480861,1
atm_call,611,10.668894990767607,0.15096986049493197,1.4460596165774739,1
otm_digital_k130,611,0.11956953865973972,0.0031535873855851161,0.91876970134725466,1
atm_call,612,10.525157560932726,0.14886591546832917,0.50094736939995588,1
otm_digital_k130,612,0.1190939239474894,0.0031482089072394064,0.76926465159512125,1
atm_call,613,10.533962850972813,0.14611415900026761,0.57064475720734065,1
otm_digital_k130,613,0.11652560450133743,0.0031188795201877286,-0.046976363475227711,1
atm_call,614,10.15455952316597,0.14430342610535135,-2.0514000048998331,0
otm_digital_k130,614,0.11671585038623758,0.0031210687677762378,0.014011952372174587,1
atm_call,615,10.691791933585325,0.14868183849721647,1.622312205967847,1
otm_digital_k130,615,0.12175736633609135,0.0031781194706126318,1.6000808855048729,1
atm_call,616,10.455214844740341,0.14845411925245874,0.031196659130186485,1
otm_digital_k130,616,0.11405240799763559,0.0030901715779683447,-0.84775555517858037,1
atm_call,617,10.299621681637488,0.14487580737797442,-1.0420089680964455,1
otm_digital_k130,617,0.12080613691159066,0.0031674952628426307,1.3051381136296998,1
atm_call,618,10.449183978484934,0.14712478802476908,-0.0095129700399717246,1
otm_digital_k130,618,0.1163353586164373,0.0031166875734152939,-0.10805045258575259,1
atm_call,619,10.338798616946663,0.14759882520876488,-0.75735667327146894,1
otm_digital_k130,619,0.11681097332868763,0.0031221623811511588,0.044474051129658791,1
atm_call,620,10.563149189759121,0.14934508118957512,0.75372832286778058,1
otm_digital_k130,620,0.11719146509848795,0.0031265301150102511,0.16610969991345453,1
atm_call,621,10.194659759510264,0.14454623741924022,-1.7705325108740664,1
otm_digital_k130,621,0.11956953865973971,0.0031535873855851148,0.91876970134725067,1
atm_call,622,10.363977329856288,0.14745219484961222,-0.58735132710362592,1
otm_digital_k130,622,0.12071101396914058,0.0031664293096464067,1.275536402320121,1
atm_call,623,10.288646526606826,0.14232770868307229,-1.1377759613858291,1
otm_digital_k130,623,0.11861830923523903,0.0031428140260483075,0.61925112329121823,1
atm_call,624,10.7048573095924,0.14857455461862631,1.7114218384133206,1
otm_digital_k130,624,0.11643048155888736,0.0031177838845551473,-0.077502665153566019,1
atm_call,625,10.75871176576911,0.15086639804918889,2.0423911326039406,0
otm_digital_k130,625,0.1099621214722825,0.0030416572628285459,-2.2060331152468016,0
atm_call,626,10.372560918791965,0.14744295979176622,-0.52917177940389093,1
otm_digital_k130,626,0.117286588040938,0.0031276203720838787,0.19646563473922263,1
atm_call,627,10.564182805394246,0.1472408523174123,0.77151980188083824,1
otm_digital_k130,627,0.11604998978908711,0.0031133945798139601,-0.19982315581190643,1
atm_call,628,10.532151670562078,0.14905634717606575,0.54722995646860162,1
otm_digital_k130,628,0.11795244863808851,0.0031352334743313241,0.40836847694360717,1
atm_call,629,10.592867629194158,0.14819641706654335,0.9601045681470094,1
otm_digital_k130,629,0.11405240799763558,0.0030901715779683447,-0.84775555517858481,1
atm_call,630,10.310382015724677,0.14422519744255238,-0.97210167811847237,1
otm_digital_k130,630,0.11795244863808851,0.0031352334743313241,0.40836847694360717,1
atm_call,631,10.324779265347319,0.14567227866410543,-0.86361185526804507,1
otm_digital_k130,631,0.11310117857313487,0.0030790058896843983,-1.1597702875925233,1
atm_call,632,10.596900398567797,0.1490909890307269,0.98139282148092521,1
otm_digital_k130,632,0.11871343217768909,0.0031438943185636385,0.64929474452197811,1
atm_call,633,10.689903503471132,0.15031707599323482,1.5921007623668311,1
otm_digital_k130,633,0.11395728505518549,0.0030890581435734344,-0.87885463398471397,1
atm_call,634,10.52848660319918,0.1466137096040423,0.53134888424842142,1
otm_digital_k130,634,0.11604998978908709,0.0031133945798139605,-0.19982315581191087,1
atm_call,635,10.574072622326508,0.1481291926282618,0.83365775476046633,1
otm_digital_k130,635,0.1170012192135878,0.0031243475905990974,0.10533434092442989,1
atm_call,636,10.249784583582091,0.14509082786425959,-1.3839537037538845,1
otm_digital_k130,636,0.11833294040788883,0.0031395691888026242,0.52899687463458067,1
atm_call,637,10.479590417306481,0.14620802068176464,0.19839434926806465,1
otm_digital_k130,637,0.11043773618453284,0.0030473663564153331,-2.0458262005996484,0
atm_call,638,10.334343094382353,0.14751501035378231,-0.78799084597845415,1
otm_digital_k130,638,0.11376703917028536,0.0030868291904473516,-0.94112073256857143,1
atm_call,639,10.548235286255471,0.14666648520989758,0.66580796512692708,1
otm_digital_k130,639,0.11471826859478611,0.003097946234792091,-0.63069187663233806,1
atm_call,640,10.518978713507694,0.14795693515204364,0.46226384219070027,1
otm_digital_k130,640,0.11557437507683675,0.0031078926801593252,-0.35321137357297344,1
atm_call,641,10.476516107385702,0.14790325394499476,0.17533444673094301,1
otm_digital_k130,641,0.11576462096173688,0.003110095480889002,-0.29179077078268079,1
atm_call,642,10.25754540474224,0.14428420619245627,-1.3379022731415433,1
otm_digital_k130,642,0.11462314565233599,0.0030968376411667476,-0.66163380338055799,1
atm_call,643,10.474900385516353,0.14694150329240852,0.1654863519560765,1
otm_digital_k130,643,0.11823781746543875,0.0031384862542131239,0.49887086299126848,1
atm_call,644,10.454254380185873,0.14748867986484598,0.024888744028938908,1
otm_digital_k130,644,0.114623145652336,0.0030968376411667467,-0.66163380338055366,1
atm_call,645,10.242405126446958,0.14646324270706104,-1.4213699074993684,1
otm_digital_k130,645,0.11890367806258922,0.003146052927824129,0.70932053416513785,1
atm_call,646,10.698172486380995,0.14937131513590812,1.6575398962657046,1
otm_digital_k130,646,0.12014027631444014,0.0031600200257529201,1.0975114609599947,1
atm_call,647,10.671795725804069,0.1512873916347747,1.4621982124759616,1
otm_digital_k130,647,0.11119871972413344,0.0030564633298667938,-1.7907620031607978,1
atm_call,648,10.376853834295996,0.1468898296032437,-0.50193902524566558,1
otm_digital_k130,648,0.11624023567398722,0.0031155905860550752,-0.13861976835436438,1
atm_call,649,10.322735683766671,0.14763677404238595,-0.86596235421788825,1
otm_digital_k130,649,0.11833294040788878,0.0031395691888026251,0.52899687463456291,1
atm_call,650,10.273590856497297,0.14490898364259583,-1.2214060939436953,1
otm_digital_k130,650,0.11823781746543875,0.0031384862542131234,0.49887086299126854,1
atm_call,651,10.298245268806761,0.1458548875994351,-1.0444511382927359,1
otm_digital_k130,651,0.11214994914863417,0.0030677700648120442,-1.4740899334501159,1
atm_call,652,10.576836803461457,0.14827412540168206,0.85148525364004468,1
otm_digital_k130,652,0.11272068680333455,0.0030745200190792949,-1.2852189257046935,1
atm_call,653,10.496532314076845,0.14873245023839526,0.30893555385960159,1
otm_digital_k130,653,0.11138896560903359,0.0030587303873362685,-1.7272370693909114,1
atm_call,654,10.361441668272196,0.14550910161977695,-0.61262081148907832,1
otm_digital_k130,654,0.11804757158053858,0.0031363183976645575,0.43855670465396185,1
atm_call,655,10.37026716364781,0.14587088392587549,-0.55059931342126689,1
otm_digital_k130,655,0.11709634215603788,0.0031254391880825502,0.13573261586475668,1
atm_call,656,10.070200754756547,0.14499764537658255,-2.6233723757450496,0
otm_digital_k130,656,0.11443289976743591,0.0030946183852535404,-0.72358464699480174,1
atm_call,657,10.418472027895177,0.14637158188888344,-0.21938373471122546,1
otm_digital_k130,657,0.11234019503353428,0.0030700228776076462,-1.4110393500242078,1
atm_call,658,10.31317980896057,0.14687969364564302,-0.93548508860916202,1
otm_digital_k130,658,0.11243531797598437,0.0030711482223248873,-1.3795492228380795,1
atm_call,659,10.556816922015797,0.14780814214682167,0.71872461345682692,1
otm_digital_k130,659,0.11300605563068479,0.0030778854759797316,-1.1910977576127881,1
atm_call,660,10.474745111433705,0.14782812848810606,0.16344344946570086,1
otm_digital_k130,660,0.11338654740048507,0.003082362925738789,-1.0659259788626796,1
atm_call,661,10.680597038122201,0.15041633265607715,1.5291787924558042,1
otm_digital_k130,661,0.11509876036458633,0.0031023737309945972,-0.50714642759126349,1
atm_call,662,10.617407308133778,0.14899761780733864,1.1196402895779116,1
otm_digital_k130,662,0.11690609627113774,0.0031232553218568039,0.07491483331097594,1
atm_call,663,10.296728237507608,0.14516044900115777,-1.0598984484865792,1
otm_digital_k130,663,0.12156712045119122,0.0031759997516470875,1.5412477061244847,1
atm_call,664,10.573594438723537,0.14783425995941446,0.83208632810660843,1
otm_digital_k130,664,0.1131011785731349,0.0030790058896843983,-1.1597702875925142,1
atm_call,665,10.600820157801413,0.14812706455545688,1.0142412938968104,1
otm_digital_k130,665,0.11557437507683675,0.0031078926801593252,-0.35321137357297344,1
atm_call,666,10.15362493382424,0.1432637653519008,-2.0728105088672413,0
otm_digital_k130,666,0.12251834987569193,0.003186572886872862,1.8346455467760874,1
atm_call,667,10.312407075860568,0.14693987245428936,-0.94036080212310669,1
otm_digital_k130,667,0.12213785810589167,0.0031823512605095553,1.7175162447979693,1
atm_call,668,10.587877984136528,0.14791720783804019,0.92818417787675978,1
otm_digital_k130,668,0.11490851447968624,0.0031001613570789434,-0.56887478956537096,1
atm_call,669,10.59489979815404,0.14712589822677374,0.9809029389648789,1
otm_digital_k130,669,0.11852318629278893,0.0031417330740372241,0.5891869646000949,1
atm_call,670,10.729064350327594,0.15014935941617699,1.8546917497673985,1
otm_digital_k130,670,0.11947441571728966,0.0031525129981101116,0.88890913365190893,1
atm_call,671,10.555138533802085,0.14830221597767507,0.70501280730878346,1
otm_digital_k130,671,0.11624023567398727,0.0031155905860550752,-0.138619768354351,1
atm_call,672,10.43536867568881,0.14709945034981753,-0.10343272160812061,1
otm_digital_k130,672,0.11338654740048505,0.003082362925738789,-1.065925978862684,1
atm_call,673,10.361259505594548,0.14553516580554182,-0.61376277064440654,1
otm_digital_k130,673,0.11604998978908708,0.0031133945798139601,-0.19982315581191534,1
atm_call,674,10.32879599605211,0.14806340781547667,-0.82253662758605439,1
otm_digital_k130,674,0.11072310501188311,0.0030507831249301969,-1.9499954155430912,1
atm_call,675,10.591480426220151,0.14982500503555965,0.94040947304597333,1
otm_digital_k130,675,0.12118662868139095,0.0031717526401254885,1.4233488781455281,1
atm_call,676,10.509481492242307,0.14606762639468404,0.40322364038154601,1
otm_digital_k130,676,0.11424265388253572,0.0030923963661742874,-0.78562511046508199,1
atm_call,677,10.102878854789957,0.14503030995966826,-2.3974624165961425,0
otm_digital_k130,677,0.11319630151558492,0.003080125602036324,-1.1284658656226143,1
atm_call,678,10.316706926002782,0.14424231706099036,-0.92813710227742041,1
otm_digital_k130,678,0.11871343217768908,0.0031438943185636385,0.64929474452197367,1
atm_call,679,10.328676198928344,0.14556090963576615,-0.83750076557128428,1
otm_digital_k130,679,0.11424265388253574,0.0030923963661742887,-0.78562511046507721,1
atm_call,680,10.4330315273055,0.1484734516240824,-0.11821672284207334,1
otm_digital_k130,680,0.11471826859478611,0.003097946234792091,-0.63069187663233806,1
atm_call,681,10.805353271286252,0.14988745729985944,2.3669071815059377,0
otm_digital_k130,681,0.11671585038623757,0.0031210687677762378,0.014011952372170141,1
atm_call,682,10.003055383816452,0.14157452610504032,-3.1610784841127249,0
otm_digital_k130,682,0.1177622027531884,0.0031330616341012484,0.34792952108262049,1
atm_call,683,10.444529129479186,0.14652430294366789,-0.041320399310770632,1
otm_digital_k130,683,0.11880855512013914,0.003144973952262826,0.67931786820960771,1
atm_call,684,10.490481204883711,0.15079591943070855,0.26458032053376307,1
otm_digital_k130,684,0.11833294040788882,0.0031395691888026242,0.52899687463457634,1
atm_call,685,10.436681288523461,0.14748851609674915,-0.094260109397057368,1
otm_digital_k130,685,0.11728658804093803,0.0031276203720838787,0.19646563473923151,1
atm_call,686,10.384830859850487,0.14843718904723133,-0.4429665689380694,1
otm_digital_k130,686,0.11376703917028536,0.0030868291904473516,-0.94112073256857143,1
atm_call,687,10.344461590164268,0.14630349625680492,-0.7253550648920053,1
otm_digital_k130,687,0.12023539925689024,0.0031610898578555294,1.1272318402218202,1
atm_call,688,10.538638295843198,0.14674613477651999,0.60004799303058953,1
otm_digital_k130,688,0.11643048155888738,0.0031177838845551473,-0.07750266515355711,1
atm_call,689,10.267703598891648,0.14563045831938792,-1.255781073577485,1
otm_digital_k130,689,0.1236598251850928,0.0031991771866300015,2.1842200847713609,0
atm_call,690,10.458377744467947,0.14905047510376029,0.052292166643353677,1
otm_digital_k130,690,0.11272068680333458,0.0030745200190792944,-1.2852189257046847,1
atm_call,691,10.580720990362437,0.14616350386460789,0.89035508000296337,1
otm_digital_k130,691,0.11652560450133745,0.0031188795201877286,-0.046976363475223264,1
atm_call,692,10.403158126124119,0.1477171643638448,-0.32105575723493701,1
otm_digital_k130,692,0.11747683392583816,0.0031297988794685835,0.25711422283516705,1
atm_call,693,10.383818437476933,0.14640092282288492,-0.45604312746983089,1
otm_digital_k130,693,0.11633535861643729,0.003116687573415293,-0.10805045258575707,1
atm_call,694,10.596035870336072,0.14924219268556885,0.97460574341043182,1
otm_digital_k130,694,0.11833294040788879,0.0031395691888026246,0.52899687463456735,1
atm_call,695,10.227057398238969,0.1456573314902723,-1.5346029730162221,1
otm_digital_k130,695,0.11272068680333457,0.0030745200190792949,-1.2852189257046891,1
atm_call,696,10.529879943093301,0.14741775719027961,0.53790243739360544,1
otm_digital_k130,696,0.10891576910533174,0.0030290330907201402,-2.5606682996445702,0
atm_call,697,10.707294448138553,0.14950811413742404,1.7170364125992552,1
otm_digital_k130,697,0.11557437507683671,0.0031078926801593252,-0.35321137357298682,1
atm_call,698,10.380096296121655,0.14689186057990294,-0.47985828340402276,1
otm_digital_k130,698,0.11167433443638382,0.0030621256100765077,-1.6321288932378344,1
atm_call,699,10.310323440871002,0.14570057052122304,-0.96266013793074068,1
otm_digital_k130,699,0.12375494812754287,0.0032002234661138991,2.2132298207382641,0
atm_call,700,10.583456391409863,0.14739488686084215,0.90147509221103173,1
otm_digital_k130,700,0.11528900624948649,0.0031045833624146475,-0.4455064362488208,1
atm_call,701,10.361348241736497,0.14904912448289606,-0.59869744796316127,1
otm_digital_k130,701,0.11709634215603787,0.0031254391880825502,0.13573261586475224,1
atm_call,702,10.449976954819697,0.14750301201898011,-0.0041125761267561201,1
otm_digital_k130,702,0.11519388330703645,0.003103478889150287,-0.47631540766868241,1
atm_call,703,10.693783900689679,0.15193170862756622,1.60072134185163,1
otm_digital_k130,703,0.11985490748708992,0.0031568066341148807,1.0082307016784091,1
atm_call,704,10.558577968469629,0.14764665597112878,0.73143814584731637,1
otm_digital_k130,704,0.1202353992568902,0.0031610898578555294,1.1272318402218071,1
atm_call,705,10.185996663836262,0.14449528300940073,-1.8311110427879842,1
otm_digital_k130,705,0.11433777682498579,0.0030935077214816341,-0.75459365370822329,1
atm_call,706,10.374470309096443,0.14830076079555915,-0.51323582347654728,1
otm_digital_k130,706,0.11386216211273543,0.0030879440146504458,-0.90997634453417009,1
atm_call,707,10.325019249548749,0.14468544796188901,-0.86784347980783727,1
otm_digital_k130,707,0.12223298104834175,0.0031834076183505167,1.7468271725472269,1
atm_call,708,10.550572490127266,0.14841225729139026,0.67372412337478715,1
otm_digital_k130,708,0.11614511273153715,0.0031144929217599595,-0.16921065515803718,1
atm_call,709,10.40131449590905,0.14536333593630141,-0.33893743535226994,1
otm_digital_k130,709,0.11719146509848793,0.0031265301150102515,0.16610969991345007,1
atm_call,710,10.65561419060651,0.14939454777650343,1.3724103153194627,1
otm_digital_k130,710,0.11214994914863417,0.0030677700648120447,-1.4740899334501156,1
atm_call,711,10.282065630987043,0.14450745298764281,-1.1661539783205337,1
otm_digital_k130,711,0.11985490748708996,0.0031568066341148807,1.0082307016784224,1
atm_call,712,10.350693558066904,0.14701616614783855,-0.67944918396387288,1
otm_digital_k130,712,0.11690609627113772,0.0031232553218568022,0.07491483331097154,1
atm_call,713,10.306808679457466,0.14806674317351026,-0.97101408220752894,1
otm_digital_k130,713,0.11519388330703643,0.003103478889150287,-0.47631540766868685,1
atm_call,714,10.366665329270404,0.14468948116190225,-0.57998855370311908,1
otm_digital_k130,714,0.11272068680333459,0.0030745200190792953,-1.2852189257046798,1
atm_call,715,10.412974069998096,0.14810741392874713,-0.25393396042650229,1
otm_digital_k130,715,0.11709634215603787,0.0031254391880825507,0.13573261586475222,1
atm_call,716,10.451839673332779,0.14646297988283977,0.0085762364539746123,1
otm_digital_k130,716,0.11833294040788878,0.0031395691888026242,0.52899687463456302,1
atm_call,717,10.559405535423632,0.14867059947572284,0.73196693644766064,1
otm_digital_k130,717,0.11861830923523901,0.003142814026048307,0.6192511232912139,1
atm_call,718,10.423030480532731,0.14586257716886603,-0.18889760614143908,1
otm_digital_k130,718,0.11443289976743586,0.0030946183852535395,-0.72358464699481984,1
atm_call,719,10.412402831049487,0.14562751367320712,-0.26218082128176767,1
otm_digital_k130,719,0.11624023567398724,0.0031155905860550757,-0.13861976835435988,1
atm_call,720,10.649432535105907,0.14894272341502862,1.3350700078597626,1
otm_digital_k130,720,0.12014027631444016,0.0031600200257529193,1.0975114609599994,1
atm_call,721,10.593121427001146,0.14837049567090138,0.96068867446366446,1
otm_digital_k130,721,0.11481339153723616,0.0030990541398500824,-0.59977222023200105,1
atm_call,722,10.599847919755069,0.14667835236055971,1.0176303808117646,1
otm_digital_k130,722,0.12461105460959353,0.003209611946024623,2.4734879554873781,0
atm_call,723,10.551348815368648,0.14890158886840774,0.67672376063192496,1
otm_digital_k130,723,0.11814269452298866,0.0031374026573959008,0.46872415314904009,1
atm_call,724,10.427274672870393,0.14559776442485003,-0.16009105227153675,1
otm_digital_k130,724,0.11509876036458638,0.0031023737309945972,-0.50714642759124562,1
atm_call,725,10.330399046708393,0.14545830962953851,-0.82624723044870896,1
otm_digital_k130,725,0.12147199750874113,0.0031749389339271162,1.5118021131483279,1
atm_call,726,10.386890298175222,0.14651914729578003,-0.43470955971201208,1
otm_digital_k130,726,0.11576462096173687,0.0031100954808890025,-0.29179077078268517,1
atm_call,727,10.564177072733298,0.14804339525779606,0.76729867178431377,1
otm_digital_k130,727,0.11681097332868763,0.0031221623811511588,0.044474051129658791,1
atm_call,728,10.581921193489251,0.14590771816687745,0.900141698833827,1
otm_digital_k130,728,0.11719146509848791,0.003126530115010252,0.16610969991344116,1
atm_call,729,10.410633017569889,0.14815887534706529,-0.26964671891627207,1
otm_digital_k130,729,0.11624023567398724,0.0031155905860550752,-0.13861976835435991,1
atm_call,730,10.328756282849207,0.14754759225327022,-0.82568131052401406,1
otm_digital_k130,730,0.11795244863808849,0.0031352334743313236,0.40836847694359835,1
atm_call,731,10.375514116552777,0.14716117801921122,-0.51011725132407792,1
otm_digital_k130,731,0.12061589102669051,0.003165362711600255,1.2459150077570462,1
atm_call,732,10.451810056694171,0.14686593913997553,0.008351048008836048,1
otm_digital_k130,732,0.12185248927854143,0.0031791783731360147,1.6294685453959539,1
atm_call,733,10.631086539803217,0.14956546777924945,1.2068492165857376,1
otm_digital_k130,733,0.11424265388253572,0.0030923963661742887,-0.78562511046508166,1
atm_call,734,10.252091155077105,0.14438205789018482,-1.374772045841155,1
otm_digital_k130,734,0.11528900624948649,0.0031045833624146462,-0.44550643624882097,1
atm_call,735,10.309397786811749,0.14613075611638685,-0.96616064356331177,1
otm_digital_k130,735,0.11823781746543874,0.0031384862542131234,0.49887086299126415,1
atm_call,736,10.364960083059277,0.14639663440942299,-0.58487334406071878,1
otm_digital_k130,736,0.11386216211273543,0.0030879440146504458,-0.90997634453417009,1
atm_call,737,10.225102751376689,0.14545700153889987,-1.5501544678037453,1
otm_digital_k130,737,0.11538412919193661,0.0031056871515183796,-0.41471946932803849,1
atm_call,738,10.382375676232002,0.14622126039223107,-0.46647044192195181,1
otm_digital_k130,738,0.1216622433936413,0.0031770599303290853,1.5706739513129677,1
atm_call,739,10.416744005506624,0.14672301912655553,-0.23063570311171269,1
otm_digital_k130,739,0.1139572850551855,0.0030890581435734344,-0.87885463398470953,1
atm_call,740,10.551947544036091,0.14692920908969292,0.68988305646335402,1
otm_digital_k130,740,0.11719146509848795,0.003126530115010252,0.16610969991345448,1
atm_call,741,10.60758557903897,0.15010371698201783,1.0459568224564888,1
otm_digital_k130,741,0.12042564514179036,0.0031632275783485533,1.186613017719315,1
atm_call,742,10.067909101063041,0.14177182448037479,-2.6992279497361098,0
otm_digital_k130,742,0.11652560450133745,0.0031188795201877286,-0.046976363475223264,1
atm_call,743,10.355355741218055,0.14561290839036625,-0.65397932106543566,1
otm_digital_k130,743,0.12004515337199007,0.0031589495448686817,1.0677711703740005,1
atm_call,744,10.774703839251208,0.15203773321528249,2.1318409595512011,0
otm_digital_k130,744,0.11376703917028537,0.0030868291904473516,-0.94112073256856688,1
atm_call,745,10.615236882509791,0.1489969420367199,1.1050784537823743,1
otm_digital_k130,745,0.1143377768249858,0.0030935077214816345,-0.75459365370821874,1
atm_call,746,10.276457571200044,0.14464482436553597,-1.2038177083022856,1
otm_digital_k130,746,0.11852318629278892,0.003141733074037225,0.58918696460009035,1
atm_call,747,10.43253790967171,0.1470310559206032,-0.12273367963557823,1
otm_digital_k130,747,0.11576462096173686,0.003110095480889002,-0.29179077078268967,1
atm_call,748,10.54224864169236,0.15004019757770901,0.6109367421976013,1
otm_digital_k130,748,0.12223298104834165,0.0031834076183505171,1.746827172547196,1
atm_call,749,10.485676679783511,0.14778045828752587,0.23746784929900835,1
otm_digital_k130,749,0.11785732569563845,0.0031341478867070605,0.37815942934667557,1
atm_call,750,10.494565656519883,0.14933556818471905,0.29451847854444069,1
otm_digital_k130,750,0.1177622027531884,0.0031330616341012484,0.34792952108262049,1
atm_call,751,10.47078896694909,0.14796070644127851,0.13655919365023339,1
otm_digital_k130,751,0.113291424458035,0.0030812446138001148,-1.0971844449275288,1
atm_call,752,10.55152902807173,0.14931163501526706,0.67607226908913109,1
otm_digital_k130,752,0.11205482620618409,0.0030666425951738235,-1.5056504857773967,1
atm_call,753,10.339529182307642,0.14517861256965939,-0.76495007020832961,1
otm_digital_k130,753,0.12090125985404072,0.0031685605718397365,1.3347201793500743,1
atm_call,754,10.621066912699101,0.14914664598206612,1.1430584938131971,1
otm_digital_k130,754,0.1230890875303924,0.0031928863579539341,2.009770687607968,0
atm_call,755,10.336299706244645,0.14715853026518522,-0.77660374655116005,1
otm_digital_k130,755,0.11624023567398727,0.0031155905860550757,-0.138619768354351,1
atm_call,756,10.356735570057404,0.14673760891608009,-0.63956338679212177,1
otm_digital_k130,756,0.11671585038623757,0.0031210687677762378,0.014011952372170141,1
atm_call,757,10.482571460840056,0.14676291101574898,0.2179562154574117,1
otm_digital_k130,757,0.11700121921358778,0.0031243475905990978,0.105334340924421,1
atm_call,758,10.388920777326224,0.14679609972238397,-0.42005744686637853,1
otm_digital_k130,758,0.11956953865973972,0.0031535873855851157,0.91876970134725477,1
atm_call,759,10.57061826985379,0.14712452276628993,0.81587144964893055,1
otm_digital_k130,759,0.11709634215603788,0.0031254391880825511,0.13573261586475666,1
atm_call,760,10.573988350102436,0.14967239986970807,0.82449922647268981,1
otm_digital_k130,760,0.1141475309400856,0.0030912843185856532,-0.81667906250133637,1
atm_call,761,10.451050720469444,0.14717332243964759,0.0031741369709555518,1
otm_digital_k130,761,0.11595486684663701,0.0031122955594996404,-0.23045731324807553,1
atm_call,762,10.701545790677899,0.15044544341778135,1.6681277464511595,1
otm_digital_k130,762,0.10967675264493229,0.0030382230831245967,-2.3024528755757756,0
atm_call,763,10.384078118378813,0.14604276763120255,-0.4553834118967231,1
otm_digital_k130,763,0.10872552322043158,0.0030267282429351028,-2.6254735348078699,0
atm_call,764,10.367354049655022,0.14429844722119392,-0.57678737459278784,1
otm_digital_k130,764,0.11538412919193664,0.0031056871515183805,-0.41471946932802944,1
atm_call,765,10.4998473668252,0.1471804039487136,0.33471707725993438,1
otm_digital_k130,765,0.11738171098338807,0.003128709960003701,0.22680046189836303,1
atm_call,766,10.619545791700105,0.14768022642014392,1.1441086163686147,1
otm_digital_k130,766,0.11814269452298864,0.0031374026573959008,0.46872415314903565,1
atm_call,767,10.497627138811955,0.15017352649512519,0.31326138317682739,1
otm_digital_k130,767,0.11395728505518553,0.0030890581435734344,-0.87885463398470054,1
atm_call,768,10.74106855227847,0.14840500726248265,1.9573799122501414,1
otm_digital_k130,768,0.11281580974578465,0.0030756425414457784,-1.2538220295638853,1
atm_call,769,10.295326854244731,0.14425042491919404,-1.0762999001756199,1
otm_digital_k130,769,0.11852318629278892,0.0031417330740372241,0.58918696460009046,1
atm_call,770,10.401366800278689,0.14835600861556933,-0.33174774898666542,1
otm_digital_k130,770,0.1166207274437875,0.0031199744810246881,-0.016471505083861752,1
atm_call,771,10.2779803037724,0.14718264461646999,-1.1727148188084358,1
otm_digital_k130,771,0.10872552322043158,0.0030267282429351028,-2.6254735348078699,0
atm_call,772,10.272779656937628,0.1455340359898718,-1.2217342427052369,1
otm_digital_k130,772,0.11547925213438669,0.0031067902571906975,-0.38395446302357555,1
atm_call,773,10.351012859564216,0.14763577184070978,-0.67443487022078363,1
otm_digital_k130,773,0.11566949801928679,0.003108994421150505,-0.32249015733370173,1
atm_call,774,10.666333716362642,0.15019842927182614,1.4364340907096382,1
otm_digital_k130,774,0.11509876036458638,0.0031023737309945972,-0.50714642759124562,1
atm_call,775,10.078619405873562,0.14388428801970188,-2.5851618090576771,0
otm_digital_k130,775,0.12251834987569192,0.0031865728868728628,1.8346455467760825,1
atm_call,776,10.447716256963586,0.14784113768633542,-0.019394569514526134,1
otm_digital_k130,776,0.11576462096173687,0.0031100954808890011,-0.29179077078268528,1
atm_call,777,10.497418119643434,0.14720704140735627,0.31815426089762799,1
otm_digital_k130,777,0.11985490748708996,0.0031568066341148807,1.0082307016784224,1
atm_call,778,10.398449389637703,0.14842227285609372,-0.35125578893671533,1
otm_digital_k130,778,0.11690609627113771,0.0031232553218568031,0.074914833310967072,1
atm_call,779,10.588927131221656,0.14801556716637312,0.93465546688480228,1
otm_digital_k130,779,0.12004515337199007,0.0031589495448686822,1.0677711703740003,1
atm_call,780,10.466589876357032,0.14681983882588495,0.10902003638938586,1
otm_digital_k130,780,0.11414753094008569,0.0030912843185856537,-0.81667906250130928,1
atm_call,781,10.457092824705741,0.14582997914686868,0.04463590105594982,1
otm_digital_k130,781,0.11538412919193658,0.0031056871515183801,-0.41471946932804737,1
atm_call,782,10.464796815665768,0.14807794541893179,0.09598487769401455,1
otm_digital_k130,782,0.11490851447968622,0.0031001613570789443,-0.56887478956537529,1
atm_call,783,10.398587411279145,0.14600907938684954,-0.35611594241096595,1
otm_digital_k130,783,0.12061589102669054,0.003165362711600255,1.2459150077570549,1
atm_call,784,10.470936261746381,0.14557923438401874,0.13980489488729475,1
otm_digital_k130,784,0.11452802270988595,0.0030957283582343162,-0.69259804521420532,1
atm_call,785,10.573513992199883,0.1491358733060619,0.82428470956850675,1
otm_digital_k130,785,0.11138896560903358,0.0030587303873362685,-1.7272370693909158,1
atm_call,786,10.370796759921157,0.14682966526444721,-0.54339708614531779,1
otm_digital_k130,786,0.11509876036458638,0.0031023737309945972,-0.50714642759124562,1
atm_call,787,10.250298671800637,0.1440126879007966,-1.3907448246704472,1
otm_digital_k130,787,0.12023539925689022,0.0031610898578555294,1.127231840221816,1
atm_call,788,10.494587809912598,0.14728759965037286,0.29876403601867363,1
otm_digital_k130,788,0.11624023567398722,0.0031155905860550757,-0.13861976835436435,1
atm_call,789,10.49195146048873,0.14918048148179153,0.27730094374463349,1
otm_digital_k130,789,0.1183329404078888,0.0031395691888026237,0.52899687463457201,1
atm_call,790,10.314663467573068,0.14570588715197555,-0.93283879786349355,1
otm_digital_k130,790,0.11471826859478608,0.0030979462347920906,-0.63069187663234716,1
atm_call,791,10.416214125469793,0.14766611784555925,-0.23275106854033936,1
otm_digital_k130,791,0.11700121921358782,0.0031243475905990978,0.10533434092443432,1
atm_call,792,10.441617646486138,0.14682316935692383,-0.061066150108884797,1
otm_digital_k130,792,0.11681097332868765,0.0031221623811511588,0.044474051129663232,1
atm_call,793,10.274681216170691,0.14718869945536109,-1.1950805779638418,1
otm_digital_k130,793,0.11652560450133745,0.0031188795201877286,-0.046976363475223264,1
atm_call,794,10.524548305739819,0.14779477998487681,0.50045565588877106,1
otm_digital_k130,794,0.11338654740048508,0.0030823629257387894,-1.0659259788626749,1
atm_call,795,10.594864667620605,0.15041836129697961,0.95919869217423792,1
otm_digital_k130,795,0.114623145652336,0.0030968376411667476,-0.66163380338055344,1
atm_call,796,10.587929399838316,0.14767317414107656,0.9300661982219951,1
otm_digital_k130,796,0.11975978454463986,0.0031557342029218532,0.97843044654008171,1
atm_call,797,10.573615561939077,0.14874349992777292,0.82714195788903999,1
otm_digital_k130,797,0.12194761222099149,0.0031802366385362858,1.6588369675868937,1
atm_call,798,10.584052604592369,0.14733161824241331,0.90590895558626128,1
otm_digital_k130,798,0.11709634215603786,0.0031254391880825511,0.13573261586474777,1
atm_call,799,10.412799750295408,0.1477253956299224,-0.25577065966909118,1
otm_digital_k130,799,0.10986699852983245,0.0030405132648635654,-2.2381482982236318,0
atm_call,800,10.35439231049487,0.14471515344741107,-0.66469377531798257,1
otm_digital_k130,800,0.11481339153723613,0.0030990541398500824,-0.59977222023201004,1
atm_call,801,10.718783572779724,0.14978180761594284,1.7906046459384997,1
otm_digital_k130,801,0.11300605563068476,0.0030778854759797324,-1.1910977576127968,1
atm_call,802,10.635053942150432,0.14710328862096492,1.2540193471826344,1
otm_digital_k130,802,0.11652560450133743,0.003118879520187729,-0.046976363475227705,1
atm_call,803,10.411183744516846,0.14656219516564242,-0.26882667542046257,1
otm_digital_k130,803,0.11519388330703646,0.003103478889150287,-0.47631540766867791,1
atm_call,804,10.257414344803411,0.14577527539186599,-1.3251165320241785,1
otm_digital_k130,804,0.11662072744378753,0.0031199744810246886,-0.016471505083852853,1
atm_call,805,10.452820281578344,0.14678686916490954,0.015237802982775266,1
otm_digital_k130,805,0.11538412919193659,0.0031056871515183792,-0.41471946932804299,1
atm_call,806,10.405047135146059,0.14723437076520476,-0.30927857947047022,1
otm_digital_k130,806,0.11376703917028536,0.0030868291904473512,-0.94112073256857154,1
atm_call,807,10.752751945219064,0.15072564465431881,2.0047575429285467,0
otm_digital_k130,807,0.12109150573894081,0.0031706892598335167,1.3938255241889093,1
atm_call,808,10.65227955423396,0.14737336228092057,1.368605417741235,1
otm_digital_k130,808,0.11823781746543872,0.0031384862542131239,0.49887086299125966,1
atm_call,809,10.53891456124104,0.14772227709095012,0.59795306973981444,1
otm_digital_k130,809,0.11186458032128395,0.0030643855255045962,-1.568842352901284,1
atm_call,810,10.54874266364248,0.14725694426832309,0.66658378621567815,1
otm_digital_k130,810,0.11081822795433315,0.0030519206046951499,-1.9181004105985926,1
atm_call,811,10.781093058164725,0.15000310086817828,2.203351024520646,0
otm_digital_k130,811,0.11643048155888738,0.0031177838845551469,-0.077502665153557124,1
atm_call,812,10.651660874599031,0.14977265768783837,1.3425501391086569,1
otm_digital_k130,812,0.11842806335033888,0.0031406514618494345,0.55910222842481305,1
atm_call,813,10.612459320183516,0.14687433682085696,1.1021377287674585,1
otm_digital_k130,813,0.12194761222099153,0.0031802366385362867,1.6588369675869064,1
atm_call,814,10.739505720535146,0.14953987962467605,1.9320742338080579,1
otm_digital_k130,814,0.12223298104834174,0.0031834076183505171,1.7468271725472222,1
atm_call,815,10.245583876434647,0.14557797494898558,-1.4081779597685737,1
otm_digital_k130,815,0.11519388330703648,0.003103478889150287,-0.47631540766867347,1
atm_call,816,10.531763507476551,0.14703814175937252,0.55210120530393725,1
otm_digital_k130,816,0.12061589102669053,0.003165362711600255,1.2459150077570507,1
atm_call,817,10.340641982151865,0.14843296232379785,-0.74068177521010403,1
otm_digital_k130,817,0.1168109733286877,0.0031221623811511596,0.044474051129681003,1
atm_call,818,10.511386565798297,0.14682832146532773,0.41410943751137724,1
otm_digital_k130,818,0.11300605563068483,0.003077885475979732,-1.1910977576127744,1
atm_call,819,10.225215663408944,0.14423015161739267,-1.5625575252423796,1
otm_digital_k130,819,0.11833294040788882,0.0031395691888026242,0.52899687463457634,1
atm_call,820,10.694965185260351,0.14909598308064897,1.6390891828561844,1
otm_digital_k130,820,0.11214994914863413,0.0030677700648120442,-1.4740899334501294,1
atm_call,821,10.315093431987805,0.14476718007140216,-0.93591752033105302,1
otm_digital_k130,821,0.11557437507683675,0.0031078926801593252,-0.35321137357297344,1
atm_call,822,10.402598756693861,0.1451455835104429,-0.33059783378277824,1
otm_digital_k130,822,0.11433777682498582,0.0030935077214816345,-0.7545936537082143,1
atm_call,823,10.391054475459534,0.14747279697831894,-0.40366154264212351,1
otm_digital_k130,823,0.12099638279649079,0.0031696252372872724,1.3642826370471794,1
atm_call,824,10.559898515979206,0.15015895054235506,0.72799485744156001,1
otm_digital_k130,824,0.11757195686828824,0.0031308871311759891,0.28740695888230039,1
atm_call,825,10.412412661579729,0.14611010018027726,-0.2612475835600962,1
otm_digital_k130,825,0.11985490748708996,0.0031568066341148807,1.0082307016784224,1
atm_call,826,10.772492616073325,0.14942980792930238,2.1542491979918443,0
otm_digital_k130,826,0.111959703263734,0.0030655144156660191,-1.5372346094661535,1
atm_call,827,10.479845091523037,0.14619368090590426,0.2001558422783033,1
otm_digital_k130,827,0.11614511273153712,0.0031144929217599591,-0.16921065515804612,1
atm_call,828,10.609532855863119,0.14855311624122192,1.0699828297069516,1
otm_digital_k130,828,0.11947441571728966,0.0031525129981101116,0.88890913365190893,1
atm_call,829,10.211739405553732,0.14451506265044325,-1.6527285270570056,1
otm_digital_k130,829,0.11538412919193657,0.0031056871515183792,-0.41471946932805193,1
atm_call,830,10.814476124786749,0.15066269086243789,2.4152797916867783,0
otm_digital_k130,830,0.11861830923523899,0.0031428140260483075,0.61925112329120502,1
atm_call,831,10.185833164732715,0.14433176842718187,-1.8343183232484739,1
otm_digital_k130,831,0.11709634215603783,0.0031254391880825511,0.13573261586473889,1
atm_call,832,10.749879282531257,0.14974791602291981,1.9986636094481447,0
otm_digital_k130,832,0.11871343217768908,0.003143894318563639,0.64929474452197355,1
atm_call,833,10.360580571066436,0.14608260562100592,-0.61611032153011447,1
otm_digital_k130,833,0.11557437507683671,0.0031078926801593252,-0.35321137357298682,1
atm_call,834,10.411173483762532,0.14616310929131962,-0.26963088438731581,1
otm_digital_k130,834,0.11975978454463987,0.0031557342029218532,0.97843044654008615,1
atm_call,835,10.359976318080454,0.14630004524152229,-0.61932485362882594,1
otm_digital_k130,835,0.11072310501188308,0.0030507831249301969,-1.9499954155431003,1
atm_call,836,10.490345333569385,0.14930102775367837,0.26631940839305412,1
otm_digital_k130,836,0.11481339153723619,0.0030990541398500829,-0.59977222023199206,1
atm_call,837,10.367964869073031,0.14352718798487094,-0.57563103041653796,1
otm_digital_k130,837,0.11652560450133743,0.0031188795201877294,-0.046976363475227698,1
atm_call,838,10.401446484186391,0.14804350011075151,-0.33190979652872588,1
otm_digital_k130,838,0.1183329404078888,0.0031395691888026246,0.52899687463457179,1
atm_call,839,10.516902940412422,0.14929479654182545,0.44421754651235706,1
otm_digital_k130,839,0.11814269452298866,0.0031374026573959012,0.46872415314904003,1
atm_call,840,10.306369023384855,0.14696202238013198,-0.98130487363374763,1
otm_digital_k130,840,0.1126255638608845,0.0030733967922856667,-1.3166390583167489,1
atm_call,841,10.25716156587818,0.14578631675339712,-1.3267500723991195,1
otm_digital_k130,841,0.11842806335033888,0.0031406514618494345,0.55910222842481305,1
atm_call,842,10.070530736694108,0.14319992177525503,-2.6540016976260352,0
otm_digital_k130,842,0.12356470224264272,0.0031981302818968804,2.1551917888852752,0
atm_call,843,10.438423206618069,0.14700190981447095,-0.082722500563626802,1
otm_digital_k130,843,0.12242322693324185,0.0031855184309018459,1.8053917874524594,1
atm_call,844,10.270807778836254,0.14315917846688242,-1.2557755309477763,1
otm_digital_k130,844,0.11557437507683671,0.0031078926801593252,-0.35321137357298682,1
atm_call,845,10.762554923568644,0.14773316320091359,2.1117218681550836,0
otm_digital_k130,845,0.11823781746543871,0.0031384862542131234,0.49887086299125527,1
atm_call,846,10.5756500475708,0.14963779443652805,0.83579469916805837,1
otm_digital_k130,846,0.11538412919193657,0.0031056871515183801,-0.41471946932805182,1
atm_call,847,10.397680229333776,0.14670397312379119,-0.3606128840637024,1
otm_digital_k130,847,0.11738171098338812,0.003128709960003701,0.2268004618983808,1
atm_call,848,10.595867817201103,0.14622055977930726,0.99359655875228814,1
otm_digital_k130,848,0.11519388330703642,0.003103478889150287,-0.47631540766869135,1
atm_call,849,10.194361030135267,0.14531034043755253,-1.7632781072479511,1
otm_digital_k130,849,0.12204273516344161,0.0031812942674492679,1.6881861885837113,1
atm_call,850,10.2850646209577,0.14482719270056599,-1.1428720542147464,1
otm_digital_k130,850,0.11871343217768908,0.0031438943185636394,0.64929474452197344,1
atm_call,851,10.710158977107584,0.14750877974423504,1.7597285081749741,1
otm_digital_k130,851,0.11595486684663703,0.0031122955594996408,-0.23045731324807106,1
atm_call,852,10.570443375617307,0.14865688301476176,0.80628492270925944,1
otm_digital_k130,852,0.11405240799763562,0.0030901715779683447,-0.84775555517857137,1
atm_call,853,10.487855463330993,0.14889314478012991,0.25032644182834396,1
otm_digital_k130,853,0.11272068680333457,0.0030745200190792949,-1.2852189257046891,1
atm_call,854,10.476336131739584,0.14712248388611723,0.17504163112123786,1
otm_digital_k130,854,0.11310117857313487,0.0030790058896843987,-1.1597702875925231,1
atm_call,855,10.244535830040153,0.14547313123559794,-1.4163972439123289,1
otm_digital_k130,855,0.11785732569563845,0.003134147886707061,0.37815942934667551,1
atm_call,856,10.664268007938579,0.15028112389660575,1.4218980415667177,1
otm_digital_k130,856,0.11624023567398724,0.0031155905860550757,-0.13861976835435988,1
atm_call,857,10.671615872460734,0.1482590184679346,1.4908523107684561,1
otm_digital_k130,857,0.11253044091843445,0.0030722728602922758,-1.3480824748374585,1
atm_call,858,10.328052151143906,0.14578500504498076,-0.84049399321856555,1
otm_digital_k130,858,0.11500363742213625,0.0031012678872153819,-0.53799954014133622,1
atm_call,859,10.546013932320095,0.15030891759602902,0.63489486625819402,1
otm_digital_k130,859,0.11176945737883388,0.0030632559239038718,-1.6004737646051099,1
atm_call,860,10.369578318078855,0.14677329558930524,-0.55190730562704904,1
otm_digital_k130,860,0.11386216211273546,0.0030879440146504458,-0.9099763445341611,1
atm_call,861,10.328863758691428,0.14585993421564111,-0.83449793220234392,1
otm_digital_k130,861,0.11557437507683674,0.0031078926801593252,-0.35321137357297788,1
atm_call,862,10.321972422248153,0.14418937831190576,-0.89195994492180641,1
otm_digital_k130,862,0.11576462096173687,0.003110095480889002,-0.29179077078268523,1
atm_call,863,10.307009532461365,0.14552151146000325,-0.98661729309791624,1
otm_digital_k130,863,0.11738171098338809,0.003128709960003701,0.22680046189837191,1
atm_call,864,10.567410686345985,0.14797515445429155,0.78950493136009348,1
otm_digital_k130,864,0.1110084738392333,0.0030541934044528434,-1.8543829843331585,1
atm_call,865,10.561259862205665,0.14883560530222092,0.74361433741192873,1
otm_digital_k130,865,0.11681097332868767,0.0031221623811511588,0.044474051129672128,1
atm_call,866,10.641350358586768,0.14786714029574097,1.2901229172328328,1
otm_digital_k130,866,0.11490851447968624,0.0031001613570789447,-0.56887478956537074,1
atm_call,867,10.703335205772651,0.14811314766117559,1.7064766874396384,1
otm_digital_k130,867,0.11167433443638382,0.0030621256100765077,-1.6321288932378344,1
atm_call,868,10.580445130024858,0.14748142052315708,0.88052825487205511,1
otm_digital_k130,868,0.11833294040788878,0.0031395691888026246,0.52899687463456302,1
atm_call,869,10.25304155508195,0.14569550002370185,-1.3558553083071498,1
otm_digital_k130,869,0.1135767932853852,0.0030845974531849472,-1.0034777246969444,1
atm_call,870,10.309103058071631,0.14728411213862364,-0.9605958990387079,1
otm_digital_k130,870,0.113291424458035,0.0030812446138001152,-1.0971844449275285,1
atm_call,871,10.466370796636914,0.14882329983131293,0.10608032794097493,1
otm_digital_k130,871,0.10958162970248221,0.0030370768977023475,-2.3346423734595603,0
atm_call,872,10.505128389412492,0.14713877251251709,0.3707032231922549,1
otm_digital_k130,872,0.11975978454463987,0.0031557342029218528,0.97843044654008626,1
atm_call,873,10.741088438561777,0.15059973567733281,1.9289865620922926,1
otm_digital_k130,873,0.11795244863808849,0.0031352334743313241,0.40836847694359829,1
atm_call,874,10.4671266675991,0.14856019838302054,0.11135617476019909,1
otm_digital_k130,874,0.1163353586164373,0.0031166875734152926,-0.10805045258575263,1
atm_call,875,10.313258819386988,0.14471478666963006,-0.94893380254266491,1
otm_digital_k130,875,0.1156694980192868,0.003108994421150505,-0.32249015733369729,1
atm_call,876,10.558078685451752,0.1477765937891358,0.72741636892502703,1
otm_digital_k130,876,0.11243531797598436,0.0030711482223248873,-1.3795492228380839,1
atm_call,877,10.237146494206218,0.14496363730492412,-1.4723490797238858,1
otm_digital_k130,877,0.11500363742213629,0.0031012678872153819,-0.53799954014132279,1
atm_call,878,10.371107121655154,0.14590057822722166,-0.54473019569958214,1
otm_digital_k130,878,0.1203305221993403,0.0031621590418350058,1.1569323464211683,1
atm_call,879,10.31329671610135,0.14743638206458809,-0.9311599631090961,1
otm_digital_k130,879,0.1183329404078888,0.0031395691888026246,0.52899687463457179,1
atm_call,880,10.647613430054699,0.14843130978082231,1.3274143990246288,1
otm_digital_k130,880,0.11414753094008565,0.0030912843185856537,-0.81667906250132283,1
atm_call,881,10.466628599842522,0.14720635089254383,0.10899684395195894,1
otm_digital_k130,881,0.11738171098338807,0.0031287099600037006,0.22680046189836306,1
atm_call,882,10.601538826035194,0.15047389486942508,1.0031989534173744,1
otm_digital_k130,882,0.12014027631444012,0.0031600200257529193,1.0975114609599863,1
atm_call,883,10.396674522372345,0.14851839272769093,-0.36297894707255257,1
otm_digital_k130,883,0.11443289976743586,0.0030946183852535404,-0.72358464699481961,1
atm_call,884,10.626495564643559,0.15239602047521239,1.1543083074575489,1
otm_digital_k130,884,0.11157921149393371,0.0030609945832335058,-1.6638077875980997,1
atm_call,885,10.299792957708434,0.14524659611300578,-1.0381696956243833,1
otm_digital_k130,885,0.11547925213438666,0.0031067902571906975,-0.38395446302358449,1
atm_call,886,10.14862310503101,0.14291871501326583,-2.1128126370749412,0
otm_digital_k130,886,0.11643048155888738,0.0031177838845551473,-0.07750266515355711,1
atm_call,887,10.264360344673175,0.14432149752691734,-1.2903360254950429,1
otm_digital_k130,887,0.11424265388253574,0.0030923963661742874,-0.78562511046507755,1
atm_call,888,10.372882560703445,0.14599040024877205,-0.53223370406342074,1
otm_digital_k130,888,0.11452802270988596,0.0030957283582343162,-0.69259804521420087,1
atm_call,889,10.40941091282097,0.14648381531973947,-0.28107309517239221,1
otm_digital_k130,889,0.11576462096173688,0.003110095480889002,-0.29179077078268079,1
atm_call,890,10.359768334264347,0.14813082430668634,-0.61307454641028747,1
otm_digital_k130,890,0.11690609627113771,0.0031232553218568026,0.074914833310967086,1
atm_call,891,10.360795782133367,0.14584993642039673,-0.61561761530961134,1
otm_digital_k130,891,0.11728658804093801,0.0031276203720838787,0.19646563473922707,1
atm_call,892,10.541728693855811,0.14682353379013099,0.6207800569665014,1
otm_digital_k130,892,0.11728658804093801,0.0031276203720838783,0.1964656347392271,1
atm_call,893,10.449397205021413,0.14699794922535739,-0.0080706375183446522,1
otm_digital_k130,893,0.12042564514179033,0.0031632275783485524,1.1866130177193066,1
atm_call,894,10.197011534063924,0.14365255329947429,-1.7651759909411568,1
otm_digital_k130,894,0.11300605563068482,0.0030778854759797316,-1.191097757612779,1
atm_call,895,10.386005136709466,0.14584453473734188,-0.44278954705012991,1
otm_digital_k130,895,0.12099638279649078,0.0031696252372872724,1.3642826370471752,1
atm_call,896,10.499297740011624,0.14822343252764961,0.32865362105945201,1
otm_digital_k130,896,0.1189988010050393,0.0031471312459244631,0.73930278209373756,1
atm_call,897,10.461307354189143,0.14564217759239809,0.073631019398825354,1
otm_digital_k130,897,0.11214994914863413,0.0030677700648120447,-1.4740899334501294,1
atm_call,898,10.606445163332554,0.14721297460991692,1.0587490101331301,1
otm_digital_k130,898,0.11443289976743587,0.0030946183852535404,-0.72358464699481517,1
atm_call,899,10.354820577886199,0.14634828414482706,-0.65434996289114944,1
otm_digital_k130,899,0.11909392394748934,0.0031482089072394064,0.76926465159510371,1
atm_call,900,10.565456330889456,0.1464219197357432,0.78453252703709375,1
otm_digital_k130,900,0.11823781746543874,0.0031384862542131239,0.49887086299126404,1
atm_call,901,10.526921190951509,0.14672709051143196,0.52026942332104942,1
otm_digital_k130,901,0.11833294040788876,0.0031395691888026242,0.52899687463455858,1
atm_call,902,10.695346404987349,0.14911000743610317,1.6414916544530715,1
otm_digital_k130,902,0.11861830923523903,0.0031428140260483075,0.61925112329121823,1
atm_call,903,10.457181830930326,0.14853027989694201,0.044423660612189504,1
otm_digital_k130,903,0.12080613691159066,0.0031674952628426294,1.3051381136297004,1
atm_call,904,10.277749343867555,0.14528495631242833,-1.1896223305207447,1
otm_digital_k130,904,0.11918904688993943,0.0031492859124431973,0.7992061821638794,1
atm_call,905,10.262129953941791,0.14573254267820057,-1.2931471226704201,1
otm_digital_k130,905,0.11852318629278892,0.003141733074037225,0.58918696460009035,1
atm_call,906,10.413610260679082,0.14744590933497662,-0.25075847592672168,1
otm_digital_k130,906,0.11681097332868766,0.0031221623811511588,0.04447405112966768,1
atm_call,907,10.385002905879331,0.1458545114148804,-0.44963070164951402,1
otm_digital_k130,907,0.11547925213438667,0.0031067902571906975,-0.38395446302358005,1
atm_call,908,10.379995975985706,0.14695910829071515,-0.48032134258877029,1
otm_digital_k130,908,0.11709634215603787,0.0031254391880825502,0.13573261586475224,1
atm_call,909,10.280091962159764,0.14491206850174598,-1.1765176757775169,1
otm_digital_k130,909,0.11414753094008563,0.0030912843185856532,-0.81667906250132738,1
atm_call,910,10.214463639733738,0.14554762747810535,-1.6222863714307647,1
otm_digital_k130,910,0.11566949801928682,0.003108994421150505,-0.3224901573336928,1
atm_call,911,10.395349744440933,0.1457543608293915,-0.3789514593616139,1
otm_digital_k130,911,0.12071101396914054,0.0031664293096464067,1.2755364023201079,1
atm_call,912,10.583812702777195,0.14782293770011706,0.90127508399218281,1
otm_digital_k130,912,0.11804757158053859,0.0031363183976645566,0.4385567046539664,1
atm_call,913,10.51383063955096,0.14820670233626013,0.42674903609899545,1
otm_digital_k130,913,0.11785732569563848,0.0031341478867070605,0.37815942934668445,1
atm_call,914,10.190458926664645,0.14490860220031782,-1.7950945738978008,1
otm_digital_k130,914,0.12223298104834172,0.0031834076183505171,1.7468271725472178,1
atm_call,915,10.579539734290426,0.14689614389964964,0.87787302431145298,1
otm_digital_k130,915,0.12194761222099153,0.0031802366385362863,1.6588369675869066,1
atm_call,916,10.273294605164235,0.1457180075098215,-1.2166579138090805,1
otm_digital_k130,916,0.1176670798107383,0.0031319747158219859,0.31767871126123026,1
atm_call,917,10.531457437053549,0.14662476438485497,0.55157029719565998,1
otm_digital_k130,917,0.11690609627113772,0.0031232553218568022,0.07491483331097154,1
atm_call,918,10.626708595148026,0.14997244497572235,1.1743825540150832,1
otm_digital_k130,918,0.10920113793268195,0.0030324848396824414,-2.4636496410031916,0
atm_call,919,10.530068837197096,0.1474900421547593,0.53891953551781058,1
otm_digital_k130,919,0.12033052219934033,0.0031621590418350058,1.1569323464211769,1
atm_call,920,10.294034534043092,0.1445384435276697,-1.0830961944909085,1
otm_digital_k130,920,0.12489642343694374,0.0032127302724720727,2.5599115456717856,0
atm_call,921,10.202860981561086,0.14464021818983136,-1.7126812564631493,1
otm_digital_k130,921,0.11281580974578466,0.0030756425414457784,-1.2538220295638807,1
atm_call,922,10.470349332438017,0.14874647985415243,0.13288220515771088,1
otm_digital_k130,922,0.11766707981073832,0.0031319747158219864,0.31767871126123465,1
atm_call,923,10.619250771793332,0.1491250513971519,1.1310453745198394,1
otm_digital_k130,923,0.11509876036458637,0.003102373730994598,-0.50714642759124995,1
atm_call,924,10.271561173666079,0.14534552630812436,-1.2317021587575665,1
otm_digital_k130,924,0.11224507209108421,0.0030688968253630689,-1.4425529042362837,1
atm_call,925,10.439576703568729,0.14681351276233492,-0.074971767991406757,1
otm_digital_k130,925,0.11395728505518549,0.0030890581435734344,-0.87885463398471397,1
atm_call,926,10.381838787439809,0.1462851538012018,-0.46993685250632866,1
otm_digital_k130,926,0.11928416983238953,0.0031503622622087463,0.82912741318992889,1
atm_call,927,10.482380828045521,0.14989398906425599,0.21213162754871973,1
otm_digital_k130,927,0.12080613691159063,0.0031674952628426302,1.3051381136296913,1
atm_call,928,10.484802823254274,0.14608522867179385,0.23424169151011789,1
otm_digital_k130,928,0.11576462096173687,0.003110095480889002,-0.29179077078268523,1
atm_call,929,10.412274199514545,0.14644211783460553,-0.26160078287226368,1
otm_digital_k130,929,0.11776220275318838,0.003133061634101248,0.3479295210826161,1
atm_call,930,10.458781692911238,0.14855950948004853,0.055184085854755587,1
otm_digital_k130,930,0.11424265388253574,0.0030923963661742882,-0.78562511046507733,1
atm_call,931,10.467985657149441,0.14674314818206163,0.11858873943674883,1
otm_digital_k130,931,0.11519388330703643,0.0031034788891502866,-0.47631540766868696,1
atm_call,932,10.473239888124825,0.14726187608216354,0.15385051815198528,1
otm_digital_k130,932,0.11395728505518551,0.0030890581435734344,-0.87885463398470498,1
atm_call,933,10.681249295971165,0.14785722714851601,1.5600571458973811,1
otm_digital_k130,933,0.11738171098338807,0.0031287099600037006,0.22680046189836306,1
atm_call,934,10.440048196898879,0.14876674540968293,-0.070818080059888142,1
otm_digital_k130,934,0.11909392394748937,0.0031482089072394064,0.76926465159511248,1
atm_call,935,10.621900536088264,0.14915625293652759,1.1485737978119896,1
otm_digital_k130,935,0.11519388330703645,0.0031034788891502866,-0.47631540766868247,1
atm_call,936,10.488512031839949,0.14743654825800337,0.25725276468102648,1
otm_digital_k130,936,0.115954866846637,0.0031122955594996408,-0.23045731324807997,1
atm_call,937,10.160361724887997,0.14636551716778862,-1.9828567063706197,0
otm_digital_k130,937,0.11814269452298864,0.0031374026573959008,0.46872415314903565,1
atm_call,938,10.262955827489543,0.14628347734524566,-1.2826311494714078,1
otm_digital_k130,938,0.11671585038623759,0.0031210687677762378,0.014011952372179034,1
atm_call,939,10.328118173946194,0.14583213799880382,-0.83976961402266981,1
otm_digital_k130,939,0.11566949801928682,0.003108994421150505,-0.3224901573336928,1
atm_call,940,10.570379556470051,0.14974982481545132,0.79997411971690158,1
otm_digital_k130,940,0.1156694980192868,0.003108994421150505,-0.32249015733369729,1
atm_call,941,10.353693588326642,0.14714531070345474,-0.6584646387690376,1
otm_digital_k130,941,0.11652560450133748,0.0031188795201877286,-0.046976363475214368,1
atm_call,942,10.222455724683625,0.14518692668658648,-1.5712698981112982,1
otm_digital_k130,942,0.11709634215603786,0.0031254391880825511,0.13573261586474777,1
atm_call,943,10.560578502641597,0.14725570101728072,0.7469655143819437,1
otm_digital_k130,943,0.11585974390418699,0.0031111958600981066,-0.26111317051592181,1
atm_call,944,10.441799230313316,0.14759557151041791,-0.05951629701582168,1
otm_digital_k130,944,0.11785732569563845,0.0031341478867070605,0.37815942934667557,1
atm_call,945,10.524518856116345,0.14780177015763252,0.50023273640052568,1
otm_digital_k130,945,0.11214994914863419,0.0030677700648120442,-1.4740899334501114,1
atm_call,946,10.344778067965546,0.14784840292007476,-0.71563508384464503,1
otm_digital_k130,946,0.11528900624948653,0.0031045833624146462,-0.44550643624880759,1
atm_call,947,10.367910906513243,0.14639240920407379,-0.5647332817445464,1
otm_digital_k130,947,0.11804757158053857,0.003136318397664557,0.43855670465395746,1
atm_call,948,10.280940069249857,0.1457872914257887,-1.1636371131982295,1
otm_digital_k130,948,0.11890367806258924,0.0031460529278241295,0.70932053416514207,1
atm_call,949,10.394730287190171,0.14761124925103289,-0.37838095185003928,1
otm_digital_k130,949,0.11719146509848792,0.0031265301150102506,0.16610969991344568,1
atm_call,950,10.635811852076257,0.1484995289199614,1.2473324409705118,1
otm_digital_k130,950,0.1189988010050393,0.0031471312459244631,0.73930278209373756,1
atm_call,951,10.366158995108151,0.14769805251594781,-0.57160250686638991,1
otm_digital_k130,951,0.11272068680333461,0.003074520019079294,-1.2852189257046758,1
atm_call,952,10.255816778697675,0.1453833726495532,-1.3396772267579831,1
otm_digital_k130,952,0.11928416983238951,0.0031503622622087472,0.82912741318992433,1
atm_call,953,10.585815852184092,0.14799295209474245,0.91377513648061182,1
otm_digital_k130,953,0.1209963827964908,0.0031696252372872724,1.3642826370471839,1
atm_call,954,10.290765505011771,0.14542337395818583,-1.0989847286842083,1
otm_digital_k130,954,0.11852318629278893,0.0031417330740372246,0.58918696460009479,1
atm_call,955,10.331379005429929,0.14770195695532493,-0.80706152587861368,1
otm_digital_k130,955,0.11566949801928678,0.003108994421150505,-0.32249015733370623,1
atm_call,956,10.216583808874553,0.14402814032727126,-1.6246808629153027,1
otm_digital_k130,956,0.11709634215603784,0.0031254391880825507,0.13573261586474333,1
atm_call,957,10.382659267846055,0.14777849294725262,-0.45963592526105995,1
otm_digital_k130,957,0.11253044091843445,0.0030722728602922762,-1.3480824748374582,1
atm_call,958,10.341947871047077,0.14699277810477937,-0.73905468376844619,1
otm_digital_k130,958,0.11443289976743584,0.0030946183852535404,-0.72358464699482405,1
atm_call,959,10.373769070568107,0.14510363429121043,-0.52937682775941541,1
otm_digital_k130,959,0.11091335089678318,0.0030530573642679796,-1.8862296168846446,1
atm_call,960,10.487718134608002,0.14755113369389872,0.25167249815571729,1
otm_digital_k130,960,0.12033052219934032,0.0031621590418350058,1.1569323464211725,1
atm_call,961,10.449848269977631,0.14686127766246651,-0.005006780681900959,1
otm_digital_k130,961,0.11823781746543871,0.0031384862542131239,0.49887086299125522,1
atm_call,962,10.34121514427164,0.14469940697817479,-0.75583190144246148,1
otm_digital_k130,962,0.11890367806258925,0.003146052927824129,0.70932053416514662,1
atm_call,963,10.655317662097765,0.14676965377368559,1.3949347473961382,1
otm_digital_k130,963,0.11624023567398727,0.0031155905860550752,-0.138619768354351,1
atm_call,964,10.125270318946303,0.14217663868440991,-2.2880921665432461,0
otm_digital_k130,964,0.11937929277483959,0.003151437957207633,0.85902838395876224,1
atm_call,965,10.270528430096359,0.14675860531434612,-1.2268796211542521,1
otm_digital_k130,965,0.114623145652336,0.003096837641166748,-0.66163380338055344,1
atm_call,966,9.9253074680503897,0.14174019217762934,-3.7059079437177762,0
otm_digital_k130,966,0.11291093268823474,0.0030767643601561242,-1.2224483225903022,1
atm_call,967,10.576134958241841,0.14882911781697228,0.84359423678565248,1
otm_digital_k130,967,0.12042564514179038,0.0031632275783485529,1.1866130177193239,1
atm_call,968,10.28735974526502,0.145961768597303,-1.1182642447341966,1
otm_digital_k130,968,0.11319630151558495,0.0030801256020363244,-1.128465865622605,1
atm_call,969,10.211436491661924,0.14640197971897323,-1.6334962203563241,1
otm_digital_k130,969,0.11490851447968622,0.0031001613570789443,-0.56887478956537529,1
atm_call,970,10.449567295446096,0.14720536514276281,-0.0069038023068572468,1
otm_digital_k130,970,0.11690609627113775,0.0031232553218568031,0.074914833310980408,1
atm_call,971,10.39928816679129,0.14455921788195919,-0.35484008661520045,1
otm_digital_k130,971,0.11709634215603783,0.0031254391880825502,0.13573261586473892,1
atm_call,972,10.338351291537569,0.14445711970229858,-0.77692453566340924,1
otm_digital_k130,972,0.12356470224264271,0.00319813028189688,2.1551917888852712,0
atm_call,973,10.51429470657812,0.14769995973610753,0.43135512363307993,1
otm_digital_k130,973,0.1150036374221363,0.0031012678872153819,-0.53799954014131834,1
atm_call,974,10.097700443851982,0.14282649304255063,-2.4707119863850306,0
otm_digital_k130,974,0.11547925213438667,0.003106790257190697,-0.38395446302358011,1
atm_call,975,10.607946664803862,0.14728451132460385,1.0684293358688282,1
otm_digital_k130,975,0.12261347281814204,0.0031876267101458595,1.8638803219706235,1
atm_call,976,10.407146303988526,0.14619250956119331,-0.29712376049501049,1
otm_digital_k130,976,0.11272068680333457,0.003074520019079294,-1.2852189257046893,1
atm_call,977,10.464857920809076,0.14720457835780593,0.096969461023344056,1
otm_digital_k130,977,0.11538412919193658,0.0031056871515183801,-0.41471946932804737,1
atm_call,978,10.385674916620673,0.14775428403781316,-0.43930134403593019,1
otm_digital_k130,978,0.11376703917028538,0.0030868291904473516,-0.94112073256856243,1
atm_call,979,10.624018889623985,0.14852644027758327,1.1677066865286636,1
otm_digital_k130,979,0.11386216211273543,0.0030879440146504454,-0.9099763445341702,1
atm_call,980,10.464982383180029,0.14870149528394475,0.096830304005915607,1
otm_digital_k130,980,0.12185248927854143,0.0031791783731360147,1.6294685453959539,1
atm_call,981,10.567569038064418,0.14883113365713263,0.78602818512671557,1
otm_digital_k130,981,0.11500363742213632,0.0031012678872153819,-0.5379995401413139,1
atm_call,982,10.567446653285524,0.14740169796653554,0.79282045398489676,1
otm_digital_k130,982,0.11681097332868767,0.0031221623811511588,0.044474051129672128,1
atm_call,983,10.4704353286445,0.14532410408409335,0.13660332939305328,1
otm_digital_k130,983,0.11614511273153717,0.0031144929217599591,-0.1692106551580283,1
atm_call,984,10.381889985574867,0.14604905347684724,-0.47034598975729114,1
otm_digital_k130,984,0.11956953865973972,0.0031535873855851161,0.91876970134725466,1
atm_call,985,10.431493456620812,0.14781009588460844,-0.12915298816693591,1
otm_digital_k130,985,0.11985490748708992,0.0031568066341148807,1.0082307016784091,1
atm_call,986,10.438448082204255,0.14714292022384962,-0.082474168399223766,1
otm_digital_k130,986,0.11633535861643732,0.0031166875734152926,-0.10805045258574818,1
atm_call,987,10.64575319461262,0.14910714614312867,1.3089219898268696,1
otm_digital_k130,987,0.11833294040788879,0.0031395691888026246,0.52899687463456735,1
atm_call,988,10.381748578146979,0.14393658933883968,-0.47823138199090937,1
otm_digital_k130,988,0.12242322693324187,0.0031855184309018455,1.8053917874524641,1
atm_call,989,10.432149093462661,0.14702823250785177,-0.12538053684285008,1
otm_digital_k130,989,0.10663281848653003,0.0030011784961214046,-3.345119140949981,0
atm_call,990,10.480368152661395,0.14692000583663106,0.20272651301800076,1
otm_digital_k130,990,0.11681097332868767,0.0031221623811511588,0.044474051129672128,1
atm_call,991,10.327721395828483,0.14677296658622377,-0.83708995746767945,1
otm_digital_k130,991,0.11176945737883387,0.0030632559239038722,-1.6004737646051141,1
atm_call,992,10.3269026418214,0.14551393120988196,-0.8499593773310905,1
otm_digital_k130,992,0.11747683392583816,0.0031297988794685826,0.25711422283516716,1
atm_call,993,10.364657734966395,0.14536480522568798,-0.59110482132006126,1
otm_digital_k130,993,0.11452802270988595,0.0030957283582343162,-0.69259804521420532,1
atm_call,994,10.482261126702937,0.14741822966029261,0.21488220683686085,1
otm_digital_k130,994,0.11709634215603784,0.0031254391880825511,0.13573261586474333,1
atm_call,995,10.309940814418766,0.14808074107958608,-0.94977075844856562,1
otm_digital_k130,995,0.1163353586164373,0.0031166875734152922,-0.10805045258575265,1
atm_call,996,10.456060770382138,0.14615064161375005,0.037476388308046907,1
otm_digital_k130,996,0.11604998978908711,0.0031133945798139601,-0.19982315581190643,1
atm_call,997,10.420370867131306,0.14496949700254821,-0.20840732484374852,1
otm_digital_k130,997,0.11500363742213632,0.0031012678872153823,-0.53799954014131379,1
atm_call,998,10.645952160175677,0.14795601153727855,1.320450490387149,1
otm_digital_k130,998,0.11985490748708993,0.0031568066341148807,1.0082307016784136,1
atm_call,999,10.229880059900573,0.14603245710763049,-1.5113319097432705,1
otm_digital_k130,999,0.12014027631444012,0.0031600200257529188,1.0975114609599863,1
