problem,method,n,price,error
european_call_k100,crr,10,10.25340904487193,-0.19717452731362073
european_call_k100,crr,11,10.611200095875468,0.1606165236899173
european_call_k100,crr,12,10.285849516002106,-0.16473405618344472
european_call_k100,crr,13,10.586349984242066,0.13576641205651541
european_call_k100,crr,14,10.309131338891751,-0.14145223329379952
european_call_k100,crr,15,10.568153518211956,0.11756994602640525
european_call_k100,crr,16,10.326651045820469,-0.12393252636508123
european_call_k100,crr,17,10.554255427218386,0.10367185503283594
european_call_k100,crr,18,10.340311217349536,-0.11027235483601494
european_call_k100,crr,19,10.543294252416288,0.092710680230737808
european_call_k100,crr,20,10.351260189053292,-0.099323383132258414
european_call_k100,crr,21,10.534428379071461,0.083844806885910117
european_call_k100,crr,22,10.360231990407147,-0.0903515817784033
european_call_k100,crr,23,10.527109620053269,0.076526047867718106
european_call_k100,crr,24,10.36771768184113,-0.082865890344420379
european_call_k100,crr,25,10.520965623983951,0.070382051798400624
european_call_k100,crr,26,10.374058178724614,-0.076525393460936897
european_call_k100,crr,27,10.515734624482571,0.065151052297020229
european_call_k100,crr,28,10.37949754963075,-0.07108602255480001
european_call_k100,crr,29,10.511227232634079,0.060643660448528536
european_call_k100,crr,30,10.38421511994529,-0.066368452240260112
european_call_k100,crr,31,10.507303043755998,0.056719471570447766
european_call_k100,crr,32,10.388345601105613,-0.062237971079937893
european_call_k100,crr,33,10.503855764972288,0.053272192786737449
european_call_k100,crr,34,10.391992150501594,-0.058591421683956924
european_call_k100,crr,35,10.500803450427052,0.050219878241501092
european_call_k100,crr,36,10.395235098038492,-0.055348474147058013
european_call_k100,crr,37,10.498081908725808,0.047498336540257924
european_call_k100,crr,38,10.398137928722454,-0.052445643463096658
european_call_k100,crr,39,10.495640142196971,0.04505657001142005
european_call_k100,crr,40,10.400751477660506,-0.049832094525044113
european_call_k100,crr,41,10.493437123171773,0.042853550986222899
european_call_k100,crr,42,10.403116931004998,-0.047466641180552216
european_call_k100,crr,43,10.491439471344281,0.040855899158730224
european_call_k100,crr,44,10.405268011368978,-0.045315560816572287
european_call_k100,crr,45,10.489619751475153,0.039036179289603012
european_call_k100,crr,46,10.40723259505117,-0.043350977134380742
european_call_k100,crr,47,10.48795520638981,0.037371634204259152
european_call_k100,crr,48,10.409033926246048,-0.041549645939502611
european_call_k100,crr,49,10.486426800734922,0.035843228549371275
european_call_k100,crr,50,10.410691540732618,-0.039892031452932741
european_call_k100,crr,51,10.485018490058664,0.034434917873113591
european_call_k100,crr,52,10.412221977019893,-0.038361595165657292
european_call_k100,crr,53,10.48371665563006,0.033133083444509381
european_call_k100,crr,54,10.41363932990077,-0.036944242284780771
european_call_k100,crr,55,10.482509662736806,0.031926090551255726
european_call_k100,crr,56,10.414955685698416,-0.035627886487134219
european_call_k100,crr,57,10.481387512104664,0.030803939919113787
european_call_k100,crr,58,10.416181467696862,-0.034402104488687968
european_call_k100,crr,59,10.480341562312201,0.029757990126650924
european_call_k100,crr,60,10.417325712650815,-0.033257859534735701
european_call_k100,crr,61,10.479364306880573,0.028780734695022403
european_call_k100,crr,62,10.418396293901875,-0.032187278283675624
european_call_k100,crr,63,10.478449193882671,0.027865621697120702
european_call_k100,crr,64,10.419400102763888,-0.031183469421662835
european_call_k100,crr,65,10.477590478892957,0.027006906707406131
european_call_k100,crr,66,10.420343196989458,-0.030240375196092018
european_call_k100,crr,67,10.476783104308804,0.026199532123253988
european_call_k100,crr,68,10.42123092310335,-0.029352649082200699
european_call_k100,crr,69,10.47602259968455,0.025439027498999067
european_call_k100,crr,70,10.422068017799992,-0.028515554385558417
european_call_k100,crr,71,10.475304998934712,0.024721426749161779
european_call_k100,crr,72,10.422858692477764,-0.027724879707786698
european_call_k100,crr,73,10.474626771154798,0.024043198969247115
european_call_k100,crr,74,10.42360670408978,-0.026976868095770712
european_call_k100,crr,75,10.473984762532565,0.023401190347014378
european_call_k100,crr,76,10.424315414832307,-0.026268157353243282
european_call_k100,crr,77,10.473376147314687,0.022792575129136239
european_call_k100,crr,78,10.42498784266499,-0.02559572952056044
european_call_k100,crr,79,10.472798386237191,0.022214814051640275
european_call_k100,crr,80,10.425626704260845,-0.024956867924705861
european_call_k100,crr,81,10.472249191114663,0.021665618929112895
european_call_k100,crr,82,10.426234451693773,-0.024349120491777398
european_call_k100,crr,83,10.471726494555707,0.021142922370156469
european_call_k100,crr,84,10.426813303880211,-0.02377026830533957
european_call_k100,crr,85,10.471228423961957,0.020644851776406625
european_call_k100,crr,86,10.427365273651702,-0.023218298533848269
european_call_k100,crr,87,10.470753279114003,0.020169706928452769
european_call_k100,crr,88,10.427892191136092,-0.02269138104945867
european_call_k100,crr,89,10.470299512781633,0.019715940596082504
european_call_k100,crr,90,10.428395724026096,-0.022187848159454404
european_call_k100,crr,91,10.469865713896279,0.019282141710728951
european_call_k100,crr,92,10.428877395207373,-0.021706176978177893
european_call_k100,crr,93,10.469450592893743,0.018867020708192683
european_call_k100,crr,94,10.429338598147194,-0.021244974038356901
european_call_k100,crr,95,10.469052968916472,0.018469396730921517
european_call_k100,crr,96,10.429780610351001,-0.020802961834549549
european_call_k100,crr,97,10.46867175858735,0.018088186401799433
european_call_k100,crr,98,10.430204605178359,-0.020378967007191662
european_call_k100,crr,99,10.468305966163442,0.017722393977891215
european_call_k100,crr,100,10.430611662249117,-0.019971909936433718
european_call_k100,crr,101,10.467954674844405,0.017371102658854554
european_call_k100,crr,102,10.431002776616715,-0.019580795568835185
european_call_k100,crr,103,10.467617039107072,0.017033466921521523
european_call_k100,crr,104,10.431378866888323,-0.019204705297227065
european_call_k100,crr,105,10.467292277903351,0.016708705717800143
european_call_k100,crr,106,10.431740782430243,-0.018842789755307621
european_call_k100,crr,107,10.466979668636377,0.016396096450826292
european_call_k100,crr,108,10.432089309771317,-0.01849426241423302
european_call_k100,crr,109,10.466678541790278,0.016094969604727893
european_call_k100,crr,110,10.432425178306657,-0.018158393878893619
european_call_k100,crr,111,10.466388276146152,0.015804703960601074
european_call_k100,crr,112,10.432749065394582,-0.017834506790968874
european_call_k100,crr,113,10.466108294499644,0.015524722314093964
european_call_k100,crr,114,10.433061600910737,-0.017521971274813808
european_call_k100,crr,115,10.46583805983439,0.015254487648839188
european_call_k100,crr,116,10.433363371345123,-0.017220200840426969
european_call_k100,crr,117,10.465577071885088,0.014993499699537338
european_call_k100,crr,118,10.433654923469335,-0.016928648716215022
european_call_k100,crr,119,10.465324864044236,0.014741291858685557
european_call_k100,crr,120,10.433936767641676,-0.016646804543874794
european_call_k100,crr,121,10.465081000577435,0.014497428391884171
european_call_k100,crr,122,10.434209380792684,-0.016374191392866777
european_call_k100,crr,123,10.464845074117068,0.014261501931517984
european_call_k100,crr,124,10.4344732091132,-0.016110363072350253
european_call_k100,crr,125,10.46461670338239,0.014033131196839577
european_call_k100,crr,126,10.434728670498266,-0.015854901687283984
european_call_k100,crr,127,10.46439553113126,0.01381195894570908
european_call_k100,crr,128,10.434976156747027,-0.015607415438523731
european_call_k100,crr,129,10.464181222295924,0.013597650110373394
european_call_k100,crr,130,10.435216035575273,-0.015367536610277455
european_call_k100,crr,131,10.463973462280482,0.013389890094931189
european_call_k100,crr,132,10.435448652435172,-0.015134919750378728
european_call_k100,crr,133,10.463771955430095,0.013188383244544966
european_call_k100,crr,134,10.435674332172086,-0.014909240013464498
european_call_k100,crr,135,10.463576423619589,0.012992851434038499
european_call_k100,crr,136,10.435893380544716,-0.014690191640834627
european_call_k100,crr,137,10.463386604980439,0.01280303279488848
european_call_k100,crr,138,10.436106085600741,-0.014477486584809185
european_call_k100,crr,139,10.463202252722869,0.012618680537318738
european_call_k100,crr,140,10.436312718944551,-0.014270853240999415
european_call_k100,crr,141,10.46302313406968,0.012439561884129091
european_call_k100,crr,142,10.436513536895765,-0.014070035289785565
european_call_k100,crr,143,10.462849029277082,0.012265457091531928
european_call_k100,crr,144,10.436708781542855,-0.0138747906426957
european_call_k100,crr,145,10.462679730731139,0.012096158545588764
european_call_k100,crr,146,10.436898681721409,-0.01368489046414112
european_call_k100,crr,147,10.462515042127361,0.011931469941810491
european_call_k100,crr,148,10.437083453909867,-0.013500118275683093
european_call_k100,crr,149,10.462354777701721,0.011771205516170724
european_call_k100,crr,150,10.437263303052642,-0.01332026913290818
european_call_k100,crr,151,10.462198761545469,0.011615189359918787
european_call_k100,crr,152,10.437438423311978,-0.013145148873572765
european_call_k100,crr,153,10.46204682694847,0.011463254762919206
european_call_k100,crr,154,10.437608998778959,-0.012974573406591361
european_call_k100,crr,155,10.461898815814873,0.01131524362932268
european_call_k100,crr,156,10.437775204105236,-0.012808368080314381
european_call_k100,crr,157,10.46175457810663,0.011171005921079669
european_call_k100,crr,158,10.437937205112272,-0.012646367073278597
european_call_k100,crr,159,10.461613971339034,0.011030399153483472
european_call_k100,crr,160,10.438095159334885,-0.012488412850665043
european_call_k100,crr,161,10.461476860115591,0.010893287930040074
european_call_k100,crr,162,10.438249216532531,-0.012334355653019102
european_call_k100,crr,163,10.461343115686129,0.010759543500578062
european_call_k100,crr,164,10.438399519169,-0.012184053016550678
european_call_k100,crr,165,10.461212615547307,0.010629043361756629
european_call_k100,crr,166,10.438546202843835,-0.012037369341715731
european_call_k100,crr,167,10.461085243066186,0.010501670880636027
european_call_k100,crr,168,10.438689396709684,-0.011894175475866575
european_call_k100,crr,169,10.460960887134313,0.010377314948762262
european_call_k100,crr,170,10.438829223839845,-0.011754348345705878
european_call_k100,crr,171,10.460839441847639,0.010255869662088912
european_call_k100,crr,172,10.438965801592721,-0.011617770592829757
european_call_k100,crr,173,10.46072080620235,0.010137234016799113
european_call_k100,crr,174,10.439099241931277,-0.01148433025427309
european_call_k100,crr,175,10.460604883806376,0.010021311620825202
european_call_k100,crr,176,10.439229651736998,-0.011353920448552657
european_call_k100,crr,177,10.460491582639438,0.0099080104538877833
european_call_k100,crr,178,10.439357133085934,-0.011226439099615959
european_call_k100,crr,179,10.460380814782166,0.0097972425966155186
european_call_k100,crr,180,10.439481783524847,-0.011101788660702994
european_call_k100,crr,181,10.46027249621627,0.0096889240307191926
european_call_k100,crr,182,10.439603696313338,-0.01097987587221283
european_call_k100,crr,183,10.460166546592216,0.0095829744066655564
european_call_k100,crr,184,10.439722960661136,-0.01086061152441431
european_call_k100,crr,185,10.460062889036426,0.009479316850875108
european_call_k100,crr,186,10.439839661944536,-0.010743910241014731
european_call_k100,crr,187,10.459961449965547,0.0093778777799968793
european_call_k100,crr,188,10.439953881905499,-0.010629690280051562
european_call_k100,crr,189,10.459862158914186,0.0092785867286355739
european_call_k100,crr,190,10.440065698850763,-0.010517873334787708
european_call_k100,crr,191,10.459764948373131,0.0091813761875805255
european_call_k100,crr,192,10.440175187820206,-0.010408384365344858
european_call_k100,crr,193,10.459669753625445,0.0090861814398941476
european_call_k100,crr,194,10.440282420770449,-0.010301151415101018
european_call_k100,crr,195,10.459576512614898,0.0089929404293478399
european_call_k100,crr,196,10.440387466713005,-0.010196105472545014
european_call_k100,crr,197,10.459485165805813,0.0089015936202621049
european_call_k100,crr,198,10.440490391883731,-0.01009318030181916
european_call_k100,crr,199,10.459395656059318,0.0088120838737673068
european_call_k100,crr,200,10.440591259860078,-0.0099923123254725965
european_call_k100,crr,201,10.459307928509238,0.008724356323687843
european_call_k100,crr,202,10.440690131708642,-0.0098934404769082107
european_call_k100,crr,203,10.459221930454063,0.0086383582685130023
european_call_k100,crr,204,10.440787066106271,-0.00979650607927951
european_call_k100,crr,205,10.459137611249545,0.0085540390639948782
european_call_k100,crr,206,10.440882119443025,-0.0097014527425258734
european_call_k100,crr,207,10.459054922206063,0.0084713500205122472
european_call_k100,crr,208,10.440975345949717,-0.0096082262358336834
european_call_k100,crr,209,10.458973816507504,0.008390244321953233
european_call_k100,crr,210,10.44106679778967,-0.0095167743958803896
european_call_k100,crr,211,10.458894249103668,0.0083106769181178208
european_call_k100,crr,212,10.441156525158711,-0.0094270470268398299
european_call_k100,crr,213,10.458816176645211,0.0082326044596605641
european_call_k100,crr,214,10.441244576375851,-0.0093389958096992132
european_call_k100,crr,215,10.458739557388224,0.0081559852026735769
european_call_k100,crr,216,10.441330997976703,-0.0092525742088476193
european_call_k100,crr,217,10.458664351135948,0.0080807789503971605
european_call_k100,crr,218,10.441415834784646,-0.0091677374009044854
european_call_k100,crr,219,10.458590519160046,0.0080069469744952215
european_call_k100,crr,220,10.441499129997272,-0.0090844421882785298
european_call_k100,crr,221,10.458518024129448,0.0079344519438979688
european_call_k100,crr,222,10.44158092525106,-0.0090026469344905991
european_call_k100,crr,223,10.45844683005706,0.0078632578715094326
european_call_k100,crr,224,10.441661260707868,-0.0089223114776828538
european_call_k100,crr,225,10.458376902237163,0.0077933300516122017
european_call_k100,crr,226,10.441740175097188,-0.0088433970883627921
european_call_k100,crr,227,10.458308207181101,0.007724634995550872
european_call_k100,crr,228,10.441817705791898,-0.0087658663936522885
european_call_k100,crr,229,10.458240712577027,0.007657140391476247
european_call_k100,crr,230,10.441893888874645,-0.0086896833109051386
european_call_k100,crr,231,10.45817438723423,0.0075908150486796444
european_call_k100,crr,232,10.441968759173086,-0.0086148130124641398
european_call_k100,crr,233,10.458109201024442,0.0075256288388914072
european_call_k100,crr,234,10.442042350331267,-0.0085412218542835205
european_call_k100,crr,235,10.458045124850027,0.0074615526644770114
european_call_k100,crr,236,10.44211469485437,-0.0084688773311807353
european_call_k100,crr,237,10.457982130604337,0.0073985584187870046
european_call_k100,crr,238,10.442185824151974,-0.0083977480335768462
european_call_k100,crr,239,10.457920191105774,0.0073366189202239696
european_call_k100,crr,240,10.442255768587199,-0.008327803598351835
european_call_k100,crr,241,10.457859280089597,0.0072757079040464134
european_call_k100,crr,242,10.442324557523898,-0.0082590146616521309
european_call_k100,crr,243,10.457799372150024,0.0072157999644737458
european_call_k100,crr,244,10.442392219358556,-0.008191352826994347
european_call_k100,crr,245,10.457740442710442,0.0071568705248914455
european_call_k100,crr,246,10.44245878156697,-0.0081247906185808461
european_call_k100,crr,247,10.457682467987306,0.0070988958017554893
european_call_k100,crr,248,10.442524270741785,-0.008059301443765321
european_call_k100,crr,249,10.457625424973603,0.0070418527880526938
european_call_k100,crr,250,10.442588712621925,-0.007994859563625667
european_call_k100,crr,251,10.457569291384278,0.0069857191987274803
european_call_k100,crr,252,10.442652132127719,-0.0079314400578311961
european_call_k100,crr,253,10.457514045645956,0.0069304734604056506
european_call_k100,crr,254,10.442714553402901,-0.0078690187826495617
european_call_k100,crr,255,10.457459666856753,0.0068760946712025373
european_call_k100,crr,256,10.442775999824457,-0.0078075723610933068
european_call_k100,crr,257,10.457406134769263,0.0068225625837126103
european_call_k100,crr,258,10.442836494060259,-0.0077470781252912957
european_call_k100,crr,259,10.457353429761248,0.006769857575697813
european_call_k100,crr,260,10.442896058067371,-0.0076875141181798057
european_call_k100,crr,261,10.457301532810693,0.0067179606251421831
european_call_k100,crr,262,10.44295471314223,-0.0076288590433204462
european_call_k100,crr,263,10.457250425477234,0.0066668532916835943
european_call_k100,crr,264,10.443012479927742,-0.0075710922578089423
european_call_k100,crr,265,10.457200089876855,0.0066165176913042245
european_call_k100,crr,266,10.443069378454755,-0.0075141937307954265
european_call_k100,crr,267,10.457150508657541,0.006566936471990914
european_call_k100,crr,268,10.443125428152904,-0.0074581440326468851
european_call_k100,crr,269,10.457101664987693,0.006518092802142661
european_call_k100,crr,270,10.443180647872193,-0.0074029243133573175
european_call_k100,crr,271,10.457053542534302,0.0064699703487516302
european_call_k100,crr,272,10.443235055916219,-0.0073485162693316397
european_call_k100,crr,273,10.457006125438555,0.0064225532530048923
european_call_k100,crr,274,10.443288670049604,-0.0072949021359463018
european_call_k100,crr,275,10.45695939830663,0.0063758261210793421
european_call_k100,crr,276,10.443341507526984,-0.0072420646585662496
european_call_k100,crr,277,10.456913346183047,0.0063297739974963463
european_call_k100,crr,278,10.443393585093009,-0.0071899870925413722
european_call_k100,crr,279,10.456867954548914,0.0062843823633631501
european_call_k100,crr,280,10.44344491903518,-0.0071386531503705442
european_call_k100,crr,281,10.456823209298417,0.0062396371128663475
european_call_k100,crr,282,10.443495525158111,-0.0070880470274392593
european_call_k100,crr,283,10.456779096720538,0.0061955245349878396
european_call_k100,crr,284,10.443545418841332,-0.007038153344218756
european_call_k100,crr,285,10.45673560348828,0.0061520313027294549
european_call_k100,crr,286,10.443594615016973,-0.0069889571685770591
european_call_k100,crr,287,10.456692716652613,0.0061091444670626771
european_call_k100,crr,288,10.443643128210162,-0.0069404439753881775
european_call_k100,crr,289,10.456650423619699,0.0060668514341486457
european_call_k100,crr,290,10.443690972553766,-0.0068925996317847904
european_call_k100,crr,291,10.456608712139985,0.0060251399544348772
european_call_k100,crr,292,10.443738161774295,-0.0068454104112554148
european_call_k100,crr,293,10.45656757030244,0.0059839981168892109
european_call_k100,crr,294,10.443784709243126,-0.0067988629424249325
european_call_k100,crr,295,10.456526986514843,0.0059434143292929065
european_call_k100,crr,296,10.443830627963191,-0.0067529442223595026
european_call_k100,crr,297,10.45648694950118,0.0059033773156293989
european_call_k100,crr,298,10.44387593058384,-0.0067076416017108897
european_call_k100,crr,299,10.456447448287225,0.0058638761016744922
european_call_k100,crr,300,10.443920629423939,-0.0066629427616113901
european_call_k100,crr,301,10.456408472182027,0.0058248999964760628
european_call_k100,crr,302,10.443964736474589,-0.0066188357109613349
european_call_k100,crr,303,10.456370010788953,0.0057864386034029991
european_call_k100,crr,304,10.444008263411401,-0.0065753087741491356
european_call_k100,crr,305,10.456332053982901,0.0057484817973509905
european_call_k100,crr,306,10.444051221604314,-0.006532350581236912
european_call_k100,crr,307,10.45629459188982,0.005711019704270015
european_call_k100,crr,308,10.444093622126083,-0.0064899500594677306
european_call_k100,crr,309,10.45625761490809,0.0056740427225392409
european_call_k100,crr,310,10.444135475769636,-0.0064480964159141507
european_call_k100,crr,311,10.45622111367264,0.0056375414870899476
european_call_k100,crr,312,10.444176793042486,-0.0064067791430648668
european_call_k100,crr,313,10.45618507906206,0.0056015068765091769
european_call_k100,crr,314,10.444217584196847,-0.0063659879887030257
european_call_k100,crr,315,10.45614950218269,0.0055659299971395626
european_call_k100,crr,316,10.444257859209742,-0.0063257129758085284
european_call_k100,crr,317,10.456114374368017,0.0055308021824664877
european_call_k100,crr,318,10.444297627821946,-0.0062859443636043011
european_call_k100,crr,319,10.456079687174004,0.0054961149884533711
european_call_k100,crr,320,10.444336899521529,-0.0062466726640213466
european_call_k100,crr,321,10.456045432356731,0.0054618601711808878
european_call_k100,crr,322,10.444375683569442,-0.0062078886161085478
european_call_k100,crr,323,10.456011601882071,0.0054280296965210084
european_call_k100,crr,324,10.444413988985801,-0.0061695831997496953
european_call_k100,crr,325,10.45597818791482,0.0053946157292692476
european_call_k100,crr,326,10.444451824577319,-0.0061317476082312083
european_call_k100,crr,327,10.455945182814805,0.005361610629254443
european_call_k100,crr,328,10.444489198938758,-0.0060943732467926282
european_call_k100,crr,329,10.455912579112432,0.0053290069268818741
european_call_k100,crr,330,10.444526120452542,-0.0060574517330085342
european_call_k100,crr,331,10.45588036954118,0.0052967973556299341
european_call_k100,crr,332,10.444562597296873,-0.0060209748886776993
european_call_k100,crr,333,10.455848546992666,0.0052649748071154079
european_call_k100,crr,334,10.444598637458352,-0.0059849347271985209
european_call_k100,crr,335,10.455817104531572,0.005233532346021974
european_call_k100,crr,336,10.44463424873069,-0.0059493234548604335
european_call_k100,crr,337,10.455786035386613,0.0052024632010621019
european_call_k100,crr,338,10.444669438724638,-0.0059141334609122964
european_call_k100,crr,339,10.455755332952888,0.0051717607673378296
european_call_k100,crr,340,10.444704214877031,-0.0058793573085189621
european_call_k100,crr,341,10.455724990773259,0.0051414185877085572
european_call_k100,crr,342,10.444738584435658,-0.0058449877498922831
european_call_k100,crr,343,10.455695002545827,0.0051114303602766142
european_call_k100,crr,344,10.444772554497757,-0.0058110176877939068
european_call_k100,crr,345,10.455665362114981,0.0050817899294308688
european_call_k100,crr,346,10.444806131986606,-0.005777440198944106
european_call_k100,crr,347,10.455636063462343,0.0050524912767926367
european_call_k100,crr,348,10.444839323666686,-0.0057442485188641257
european_call_k100,crr,349,10.455607100708477,0.0050235285229263127
european_call_k100,crr,350,10.444872136144955,-0.0057114360405954301
european_call_k100,crr,351,10.45557846811262,0.0049948959270693649
european_call_k100,crr,352,10.444904575895205,-0.0056789962903458502
european_call_k100,crr,353,10.455550160059932,0.004966587874381645
european_call_k100,crr,354,10.444936649218608,-0.0056469229669424692
european_call_k100,crr,355,10.455522171066333,0.0049385988807824077
european_call_k100,crr,356,10.444968362299075,-0.0056152098864750144
european_call_k100,crr,357,10.455494495764398,0.0049109235788478145
european_call_k100,crr,358,10.444999721171104,-0.0055838510144461395
european_call_k100,crr,359,10.455467128914197,0.0048835567286467096
european_call_k100,crr,360,10.445030731727886,-0.0055528404576641321
european_call_k100,crr,361,10.455440065381719,0.0048564931961685431
european_call_k100,crr,362,10.445061399751788,-0.0055221724337624067
european_call_k100,crr,363,10.45541330015676,0.0048297279712095076
european_call_k100,crr,364,10.445091730876477,-0.0054918413090732088
european_call_k100,crr,365,10.455386828331548,0.0048032561459976364
european_call_k100,crr,366,10.445121730628905,-0.0054618415566451972
european_call_k100,crr,367,10.455360645109792,0.0047770729242415655
european_call_k100,crr,368,10.445151404407909,-0.005432167777641439
european_call_k100,crr,369,10.455334745795936,0.0047511736103853508
european_call_k100,crr,370,10.445180757505073,-0.0054028146804778743
european_call_k100,crr,371,10.455309125797946,0.0047255536123955721
european_call_k100,crr,372,10.445209795078837,-0.0053737771067137174
european_call_k100,crr,373,10.455283780621983,0.0047002084364322627
european_call_k100,crr,374,10.445238522195645,-0.0053450499899057036
european_call_k100,crr,375,10.455258705872353,0.0046751336868027238
european_call_k100,crr,376,10.445266943804953,-0.0053166283805978765
european_call_k100,crr,377,10.455233897240824,0.0046503250552731856
european_call_k100,crr,378,10.445295064764327,-0.0052885074212234429
european_call_k100,crr,379,10.455209350508078,0.0046257783225271965
european_call_k100,crr,380,10.445322889805094,-0.005260682380455961
european_call_k100,crr,381,10.45518506156078,0.0046014893752293062
european_call_k100,crr,382,10.445350423581489,-0.0052331486040610997
european_call_k100,crr,383,10.455161026346513,0.0045774541609624464
european_call_k100,crr,384,10.44537767064563,-0.0052059015399201769
european_call_k100,crr,385,10.455137240921147,0.0045536687355962613
european_call_k100,crr,386,10.445404635442671,-0.005178936742879614
european_call_k100,crr,387,10.455113701402928,0.0045301292173771657
european_call_k100,crr,388,10.445431322346165,-0.0051522498393854477
european_call_k100,crr,389,10.455090404003434,0.004506831817883139
european_call_k100,crr,390,10.445457735630219,-0.0051258365553312757
european_call_k100,crr,391,10.455067345000437,0.0044837728148863221
european_call_k100,crr,392,10.445483879474255,-0.0050996927112958446
european_call_k100,crr,393,10.45504452075909,0.0044609485735396248
european_call_k100,crr,394,10.445509757978401,-0.005073814207149141
european_call_k100,crr,395,10.455021927711377,0.0044383555258260543
european_call_k100,crr,396,10.445535375171115,-0.0050481970144353738
european_call_k100,crr,397,10.454999562359653,0.0044159901741025465
european_call_k100,crr,398,10.44556073498795,-0.0050228371976004382
european_call_k100,crr,399,10.454977421275931,0.0043938490903805416
european_call_k100,crr,400,10.445585841283894,-0.0049977309016568938
european_call_k100,crr_averaged,10,10.432304570373699,-0.018279001811851714
european_call_k100,crr_averaged,11,10.448524805938787,-0.0020587662467637102
european_call_k100,crr_averaged,12,10.436099750122086,-0.014483822063464658
european_call_k100,crr_averaged,13,10.447740661566908,-0.0028429106186429465
european_call_k100,crr_averaged,14,10.438642428551853,-0.011941143633697138
european_call_k100,crr_averaged,15,10.447402282016213,-0.0031812901693371032
european_call_k100,crr_averaged,16,10.440453236519428,-0.010130335666122647
european_call_k100,crr_averaged,17,10.447283322283962,-0.0033002499015886144
european_call_k100,crr_averaged,18,10.441802734882913,-0.0087808373026376785
european_call_k100,crr_averaged,19,10.44727722073479,-0.0033063514507603031
european_call_k100,crr_averaged,20,10.442844284062376,-0.0077392881231741484
european_call_k100,crr_averaged,21,10.447330184739304,-0.0032533874462465917
european_call_k100,crr_averaged,22,10.443670805230209,-0.0069127669553417093
european_call_k100,crr_averaged,23,10.447413650947199,-0.0031699212383511366
european_call_k100,crr_averaged,24,10.444341652912541,-0.006241919273008989
european_call_k100,crr_averaged,25,10.447511901354282,-0.0030716708312681362
european_call_k100,crr_averaged,26,10.444896401603593,-0.0056871705819574458
european_call_k100,crr_averaged,27,10.447616087056661,-0.0029674851288898907
european_call_k100,crr_averaged,28,10.445362391132415,-0.0052211810531357372
european_call_k100,crr_averaged,29,10.447721176289685,-0.002862395895865788
european_call_k100,crr_averaged,30,10.445759081850644,-0.004824490334906173
european_call_k100,crr_averaged,31,10.447824322430805,-0.0027592497547459516
european_call_k100,crr_averaged,32,10.446100683038949,-0.00448288914660111
european_call_k100,crr_averaged,33,10.44792395773694,-0.0026596144486106255
european_call_k100,crr_averaged,34,10.446397800464322,-0.0041857717212288037
european_call_k100,crr_averaged,35,10.448019274232772,-0.0025642979527784604
european_call_k100,crr_averaged,36,10.44665850338215,-0.0039250688034009329
european_call_k100,crr_averaged,37,10.448109918724132,-0.0024736534614184791
european_call_k100,crr_averaged,38,10.446889035459712,-0.0036945367258383044
european_call_k100,crr_averaged,39,10.448195809928738,-0.0023877622568129198
european_call_k100,crr_averaged,40,10.44709430041614,-0.0034892717694106068
european_call_k100,crr_averaged,41,10.448277027088386,-0.0023065450971646584
european_call_k100,crr_averaged,42,10.44727820117464,-0.0033053710109101075
european_call_k100,crr_averaged,43,10.44835374135663,-0.0022298308289201429
european_call_k100,crr_averaged,44,10.447443881422066,-0.0031396907634846372
european_call_k100,crr_averaged,45,10.448426173263162,-0.0021573989223888645
european_call_k100,crr_averaged,46,10.44759390072049,-0.0029896714650607947
european_call_k100,crr_averaged,47,10.44849456631793,-0.0020890058676208412
european_call_k100,crr_averaged,48,10.447730363490486,-0.0028532086950647795
european_call_k100,crr_averaged,49,10.44855917073377,-0.0020244014517807329
european_call_k100,crr_averaged,50,10.447855015395641,-0.0027285567899095753
european_call_k100,crr_averaged,51,10.448620233539279,-0.0019633386462718505
european_call_k100,crr_averaged,52,10.447969316324976,-0.0026142558605748434
european_call_k100,crr_averaged,53,10.448677992765415,-0.0019055794201356946
european_call_k100,crr_averaged,54,10.448074496318789,-0.0025090758667616342
european_call_k100,crr_averaged,55,10.448732674217611,-0.0018508979679392468
european_call_k100,crr_averaged,56,10.44817159890154,-0.0024119732840102159
european_call_k100,crr_averaged,57,10.448784489900763,-0.0017990822847870902
european_call_k100,crr_averaged,58,10.448261515004532,-0.002322057181018522
european_call_k100,crr_averaged,59,10.448833637481508,-0.0017499347040423885
european_call_k100,crr_averaged,60,10.448345009765694,-0.0022385624198566489
european_call_k100,crr_averaged,61,10.448880300391224,-0.0017032717943266107
european_call_k100,crr_averaged,62,10.448422743892273,-0.0021608282932774614
european_call_k100,crr_averaged,63,10.448924648323279,-0.0016589238622710667
european_call_k100,crr_averaged,64,10.448495290828422,-0.0020882813571283521
european_call_k100,crr_averaged,65,10.448966837941207,-0.0016167342443438315
european_call_k100,crr_averaged,66,10.448563150649132,-0.0020204215364181266
european_call_k100,crr_averaged,67,10.449007013706076,-0.0015765584794742438
european_call_k100,crr_averaged,68,10.44862676139395,-0.0019568107916008159
european_call_k100,crr_averaged,69,10.449045308742271,-0.0015382634432796749
european_call_k100,crr_averaged,70,10.448686508367352,-0.001897063818198319
european_call_k100,crr_averaged,71,10.449081845706239,-0.0015017264793115714
european_call_k100,crr_averaged,72,10.448742731816282,-0.0018408403692689035
european_call_k100,crr_averaged,73,10.449116737622289,-0.0014668345632617985
european_call_k100,crr_averaged,74,10.448795733311172,-0.001787838874378167
european_call_k100,crr_averaged,75,10.449150088682437,-0.001433483503113564
european_call_k100,crr_averaged,76,10.448845781073498,-0.0017377911120526335
european_call_k100,crr_averaged,77,10.449181994989839,-0.0014015771957112122
european_call_k100,crr_averaged,78,10.44889311445109,-0.0016904577344600824
european_call_k100,crr_averaged,79,10.449212545249019,-0.001371026936531905
european_call_k100,crr_averaged,80,10.448937947687753,-0.0016456244977973711
european_call_k100,crr_averaged,81,10.449241821404218,-0.0013417507813322516
european_call_k100,crr_averaged,82,10.44898047312474,-0.0016030990608104645
european_call_k100,crr_averaged,83,10.44926989921796,-0.0013136729675906622
european_call_k100,crr_averaged,84,10.449020863921085,-0.0015627082644655843
european_call_k100,crr_averaged,85,10.44929684880683,-0.0012867233787208221
european_call_k100,crr_averaged,86,10.449059276382853,-0.0015242958026977504
european_call_k100,crr_averaged,87,10.449322735125048,-0.0012608370605029506
european_call_k100,crr_averaged,88,10.449095851958862,-0.0014877202266880829
european_call_k100,crr_averaged,89,10.449347618403865,-0.00123595378168595
european_call_k100,crr_averaged,90,10.449130718961188,-0.0014528532243627268
european_call_k100,crr_averaged,91,10.449371554551826,-0.0012120176337244715
european_call_k100,crr_averaged,92,10.449163994050558,-0.0014195781349926051
european_call_k100,crr_averaged,93,10.449394595520468,-0.0011889766650821088
european_call_k100,crr_averaged,94,10.449195783531833,-0.001387788653717692
european_call_k100,crr_averaged,95,10.449416789633737,-0.0011667825518131281
european_call_k100,crr_averaged,96,10.449226184469175,-0.0013573877163750581
european_call_k100,crr_averaged,97,10.449438181882854,-0.0011453903026961143
european_call_k100,crr_averaged,98,10.449255285670901,-0.001328286514649335
european_call_k100,crr_averaged,99,10.449458814206279,-0.0011247579792712514
european_call_k100,crr_averaged,100,10.44928316854676,-0.0013004036387904705
european_call_k100,crr_averaged,101,10.449478725730561,-0.0011048464549894277
european_call_k100,crr_averaged,102,10.449309907861894,-0.0012736643236568312
european_call_k100,crr_averaged,103,10.449497952997698,-0.001085619187852771
european_call_k100,crr_averaged,104,10.449335572395837,-0.0012479997897134609
european_call_k100,crr_averaged,105,10.449516530166797,-0.0010670420187537388
european_call_k100,crr_averaged,106,10.44936022553331,-0.0012233466522406644
european_call_k100,crr_averaged,107,10.449534489203847,-0.0010490829817033642
european_call_k100,crr_averaged,108,10.449383925780797,-0.0011996464047534516
european_call_k100,crr_averaged,109,10.449551860048468,-0.001031712137082863
european_call_k100,crr_averaged,110,10.449406727226403,-0.0011768449591471608
european_call_k100,crr_averaged,111,10.449568670770367,-0.0010149014151838998
european_call_k100,crr_averaged,112,10.449428679947113,-0.0011548922384374549
european_call_k100,crr_averaged,113,10.449584947705191,-0.00099862448035992202
european_call_k100,crr_averaged,114,10.449449830372563,-0.00113374181298731
european_call_k100,crr_averaged,115,10.449600715589757,-0.00098285659579389062
european_call_k100,crr_averaged,116,10.449470221615105,-0.0011133505704457036
european_call_k100,crr_averaged,117,10.449615997677212,-0.00096757450833884207
european_call_k100,crr_averaged,118,10.449489893756786,-0.0010936784287647328
european_call_k100,crr_averaged,119,10.449630815842955,-0.00095275634259550657
european_call_k100,crr_averaged,120,10.449508884109555,-0.0010746880759953115
european_call_k100,crr_averaged,121,10.449645190685059,-0.0009383815004913032
european_call_k100,crr_averaged,122,10.449527227454876,-0.0010563447306743967
european_call_k100,crr_averaged,123,10.449659141615134,-0.00092443057041613486
european_call_k100,crr_averaged,124,10.449544956247795,-0.0010386159377553383
european_call_k100,crr_averaged,125,10.449672686940328,-0.00091088524522220382
european_call_k100,crr_averaged,126,10.449562100814763,-0.0010214713707874523
european_call_k100,crr_averaged,127,10.449685843939143,-0.00089772824640732551
european_call_k100,crr_averaged,128,10.449578689521475,-0.0010048826640751685
european_call_k100,crr_averaged,129,10.449698628935598,-0.00088494324995203044
european_call_k100,crr_averaged,130,10.449594748927877,-0.00098882325767313262
european_call_k100,crr_averaged,131,10.449711057357828,-0.00087251482772288114
european_call_k100,crr_averaged,132,10.449610303932634,-0.00097326825291688124
european_call_k100,crr_averaged,133,10.449723143801091,-0.00086042838445976599
european_call_k100,crr_averaged,134,10.449625377895838,-0.00095819428971211096
european_call_k100,crr_averaged,135,10.449734902082152,-0.0008486701033980637
european_call_k100,crr_averaged,136,10.449639992762577,-0.00094357942297307318
european_call_k100,crr_averaged,137,10.44974634529059,-0.0008372268949603523
european_call_k100,crr_averaged,138,10.449654169161805,-0.00092940302374522332
european_call_k100,crr_averaged,139,10.449757485833711,-0.00082608635183945012
european_call_k100,crr_averaged,140,10.449667926507114,-0.00091564567843605005
european_call_k100,crr_averaged,141,10.449768335482723,-0.00081523670282734884
european_call_k100,crr_averaged,142,10.449681283086424,-0.00090228909912681843
european_call_k100,crr_averaged,143,10.449778905409968,-0.00080466677558277411
european_call_k100,crr_averaged,144,10.449694256136997,-0.00088931604855346791
european_call_k100,crr_averaged,145,10.449789206226274,-0.00079436595927617759
european_call_k100,crr_averaged,146,10.449706861924385,-0.00087671026116531436
european_call_k100,crr_averaged,147,10.449799248018614,-0.00078432416693630103
european_call_k100,crr_averaged,148,10.449719115805795,-0.00086445637975529621
european_call_k100,crr_averaged,149,10.449809040377183,-0.00077453180836783986
european_call_k100,crr_averaged,150,10.449731032299056,-0.00085253988649469647
european_call_k100,crr_averaged,151,10.449818592428723,-0.00076497975682698893
european_call_k100,crr_averaged,152,10.449742625130224,-0.00084094705532677949
european_call_k100,crr_averaged,153,10.449827912863714,-0.00075565932183607742
european_call_k100,crr_averaged,154,10.449753907296916,-0.00082966488863434051
european_call_k100,crr_averaged,155,10.449837009960055,-0.00074656222549585038
european_call_k100,crr_averaged,156,10.449764891105932,-0.00081868107961824421
european_call_k100,crr_averaged,157,10.449845891609451,-0.00073768057609946425
european_call_k100,crr_averaged,158,10.449775588225652,-0.00080798395989845062
european_call_k100,crr_averaged,159,10.44985456533696,-0.00072900684859078524
european_call_k100,crr_averaged,160,10.449786009725237,-0.00079756246031337241
european_call_k100,crr_averaged,161,10.449863038324061,-0.00072053386148951404
european_call_k100,crr_averaged,162,10.44979616610933,-0.00078740607622052039
european_call_k100,crr_averaged,163,10.449871317427565,-0.00071225475798541993
european_call_k100,crr_averaged,164,10.449806067358153,-0.0007775048273970242
european_call_k100,crr_averaged,165,10.449879409195571,-0.00070416298997955096
european_call_k100,crr_averaged,166,10.449815722955011,-0.0007678492305398521
european_call_k100,crr_averaged,167,10.449887319887935,-0.00069625229761527407
european_call_k100,crr_averaged,168,10.449825141921998,-0.0007584302635521567
european_call_k100,crr_averaged,169,10.44989505548708,-0.00068851669847092012
european_call_k100,crr_averaged,170,10.449834332843743,-0.00074923934180759488
european_call_k100,crr_averaged,171,10.449902621720181,-0.00068095046536953419
european_call_k100,crr_averaged,172,10.449843303897534,-0.00074026828801621036
european_call_k100,crr_averaged,173,10.449910024066813,-0.0006735481187369885
european_call_k100,crr_averaged,174,10.449852062868827,-0.00073150931672394393
european_call_k100,crr_averaged,175,10.449917267771687,-0.00066630441386372752
european_call_k100,crr_averaged,176,10.449860617188218,-0.00072295499733243673
european_call_k100,crr_averaged,177,10.449924357862686,-0.00065921432286408788
european_call_k100,crr_averaged,178,10.44986897393405,-0.00071459825150022027
european_call_k100,crr_averaged,179,10.449931299153507,-0.00065227303204373754
european_call_k100,crr_averaged,180,10.449877139870559,-0.00070643231499190051
european_call_k100,crr_averaged,181,10.449938096264804,-0.00064547592074681859
european_call_k100,crr_averaged,182,10.449885121452777,-0.00069845073277363667
european_call_k100,crr_averaged,183,10.449944753626676,-0.00063881855887437666
european_call_k100,crr_averaged,184,10.449892924848781,-0.00069064733676960088
european_call_k100,crr_averaged,185,10.449951275490481,-0.00063229669506981168
european_call_k100,crr_averaged,186,10.449900555955042,-0.00068301623050892601
european_call_k100,crr_averaged,187,10.449957665935523,-0.00062590625002734157
european_call_k100,crr_averaged,188,10.449908020409843,-0.00067555177570710612
european_call_k100,crr_averaged,189,10.449963928882475,-0.00061964330307517912
european_call_k100,crr_averaged,190,10.449915323611947,-0.00066824857360359147
european_call_k100,crr_averaged,191,10.449970068096668,-0.00061350408888216634
european_call_k100,crr_averaged,192,10.449922470722825,-0.0006611014627253553
european_call_k100,crr_averaged,193,10.449976087197946,-0.00060748498760432312
european_call_k100,crr_averaged,194,10.449929466692673,-0.00065410549287747699
european_call_k100,crr_averaged,195,10.449981989663952,-0.00060158252159858705
european_call_k100,crr_averaged,196,10.449936316259409,-0.00064725592614145455
european_call_k100,crr_averaged,197,10.449987778844772,-0.00059579334077852764
european_call_k100,crr_averaged,198,10.449943023971525,-0.00064054821402592665
european_call_k100,crr_averaged,199,10.449993457959698,-0.00059011422585264484
european_call_k100,crr_averaged,200,10.449949594184659,-0.00063397800089148859
european_call_k100,crr_averaged,201,10.449999030108941,-0.00058454207660929569
european_call_k100,crr_averaged,202,10.449956031081353,-0.00062754110419760423
european_call_k100,crr_averaged,203,10.450004498280167,-0.00057907390538325387
european_call_k100,crr_averaged,204,10.449962338677908,-0.00062123350764231589
european_call_k100,crr_averaged,205,10.450009865346285,-0.00057370683926549759
european_call_k100,crr_averaged,206,10.449968520824545,-0.00061505136100592495
european_call_k100,crr_averaged,207,10.450015134077891,-0.00056843810765982994
european_call_k100,crr_averaged,208,10.449974581228609,-0.00060899095694111338
european_call_k100,crr_averaged,209,10.450020307148588,-0.00056326503696269015
european_call_k100,crr_averaged,210,10.449980523446669,-0.00060304873888128441
european_call_k100,crr_averaged,211,10.450025387131189,-0.00055818505436100452
european_call_k100,crr_averaged,212,10.449986350901961,-0.00059722128358963289
european_call_k100,crr_averaged,213,10.450030376510531,-0.00055319567501932454
european_call_k100,crr_averaged,214,10.449992066882038,-0.00059150530351281816
european_call_k100,crr_averaged,215,10.450035277682463,-0.00054829450308702121
european_call_k100,crr_averaged,216,10.449997674556325,-0.00058589762922522937
european_call_k100,crr_averaged,217,10.450040092960297,-0.00054347922525366243
european_call_k100,crr_averaged,218,10.450003176972345,-0.00058039521320552012
european_call_k100,crr_averaged,219,10.450044824578658,-0.00053874760689254231
european_call_k100,crr_averaged,220,10.450008577063361,-0.0005749951221893923
european_call_k100,crr_averaged,221,10.450049474690253,-0.0005340974952972033
european_call_k100,crr_averaged,222,10.45001387765406,-0.00056969453149058324
european_call_k100,crr_averaged,223,10.450054045382464,-0.00052952680308671063
european_call_k100,crr_averaged,224,10.450019081472515,-0.00056449071303532605
european_call_k100,crr_averaged,225,10.450058538667175,-0.00052503351837529522
european_call_k100,crr_averaged,226,10.450024191139144,-0.00055938104640596009
european_call_k100,crr_averaged,227,10.4500629564865,-0.00052061569905070826
european_call_k100,crr_averaged,228,10.450029209184462,-0.00055436300108802072
european_call_k100,crr_averaged,229,10.450067300725836,-0.00051627145971444577
european_call_k100,crr_averaged,230,10.450034138054438,-0.00054943413111274708
european_call_k100,crr_averaged,231,10.450071573203658,-0.00051199898189224768
european_call_k100,crr_averaged,232,10.450038980098764,-0.00054459208678636628
european_call_k100,crr_averaged,233,10.450075775677854,-0.00050779650769605666
european_call_k100,crr_averaged,234,10.450043737590647,-0.00053983459490325458
european_call_k100,crr_averaged,235,10.450079909852199,-0.00050366233335097377
european_call_k100,crr_averaged,236,10.450048412729354,-0.00053515945619686534
european_call_k100,crr_averaged,237,10.450083977378156,-0.00049959480739403261
european_call_k100,crr_averaged,238,10.450053007628874,-0.00053056455667643831
european_call_k100,crr_averaged,239,10.450087979846487,-0.00049559233906393274
european_call_k100,crr_averaged,240,10.450057524338398,-0.0005260478471527108
european_call_k100,crr_averaged,241,10.450091918806748,-0.00049165337880197058
european_call_k100,crr_averaged,242,10.450061964836962,-0.00052160734858830438
european_call_k100,crr_averaged,243,10.45009579575429,-0.00048777643126030057
european_call_k100,crr_averaged,244,10.450066331034499,-0.00051724115105145074
european_call_k100,crr_averaged,245,10.450099612138706,-0.00048396004684470029
european_call_k100,crr_averaged,246,10.450070624777137,-0.00051294740841356656
european_call_k100,crr_averaged,247,10.450103369364545,-0.00048020282100580403
european_call_k100,crr_averaged,248,10.450074847857694,-0.00050872432785631361
european_call_k100,crr_averaged,249,10.450107068797763,-0.00047650338778737478
european_call_k100,crr_averaged,250,10.4500790020031,-0.00050457018244998153
european_call_k100,crr_averaged,251,10.450110711755999,-0.00047286042955185792
european_call_k100,crr_averaged,252,10.450083088886839,-0.00050048329871188457
european_call_k100,crr_averaged,253,10.450114299524429,-0.00046927266112106736
european_call_k100,crr_averaged,254,10.450087110129827,-0.00049646205572351221
european_call_k100,crr_averaged,255,10.450117833340606,-0.00046573884494449658
european_call_k100,crr_averaged,256,10.45009106729686,-0.00049250488869034825
european_call_k100,crr_averaged,257,10.450121314414762,-0.00046225777078845454
european_call_k100,crr_averaged,258,10.450094961910754,-0.00048861027479674135
european_call_k100,crr_averaged,259,10.450124743914309,-0.00045882827124188452
european_call_k100,crr_averaged,260,10.450098795439033,-0.00048477674651792313
european_call_k100,crr_averaged,261,10.450128122976462,-0.00045544920908824338
european_call_k100,crr_averaged,262,10.450102569309731,-0.00048100287581931411
european_call_k100,crr_averaged,263,10.450131452702488,-0.00045211948306267402
european_call_k100,crr_averaged,264,10.450106284902297,-0.0004772872832532471
european_call_k100,crr_averaged,265,10.450134734165804,-0.00044883801974648918
european_call_k100,crr_averaged,266,10.450109943556148,-0.00047362862940225625
european_call_k100,crr_averaged,267,10.450137968405222,-0.00044560378032798553
european_call_k100,crr_averaged,268,10.450113546570298,-0.00047002561525211206
european_call_k100,crr_averaged,269,10.450141156429943,-0.00044241575560732826
european_call_k100,crr_averaged,270,10.450117095203247,-0.0004664769823037318
european_call_k100,crr_averaged,271,10.450144299225261,-0.00043927296028911655
european_call_k100,crr_averaged,272,10.450120590677386,-0.00046298150816426187
european_call_k100,crr_averaged,273,10.450147397744079,-0.0004361744414715929
european_call_k100,crr_averaged,274,10.450124034178117,-0.00045953800743347983
european_call_k100,crr_averaged,275,10.450150452916807,-0.00043311926874345374
european_call_k100,crr_averaged,276,10.450127426855015,-0.00045614533053495165
european_call_k100,crr_averaged,277,10.450153465638028,-0.00043010654752251298
european_call_k100,crr_averaged,278,10.450130769820962,-0.00045280236458822287
european_call_k100,crr_averaged,279,10.450156436792046,-0.00042713539350458518
european_call_k100,crr_averaged,280,10.450134064166798,-0.00044950801875209834
european_call_k100,crr_averaged,281,10.450159367228263,-0.00042420495728734409
european_call_k100,crr_averaged,282,10.450137310939326,-0.00044626124622482166
european_call_k100,crr_averaged,283,10.450162257780935,-0.00042131440461545822
european_call_k100,crr_averaged,284,10.450140511164806,-0.00044306102074465059
european_call_k100,crr_averaged,285,10.450165109252627,-0.0004184629329238021
european_call_k100,crr_averaged,286,10.450143665834794,-0.0004399063507563028
european_call_k100,crr_averaged,287,10.450167922431387,-0.00041564975416363836
european_call_k100,crr_averaged,288,10.450146775914931,-0.00043679627061976589
european_call_k100,crr_averaged,289,10.450170698086733,-0.00041287409881718418
european_call_k100,crr_averaged,290,10.450149842346875,-0.0004337298386758448
european_call_k100,crr_averaged,291,10.45017343695714,-0.00041013522841026884
european_call_k100,crr_averaged,292,10.450152866038367,-0.00043070614718310196
european_call_k100,crr_averaged,293,10.450176139772783,-0.0004074324127678608
european_call_k100,crr_averaged,294,10.450155847878985,-0.00042772430656512483
european_call_k100,crr_averaged,295,10.450178807239016,-0.00040476494653418627
european_call_k100,crr_averaged,296,10.450158788732185,-0.00042478345336505186
european_call_k100,crr_averaged,297,10.45018144004251,-0.0004021321430407454
european_call_k100,crr_averaged,298,10.450161689435532,-0.00042188275001819875
european_call_k100,crr_averaged,299,10.450184038855582,-0.00039953332996844892
european_call_k100,crr_averaged,300,10.450164550802983,-0.00041902138256766364
european_call_k100,crr_averaged,301,10.450186604328309,-0.00039696785724174788
european_call_k100,crr_averaged,302,10.450167373631771,-0.00041619855377916792
european_call_k100,crr_averaged,303,10.450189137100178,-0.00039443508537218008
european_call_k100,crr_averaged,304,10.450170158697151,-0.00041341348839907255
european_call_k100,crr_averaged,305,10.450191637793608,-0.00039193439194207258
european_call_k100,crr_averaged,306,10.450172906747067,-0.0004106654384834485
european_call_k100,crr_averaged,307,10.450194107007952,-0.00038946517759796961
european_call_k100,crr_averaged,308,10.450175618517086,-0.00040795366846424486
european_call_k100,crr_averaged,309,10.450196545338862,-0.00038702684668834308
european_call_k100,crr_averaged,310,10.450178294721137,-0.00040527746441298973
european_call_k100,crr_averaged,311,10.450198953357564,-0.00038461882798657143
european_call_k100,crr_averaged,312,10.450180936052273,-0.0004026361332769568
european_call_k100,crr_averaged,313,10.450201331629454,-0.00038224055609603624
european_call_k100,crr_averaged,314,10.45018354318977,-0.00040002899578084339
european_call_k100,crr_averaged,315,10.450203680696216,-0.00037989148933448291
european_call_k100,crr_averaged,316,10.450186116788879,-0.00039745539667102037
european_call_k100,crr_averaged,317,10.450206001094982,-0.0003775710905689067
european_call_k100,crr_averaged,318,10.450188657497975,-0.000394914687575465
european_call_k100,crr_averaged,319,10.450208293347767,-0.00037527883778309956
european_call_k100,crr_averaged,320,10.450191165939131,-0.00039240624641934119
european_call_k100,crr_averaged,321,10.450210557963086,-0.00037301422246471816
european_call_k100,crr_averaged,322,10.450193642725758,-0.00038992945979288152
european_call_k100,crr_averaged,323,10.450212795433936,-0.00037077675161434342
european_call_k100,crr_averaged,324,10.45019608845031,-0.00038748373524022384
european_call_k100,crr_averaged,325,10.450215006246069,-0.00036856593948186855
european_call_k100,crr_averaged,326,10.450198503696061,-0.00038506848948927086
european_call_k100,crr_averaged,327,10.450217190876781,-0.00036638130876909258
european_call_k100,crr_averaged,328,10.450200889025595,-0.00038268315995537705
european_call_k100,crr_averaged,329,10.450219349782486,-0.00036422240306421827
european_call_k100,crr_averaged,330,10.45020324499686,-0.00038032718869018822
european_call_k100,crr_averaged,331,10.450221483419027,-0.00036208876652388255
european_call_k100,crr_averaged,332,10.450205572144769,-0.00037800004078114569
european_call_k100,crr_averaged,333,10.450223592225509,-0.00035997996004155652
european_call_k100,crr_averaged,334,10.450207870994962,-0.00037570119058827345
european_call_k100,crr_averaged,335,10.450225676631131,-0.00035789555441922971
european_call_k100,crr_averaged,336,10.450210142058651,-0.00037343012689916577
european_call_k100,crr_averaged,337,10.450227737055625,-0.00035583512992509725
european_call_k100,crr_averaged,338,10.450212385838764,-0.00037118634678634521
european_call_k100,crr_averaged,339,10.450229773914959,-0.00035379827059145441
european_call_k100,crr_averaged,340,10.450214602825145,-0.00036896936040520245
european_call_k100,crr_averaged,341,10.450231787604459,-0.00035178458109186295
european_call_k100,crr_averaged,342,10.450216793490743,-0.00036677869480783443
european_call_k100,crr_averaged,343,10.450233778521792,-0.00034979366375864629
european_call_k100,crr_averaged,344,10.450218958306369,-0.000364613879181519
european_call_k100,crr_averaged,345,10.450235747050794,-0.00034782513475661858
european_call_k100,crr_averaged,346,10.450221097724475,-0.00036247446107573467
european_call_k100,crr_averaged,347,10.450237693564514,-0.00034587862103663269
european_call_k100,crr_averaged,348,10.450223212187581,-0.00036035999796979468
european_call_k100,crr_averaged,349,10.450239618426716,-0.0003439537588345587
european_call_k100,crr_averaged,350,10.450225302128787,-0.00035827005676303258
european_call_k100,crr_averaged,351,10.450241522003912,-0.00034205018163824263
european_call_k100,crr_averaged,352,10.450227367977568,-0.00035620420798210262
european_call_k100,crr_averaged,353,10.45024340463927,-0.00034016754628041213
european_call_k100,crr_averaged,354,10.45022941014247,-0.00035416204308091892
european_call_k100,crr_averaged,355,10.450245266682703,-0.00033830550284719152
european_call_k100,crr_averaged,356,10.450231429031737,-0.00035214315381359995
european_call_k100,crr_averaged,357,10.450247108467751,-0.00033646371779916251
european_call_k100,crr_averaged,358,10.450233425042651,-0.00035014714289971494
european_call_k100,crr_averaged,359,10.450248930321042,-0.00033464186450871125
european_call_k100,crr_averaged,360,10.450235398554803,-0.0003481736307477945
european_call_k100,crr_averaged,361,10.450250732566754,-0.00033283961879604362
european_call_k100,crr_averaged,362,10.450237349954275,-0.0003462222312755614
european_call_k100,crr_averaged,363,10.450252515516619,-0.0003310566689318506
european_call_k100,crr_averaged,364,10.450239279604013,-0.00034429258153778619
european_call_k100,crr_averaged,365,10.450254279480227,-0.00032929270532378041
european_call_k100,crr_averaged,366,10.450241187869349,-0.00034238431620181586
european_call_k100,crr_averaged,367,10.450256024758851,-0.00032754742669993675
european_call_k100,crr_averaged,368,10.450243075101923,-0.00034049708362715592
european_call_k100,crr_averaged,369,10.450257751650504,-0.00032582053504626174
european_call_k100,crr_averaged,370,10.450244941651508,-0.00033863053404203924
european_call_k100,crr_averaged,371,10.450259460438392,-0.00032411174715818447
european_call_k100,crr_averaged,372,10.450246787850411,-0.00033678433513983919
european_call_k100,crr_averaged,373,10.450261151408814,-0.00032242077673672043
european_call_k100,crr_averaged,374,10.450248614033999,-0.00033495815155148989
european_call_k100,crr_averaged,375,10.450262824838653,-0.00032074734689757634
european_call_k100,crr_averaged,376,10.450250420522888,-0.00033315166266234542
european_call_k100,crr_averaged,377,10.450264481002575,-0.00031909118297512862
european_call_k100,crr_averaged,378,10.450252207636202,-0.00033136454934812321
european_call_k100,crr_averaged,379,10.450266120156586,-0.00031745202896438229
european_call_k100,crr_averaged,380,10.450253975682937,-0.0003295965026133274
european_call_k100,crr_averaged,381,10.450267742571135,-0.00031582961441500856
european_call_k100,crr_averaged,382,10.450255724964002,-0.00032784722154843848
european_call_k100,crr_averaged,383,10.450269348496072,-0.00031422368947886525
european_call_k100,crr_averaged,384,10.450257455783388,-0.00032611640216195781
european_call_k100,crr_averaged,385,10.450270938181909,-0.00031263400364167637
european_call_k100,crr_averaged,386,10.4502591684228,-0.000324403762750336
european_call_k100,crr_averaged,387,10.450272511874546,-0.000311060311004141
european_call_k100,crr_averaged,388,10.450260863174799,-0.00032270901075115432
european_call_k100,crr_averaged,389,10.450274069816826,-0.00030950236872406833
european_call_k100,crr_averaged,390,10.450262540315329,-0.00032103187022158863
european_call_k100,crr_averaged,391,10.450275612237345,-0.00030795994820564943
european_call_k100,crr_averaged,392,10.450264200116672,-0.00031937206887810987
european_call_k100,crr_averaged,393,10.450277139368746,-0.00030643281680475809
european_call_k100,crr_averaged,394,10.450265842844889,-0.00031772934066154335
european_call_k100,crr_averaged,395,10.450278651441245,-0.00030492074430554794
european_call_k100,crr_averaged,396,10.450267468765384,-0.00031610342016641368
european_call_k100,crr_averaged,397,10.450280148673802,-0.00030342351174894588
european_call_k100,crr_averaged,398,10.450269078131941,-0.00031449405360994831
european_call_k100,crr_averaged,399,10.450281631279912,-0.0003019409056381761
european_call_k100,crr_averaged,400,10.450270671199508,-0.0003129009860423082
european_call_k100,leisen_reimer,11,10.44801839807436,-0.0025651741111900606
european_call_k100,leisen_reimer,13,10.448711675789834,-0.0018718963957162771
european_call_k100,leisen_reimer,15,10.449157326778931,-0.0014262454066198416
european_call_k100,leisen_reimer,17,10.449460746854591,-0.0011228253309596425
european_call_k100,leisen_reimer,19,10.449676645677911,-0.00090692650763912752
european_call_k100,leisen_reimer,21,10.44983573330309,-0.00074783888246088281
european_call_k100,leisen_reimer,23,10.449956335587414,-0.00062723659813634924
european_call_k100,leisen_reimer,25,10.450049940150244,-0.0005336320353066526
european_call_k100,leisen_reimer,27,10.450124045866165,-0.00045952631938561694
european_call_k100,leisen_reimer,29,10.450183716981766,-0.00039985520378493788
european_call_k100,leisen_reimer,31,10.450232473836367,-0.00035109834918323202
european_call_k100,leisen_reimer,33,10.450272825236084,-0.00031074694946653381
european_call_k100,leisen_reimer,35,10.450306598290144,-0.00027697389540648487
european_call_k100,leisen_reimer,37,10.450335149238139,-0.00024842294741134197
european_call_k100,leisen_reimer,39,10.45035950193035,-0.00022407025520010393
european_call_k100,leisen_reimer,41,10.450380441019579,-0.00020313116597137082
european_call_k100,leisen_reimer,43,10.450398576023503,-0.00018499616204792346
european_call_k100,leisen_reimer,45,10.450414386234907,-0.00016918595064296937
european_call_k100,leisen_reimer,47,10.450428252734291,-0.00015531945125957236
european_call_k100,leisen_reimer,49,10.450440481594864,-0.00014309059068651209
european_call_k100,leisen_reimer,51,10.450451320921937,-0.00013225126361327
european_call_k100,leisen_reimer,53,10.450460973554524,-0.00012259863102670465
european_call_k100,leisen_reimer,55,10.450469606618816,-0.00011396556673481939
european_call_k100,leisen_reimer,57,10.450477358822322,-0.0001062133632281359
european_call_k100,leisen_reimer,59,10.450484346059959,-9.9226125591656e-05
european_call_k100,leisen_reimer,61,10.450490665771227,-9.2906414323579156e-05
european_call_k100,leisen_reimer,63,10.450496400363733,-8.7171821817833006e-05
european_call_k100,leisen_reimer,65,10.450501619905214,-8.1952280336139438e-05
european_call_k100,leisen_reimer,67,10.450506384283411,-7.718790213928628e-05
european_call_k100,leisen_reimer,69,10.450510744923999,-7.2827261551111633e-05
european_call_k100,leisen_reimer,71,10.450514746192194,-6.8825993356114168e-05
european_call_k100,leisen_reimer,73,10.4505184265217,-6.5145663850074698e-05
european_call_k100,leisen_reimer,75,10.450521819341633,-6.1752843917517453e-05
european_call_k100,leisen_reimer,77,10.450524953838801,-5.861834674902866e-05
european_call_k100,leisen_reimer,79,10.450527855588485,-5.5716597065824658e-05
european_call_k100,leisen_reimer,81,10.450530547076863,-5.3025108687876354e-05
european_call_k100,leisen_reimer,83,10.450533048140473,-5.0524045077438018e-05
european_call_k100,leisen_reimer,85,10.450535376326153,-4.8195859397637264e-05
european_call_k100,leisen_reimer,87,10.450537547209716,-4.6024975834058068e-05
european_call_k100,leisen_reimer,89,10.450539574650151,-4.3997535399853405e-05
european_call_k100,leisen_reimer,91,10.45054147101267,-4.2101172880393278e-05
european_call_k100,leisen_reimer,93,10.450543247356567,-4.032482898352896e-05
european_call_k100,leisen_reimer,95,10.450544913602482,-3.8658583068951202e-05
european_call_k100,leisen_reimer,97,10.450546478661943,-3.7093523607367729e-05
european_call_k100,leisen_reimer,99,10.450547950567351,-3.5621618199144223e-05
european_call_k100,leisen_reimer,101,10.450549336566421,-3.423561912896389e-05
european_call_k100,leisen_reimer,103,10.450550643220247,-3.2928965303824498e-05
european_call_k100,leisen_reimer,105,10.450551876468714,-3.1695716836921406e-05
european_call_k100,leisen_reimer,107,10.450553041707959,-3.0530477591383942e-05
european_call_k100,leisen_reimer,109,10.450554143850212,-2.9428335338366196e-05
european_call_k100,leisen_reimer,111,10.450555187371233,-2.8384814317661267e-05
european_call_k100,leisen_reimer,113,10.450556176354533,-2.7395831017074102e-05
european_call_k100,leisen_reimer,115,10.450557114535119,-2.6457650431410684e-05
european_call_k100,leisen_reimer,117,10.450558005335047,-2.5566850503366823e-05
european_call_k100,leisen_reimer,119,10.450558851893557,-2.4720291992963439e-05
european_call_k100,leisen_reimer,121,10.450559657086295,-2.3915099255589212e-05
european_call_k100,leisen_reimer,123,10.450560423573361,-2.3148612189771711e-05
european_call_k100,leisen_reimer,125,10.450561153790417,-2.2418395133172453e-05
european_call_k100,leisen_reimer,127,10.450561849991605,-2.1722193945805657e-05
european_call_k100,leisen_reimer,129,10.450562514258817,-2.1057926733902832e-05
european_call_k100,leisen_reimer,131,10.450563148513776,-2.0423671774238983e-05
european_call_k100,leisen_reimer,133,10.450563754539786,-1.9817645764419467e-05
european_call_k100,leisen_reimer,135,10.450564333986243,-1.923819930738091e-05
european_call_k100,leisen_reimer,137,10.450564888384616,-1.8683800934837791e-05
european_call_k100,leisen_reimer,139,10.450565419160888,-1.8153024662126427e-05
european_call_k100,leisen_reimer,141,10.4505659276325,-1.7644553050644163e-05
european_call_k100,leisen_reimer,143,10.450566415038974,-1.7157146576352034e-05
european_call_k100,leisen_reimer,145,10.450566882522525,-1.6689663025815094e-05
european_call_k100,leisen_reimer,147,10.45056733115913,-1.6241026420615867e-05
european_call_k100,leisen_reimer,149,10.450567761945171,-1.5810240379110496e-05
european_call_k100,leisen_reimer,151,10.450568175815762,-1.539636978797887e-05
european_call_k100,leisen_reimer,153,10.450568573644073,-1.4998541477240224e-05
european_call_k100,leisen_reimer,155,10.450568956248263,-1.4615937287132397e-05
european_call_k100,leisen_reimer,157,10.450569324401766,-1.4247783784782087e-05
european_call_k100,leisen_reimer,159,10.450569678811991,-1.3893373559170641e-05
european_call_k100,leisen_reimer,161,10.450570020163845,-1.3552021705720563e-05
european_call_k100,leisen_reimer,163,10.450570349090363,-1.3223095187697709e-05
european_call_k100,leisen_reimer,165,10.45057066618504,-1.2906000510071181e-05
european_call_k100,leisen_reimer,167,10.450570972007352,-1.2600178198596268e-05
european_call_k100,leisen_reimer,169,10.450571267085335,-1.2305100215215248e-05
european_call_k100,leisen_reimer,171,10.450571551918072,-1.2020267478263236e-05
european_call_k100,leisen_reimer,173,10.450571826978225,-1.174520732583062e-05
european_call_k100,leisen_reimer,175,10.450572092700877,-1.1479484673060369e-05
european_call_k100,leisen_reimer,177,10.450572349506363,-1.1222679187739004e-05
european_call_k100,leisen_reimer,179,10.450572597787637,-1.0974397913088296e-05
european_call_k100,leisen_reimer,181,10.450572837922676,-1.0734262874123601e-05
european_call_k100,leisen_reimer,183,10.450573070261713,-1.0501923837225036e-05
european_call_k100,leisen_reimer,185,10.450573295138106,-1.027704744416269e-05
european_call_k100,leisen_reimer,187,10.450573512868189,-1.0059317361310605e-05
european_call_k100,leisen_reimer,189,10.450573723750896,-9.8484346544580603e-06
european_call_k100,leisen_reimer,191,10.45057392807086,-9.6441146908432529e-06
european_call_k100,leisen_reimer,193,10.450574126099301,-9.4460862491985154e-06
european_call_k100,leisen_reimer,195,10.450574318091235,-9.2540943157359834e-06
european_call_k100,leisen_reimer,197,10.450574504284944,-9.0679006063965062e-06
european_call_k100,leisen_reimer,199,10.450574684915734,-8.8872698160713526e-06
european_call_k100,leisen_reimer,201,10.450574860203897,-8.711981653419798e-06
european_call_k100,leisen_reimer,203,10.450575030356037,-8.5418295139305656e-06
european_call_k100,leisen_reimer,205,10.450575195572592,-8.3766129588269678e-06
european_call_k100,leisen_reimer,207,10.450575356039892,-8.2161456589346926e-06
european_call_k100,leisen_reimer,209,10.450575511943093,-8.0602424574749421e-06
european_call_k100,leisen_reimer,211,10.450575663448513,-7.9087370377095567e-06
european_call_k100,leisen_reimer,213,10.450575810720986,-7.7614645643819813e-06
european_call_k100,leisen_reimer,215,10.450575953920893,-7.6182646573386137e-06
european_call_k100,leisen_reimer,217,10.450576093189593,-7.4789959576548881e-06
european_call_k100,leisen_reimer,219,10.450576228677191,-7.3435083596251616e-06
european_call_k100,leisen_reimer,221,10.450576360515022,-7.211670528306513e-06
european_call_k100,leisen_reimer,223,10.450576488835067,-7.0833504839384887e-06
european_call_k100,leisen_reimer,225,10.450576613761335,-6.9584242154974163e-06
european_call_k100,leisen_reimer,227,10.450576735406038,-6.8367795122981079e-06
european_call_k100,leisen_reimer,229,10.450576853893253,-6.7182922975916881e-06
european_call_k100,leisen_reimer,231,10.450576969327471,-6.6028580789634361e-06
european_call_k100,leisen_reimer,233,10.450577081810119,-6.4903754317668927e-06
european_call_k100,leisen_reimer,235,10.450577191443756,-6.3807417944872213e-06
european_call_k100,leisen_reimer,237,10.450577298322031,-6.2738635193682057e-06
european_call_k100,leisen_reimer,239,10.450577402535707,-6.1696498434571367e-06
european_call_k100,leisen_reimer,241,10.450577504175758,-6.0680097924148413e-06
european_call_k100,leisen_reimer,243,10.450577603325245,-5.9688603055718659e-06
european_call_k100,leisen_reimer,245,10.450577700066679,-5.8721188711530203e-06
european_call_k100,leisen_reimer,247,10.450577794468916,-5.7777166340144959e-06
european_call_k100,leisen_reimer,249,10.450577886617435,-5.6855681158651805e-06
european_call_k100,leisen_reimer,251,10.450577976574884,-5.5956106663757055e-06
european_call_k100,leisen_reimer,253,10.450578064417504,-5.5077680460868805e-06
european_call_k100,leisen_reimer,255,10.450578150210266,-5.4219752847473046e-06
european_call_k100,leisen_reimer,257,10.45057823400877,-5.3381767806115477e-06
european_call_k100,leisen_reimer,259,10.450578315883082,-5.2563024688367932e-06
european_call_k100,leisen_reimer,261,10.450578395885556,-5.1762999948579136e-06
european_call_k100,leisen_reimer,263,10.450578474076545,-5.0981090051749334e-06
european_call_k100,leisen_reimer,265,10.45057855050878,-5.0216767704114318e-06
european_call_k100,leisen_reimer,267,10.450578625232392,-4.9469531582246873e-06
european_call_k100,leisen_reimer,269,10.450578698304145,-4.8738814051318968e-06
european_call_k100,leisen_reimer,271,10.450578769768514,-4.8024170364868723e-06
european_call_k100,leisen_reimer,273,10.45057883967265,-4.7325129006736688e-06
european_call_k100,leisen_reimer,275,10.450578908061056,-4.6641244946243887e-06
european_call_k100,leisen_reimer,277,10.450578974977059,-4.5972084912193623e-06
european_call_k100,leisen_reimer,279,10.450579040461571,-4.5317239791842212e-06
european_call_k100,leisen_reimer,281,10.450579104558081,-4.4676274697508234e-06
european_call_k100,leisen_reimer,283,10.450579167311037,-4.4048745131419764e-06
european_call_k100,leisen_reimer,285,10.450579228739251,-4.343446299515108e-06
european_call_k100,leisen_reimer,287,10.450579288897359,-4.2832881916865517e-06
european_call_k100,leisen_reimer,289,10.450579347812205,-4.2243733453517507e-06
european_call_k100,leisen_reimer,291,10.450579405523923,-4.1666616272806323e-06
european_call_k100,leisen_reimer,293,10.450579462056275,-4.1101292751477558e-06
european_call_k100,leisen_reimer,295,10.45057951745078,-4.0547347701647141e-06
european_call_k100,leisen_reimer,297,10.45057957173082,-4.0004547301464299e-06
european_call_k100,leisen_reimer,299,10.450579624930786,-3.9472547648244927e-06
european_call_k100,leisen_reimer,301,10.450579677069776,-3.895115774810165e-06
european_call_k100,leisen_reimer,303,10.450579728185584,-3.8439999663353319e-06
european_call_k100,leisen_reimer,305,10.4505797783027,-3.7938828505446054e-06
european_call_k100,leisen_reimer,307,10.450579827443764,-3.7447417859937104e-06
european_call_k100,leisen_reimer,309,10.45057987564039,-3.6965451606363331e-06
european_call_k100,leisen_reimer,311,10.450579922909174,-3.649276376194166e-06
european_call_k100,leisen_reimer,313,10.450579969280573,-3.6029049770291977e-06
european_call_k100,leisen_reimer,315,10.45058001477015,-3.5574154004791581e-06
european_call_k100,leisen_reimer,317,10.450580059404242,-3.5127813085011894e-06
european_call_k100,leisen_reimer,319,10.45058010320551,-3.4689800401110915e-06
european_call_k100,leisen_reimer,321,10.450580146192971,-3.4259925794088986e-06
european_call_k100,leisen_reimer,323,10.450580188385002,-3.3838005482067501e-06
european_call_k100,leisen_reimer,325,10.450580229796827,-3.3423887231265326e-06
european_call_k100,leisen_reimer,327,10.450580270460243,-3.3017253073808206e-06
european_call_k100,leisen_reimer,329,10.45058031038047,-3.2618050802568632e-06
european_call_k100,leisen_reimer,331,10.45058034958336,-3.2226021904335767e-06
european_call_k100,leisen_reimer,333,10.450580388087754,-3.1840977960939654e-06
european_call_k100,leisen_reimer,335,10.450580425907972,-3.146277578025547e-06
european_call_k100,leisen_reimer,337,10.450580463048816,-3.1091367347357846e-06
european_call_k100,leisen_reimer,339,10.45058049954266,-3.0726428903449232e-06
european_call_k100,leisen_reimer,341,10.450580535392849,-3.0367927017493912e-06
european_call_k100,leisen_reimer,343,10.450580570620582,-3.0015649681303103e-06
european_call_k100,leisen_reimer,345,10.450580605242944,-2.9669426062639559e-06
european_call_k100,leisen_reimer,347,10.450580639268498,-2.9329170523340053e-06
european_call_k100,leisen_reimer,349,10.450580672713375,-2.899472175244e-06
european_call_k100,leisen_reimer,351,10.450580705581341,-2.8666042091174404e-06
european_call_k100,leisen_reimer,353,10.450580737901833,-2.8342837179451408e-06
european_call_k100,leisen_reimer,355,10.450580769675383,-2.8025101670436925e-06
european_call_k100,leisen_reimer,357,10.450580800920951,-2.7712645991329055e-06
european_call_k100,leisen_reimer,359,10.450580831642732,-2.740542818457925e-06
european_call_k100,leisen_reimer,361,10.450580861858469,-2.7103270809902824e-06
european_call_k100,leisen_reimer,363,10.450580891577578,-2.6806079720387288e-06
european_call_k100,leisen_reimer,365,10.450580920805354,-2.6513801962835259e-06
european_call_k100,leisen_reimer,367,10.450580949562351,-2.6226231994996851e-06
european_call_k100,leisen_reimer,369,10.450580977856788,-2.5943287624841105e-06
european_call_k100,leisen_reimer,371,10.450581005692738,-2.5664928120505692e-06
european_call_k100,leisen_reimer,373,10.450581033077375,-2.5391081752701439e-06
european_call_k100,leisen_reimer,375,10.45058106003578,-2.5121497699842621e-06
european_call_k100,leisen_reimer,377,10.450581086565844,-2.4856197065048491e-06
european_call_k100,leisen_reimer,379,10.45058111266848,-2.4595170700081326e-06
european_call_k100,leisen_reimer,381,10.450581138371422,-2.4338141280111358e-06
european_call_k100,leisen_reimer,383,10.450581163666978,-2.4085185721389735e-06
european_call_k100,leisen_reimer,385,10.450581188576596,-2.3836089546591666e-06
european_call_k100,leisen_reimer,387,10.450581213098904,-2.3590866469191951e-06
european_call_k100,leisen_reimer,389,10.45058123724791,-2.3349376405690236e-06
european_call_k100,leisen_reimer,391,10.45058126102187,-2.3111636799910684e-06
european_call_k100,leisen_reimer,393,10.450581284438645,-2.2877469056936661e-06
european_call_k100,leisen_reimer,395,10.450581307504674,-2.2646808766069171e-06
european_call_k100,leisen_reimer,397,10.450581330218423,-2.2419671275031305e-06
european_call_k100,leisen_reimer,399,10.450581352585186,-2.2196003648389251e-06
european_call_k100,bbs,10,10.49895627492927,0.048372702743719742
european_call_k100,bbs,11,10.491195928593033,0.040612356407482508
european_call_k100,bbs,12,10.491247763527547,0.040664191341996059
european_call_k100,bbs,13,10.48547082040653,0.034887248220979217
european_call_k100,bbs,14,10.485665319798958,0.035081747613407543
european_call_k100,bbs,15,10.481151328255766,0.030567756070215779
european_call_k100,bbs,16,10.481433881892906,0.030850309707355805
european_call_k100,bbs,17,10.477779174577543,0.027195602391993035
european_call_k100,bbs,18,10.478115052262712,0.027531480077161774
european_call_k100,bbs,19,10.475074739065906,0.024491166880356019
european_call_k100,bbs,20,10.475441898269036,0.024858326083485593
european_call_k100,bbs,21,10.472858170203589,0.022274598018038105
european_call_k100,bbs,22,10.473242474938459,0.022658902752908716
european_call_k100,bbs,23,10.471008696911483,0.020425124725932164
european_call_k100,bbs,24,10.471400977156465,0.020817404970914666
european_call_k100,bbs,25,10.469442278952314,0.018858706766764044
european_call_k100,bbs,26,10.46983653492067,0.019252962735119894
european_call_k100,bbs,27,10.468098661212496,0.017515089026945319
european_call_k100,bbs,28,10.468490952899124,0.017907380713573673
european_call_k100,bbs,29,10.466933530650097,0.016349958464546788
european_call_k100,bbs,30,10.46732127846477,0.016737706279219111
european_call_k100,bbs,31,10.465913579127491,0.015330006941940866
european_call_k100,bbs,32,10.466295114875209,0.015711542689658131
european_call_k100,bbs,33,10.465013291300149,0.014429719114598782
european_call_k100,bbs,34,10.465387564542421,0.014803992356871021
european_call_k100,bbs,35,10.464212794087167,0.013629221901616972
european_call_k100,bbs,36,10.464579176860457,0.013995604674907014
european_call_k100,bbs,37,10.463496380279924,0.012912808094373673
european_call_k100,bbs,38,10.463854535253642,0.01327096306809139
european_call_k100,bbs,39,10.462851472244633,0.012267900059082848
european_call_k100,bbs,40,10.463201262526983,0.012617690341432564
european_call_k100,bbs,41,10.462267880052821,0.011684307867270149
european_call_k100,bbs,42,10.462609306783035,0.012025734597484572
european_call_k100,bbs,43,10.461737260937825,0.011153688752274959
european_call_k100,bbs,44,10.462070419689706,0.011486847504155406
european_call_k100,bbs,45,10.461252719141601,0.010669146956050923
european_call_k100,bbs,46,10.461577769228818,0.010994197043267206
european_call_k100,bbs,47,10.460808505400934,0.010224933215383203
european_call_k100,bbs,48,10.461125648139337,0.010542075953786423
european_call_k100,bbs,49,10.460399788303937,0.009816216118386123
european_call_k100,bbs,50,10.460709251554634,0.01012567936908404
european_call_k100,bbs,51,10.460022478233086,0.0094389060475350561
european_call_k100,bbs,52,10.460324505395224,0.009740933209673841
european_call_k100,bbs,53,10.459673090325474,0.0090895181399233138
european_call_k100,bbs,54,10.459967932497676,0.0093843603121257502
european_call_k100,bbs,55,10.459348636711848,0.0087650645262975502
european_call_k100,bbs,56,10.459636547133627,0.0090529749480765531
european_call_k100,bbs,57,10.459046540998809,0.0084629688132586978
european_call_k100,bbs,58,10.459327771141449,0.0087441989558989519
european_call_k100,bbs,59,10.458764569817463,0.00818099763191249
european_call_k100,bbs,60,10.459039366666149,0.0084557944805982999
european_call_k100,bbs,61,10.458500777588561,0.0079172054030109962
european_call_k100,bbs,62,10.458769381793513,0.0081858096079621134
european_call_k100,bbs,63,10.458253461629294,0.0076698894437434717
european_call_k100,bbs,64,10.458516106292967,0.0079325341074163447
european_call_k100,bbs,65,10.458021125403267,0.0074375532177164416
european_call_k100,bbs,66,10.458278035324101,0.0076944631385504891
european_call_k100,bbs,67,10.457802448246282,0.0072188760607314606
european_call_k100,bbs,68,10.458053839503208,0.0074702673176574308
european_call_k100,bbs,69,10.457596260273483,0.0070126880879328723
european_call_k100,bbs,70,10.457842340050966,0.0072587678654159049
european_call_k100,bbs,71,10.457401521466412,0.0068179492808617681
european_call_k100,bbs,72,10.457642488050592,0.0070589158650413708
european_call_k100,bbs,73,10.457217304138284,0.0066337319527338678
european_call_k100,bbs,74,10.457453347040968,0.0068697748554171767
european_call_k100,bbs,75,10.457042778173161,0.0064592059876105168
european_call_k100,bbs,76,10.457274078340319,0.0066905061547686273
european_call_k100,bbs,77,10.456877198525873,0.0062936263403230441
european_call_k100,bbs,78,10.457103928608385,0.0065203564228344391
european_call_k100,bbs,79,10.456719894602195,0.006136322416644191
european_call_k100,bbs,80,10.456942219254852,0.0063586470693017816
european_call_k100,bbs,81,10.456570261185171,0.0059866889996200712
european_call_k100,bbs,82,10.456788337398358,0.0062047652128072173
european_call_k100,bbs,83,10.456427750657518,0.0058441784719676093
european_call_k100,bbs,84,10.456641728094329,0.0060581559087786729
european_call_k100,bbs,85,10.456291866311918,0.0057082941263679743
european_call_k100,bbs,86,10.456501887650695,0.0059183154651449854
european_call_k100,bbs,87,10.456162156569558,0.0055785843840077121
european_call_k100,bbs,88,10.45636835784326,0.00578478565770979
european_call_k100,bbs,89,10.456038209968025,0.0054546377824742365
european_call_k100,bbs,90,10.456240720897194,0.0056571487116432451
european_call_k100,bbs,91,10.45591965080534,0.0053360786197895749
european_call_k100,bbs,92,10.45611859511817,0.0055350229326194267
european_call_k100,bbs,93,10.455806135336314,0.0052225631507631931
european_call_k100,bbs,94,10.456001631085011,0.0054180588994601209
european_call_k100,bbs,95,10.455697348450432,0.0051137762648814089
european_call_k100,bbs,96,10.455889508304217,0.0053059361186669207
european_call_k100,bbs,97,10.455593000743182,0.0050094285576314235
european_call_k100,bbs,98,10.455781932276313,0.0051983600907625771
european_call_k100,bbs,99,10.455492825956284,0.0049092537707338124
european_call_k100,bbs,100,10.455678631918076,0.0050950597325254421
european_call_k100,bbs,101,10.455396578702835,0.0048130065172848902
european_call_k100,bbs,102,10.455579357276241,0.004995785090690319
european_call_k100,bbs,103,10.455304032467318,0.0047204602817672026
european_call_k100,bbs,104,10.455483877507152,0.0049003053216019055
european_call_k100,bbs,105,10.4552149778185,0.0046314056329492814
european_call_k100,bbs,106,10.455391979087235,0.0048084069016844921
european_call_k100,bbs,107,10.455129220835351,0.004545648649800782
european_call_k100,bbs,108,10.4553034642187,0.0047198920331492644
european_call_k100,bbs,109,10.455046581694683,0.0044630095091324762
european_call_k100,bbs,110,10.455218149406264,0.0046345772207132541
european_call_k100,bbs,111,10.45496689341498,0.0043833212294295265
european_call_k100,bbs,112,10.455135864189035,0.0045522920034848369
european_call_k100,bbs,113,10.454890000725712,0.0043064285401612779
european_call_k100,bbs,114,10.455056449998322,0.004472877812771614
european_call_k100,bbs,115,10.4548157590621,0.0042321868765498039
european_call_k100,bbs,116,10.454979759146351,0.0043961869608004633
european_call_k100,bbs,117,10.454744033658924,0.0041604614733738998
european_call_k100,bbs,118,10.454905653903683,0.0043220817181328641
european_call_k100,bbs,119,10.454674698731743,0.0040911265461929247
european_call_k100,bbs,120,10.454834005672648,0.0042504334870976379
european_call_k100,bbs,121,10.454607636740192,0.0040240645546418818
european_call_k100,bbs,122,10.45476469424673,0.0041811220611798205
european_call_k100,bbs,123,10.45454273772892,0.0039591655433692807
european_call_k100,bbs,124,10.454697607132545,0.0041140349469941384
european_call_k100,bbs,125,10.454479898717072,0.0038963265315210549
european_call_k100,bbs,126,10.454632638947466,0.0040490667619152987
european_call_k100,bbs,127,10.454419023160945,0.0038354509753943944
european_call_k100,bbs,128,10.454569690858431,0.0039861186728806786
european_call_k100,bbs,129,10.454360020459461,0.0037764482739106597
european_call_k100,bbs,130,10.454508670087794,0.0039250979022433796
european_call_k100,bbs,131,10.454302805495765,0.0037192333102140651
european_call_k100,bbs,132,10.454449489453882,0.0038659172683317422
european_call_k100,bbs,133,10.454247298237387,0.0036637260518368464
european_call_k100,bbs,134,10.454392066952256,0.0038084947667051949
european_call_k100,bbs,135,10.454193423355294,0.0036098511697435498
european_call_k100,bbs,136,10.454336325383242,0.0037527531976913053
european_call_k100,bbs,137,10.454141109890539,0.0035575377049887891
european_call_k100,bbs,138,10.454282191999301,0.0036986198137505255
european_call_k100,bbs,139,10.454090290934655,0.0035067187491044649
european_call_k100,bbs,140,10.454229598192178,0.0036460260066277783
european_call_k100,bbs,141,10.454040903348426,0.0034573311628758319
european_call_k100,bbs,142,10.454178479204375,0.003594907018824145
european_call_k100,bbs,143,10.453992887501659,0.0034093153161087741
european_call_k100,bbs,144,10.45412877385608,0.0035452016705299627
european_call_k100,bbs,145,10.453946187028698,0.0033626148431480374
european_call_k100,bbs,146,10.454080424305609,0.0034968521200582359
european_call_k100,bbs,147,10.453900748613343,0.0033171764277923899
european_call_k100,bbs,148,10.454033375825823,0.0034498036402723642
european_call_k100,bbs,149,10.453856521776018,0.0032729495904675332
european_call_k100,bbs,150,10.453987576597402,0.0034040044118519575
european_call_k100,bbs,151,10.453813458700527,0.0032298865149762435
european_call_k100,bbs,152,10.453942977512146,0.0033594053265950663
european_call_k100,bbs,153,10.453771514049073,0.0031879418635227807
european_call_k100,bbs,154,10.453899532008933,0.0033159598233822862
european_call_k100,bbs,155,10.453730644812833,0.0031470726272821992
european_call_k100,bbs,156,10.453857195897983,0.0032736237124328937
european_call_k100,bbs,157,10.45369081015723,0.0031072379716796661
european_call_k100,bbs,158,10.453815927223571,0.0032323550380208843
european_call_k100,bbs,159,10.453651971288629,0.0030683991030784341
european_call_k100,bbs,160,10.453775686117044,0.0031921139314938785
european_call_k100,bbs,161,10.453614091332692,0.0030305191471420301
european_call_k100,bbs,162,10.453736434668796,0.0031528624832457552
european_call_k100,bbs,163,10.453577135210651,0.0029935630251003431
european_call_k100,bbs,164,10.453698136815081,0.0031145646295307472
european_call_k100,bbs,165,10.453541069534618,0.0029574973490671397
european_call_k100,bbs,166,10.453660758219637,0.0030771860340870205
european_call_k100,bbs,167,10.453505862504926,0.0029222903193755201
european_call_k100,bbs,168,10.45362426618026,0.0030406939947091871
european_call_k100,bbs,169,10.453471483818294,0.0028879116327438226
european_call_k100,bbs,170,10.453588629521679,0.0030050573361286581
european_call_k100,bbs,171,10.453437904584005,0.0028543323984546731
european_call_k100,bbs,172,10.453553818518404,0.0029702463328540318
european_call_k100,bbs,173,10.45340509723961,0.0028215250540597481
european_call_k100,bbs,174,10.453519804802916,0.0029362326173654196
european_call_k100,bbs,175,10.453373035467195,0.002789463281644089
european_call_k100,bbs,176,10.453486561296403,0.0029029891108525163
european_call_k100,bbs,177,10.45334169414404,0.0027581219584895678
european_call_k100,bbs,178,10.453454062127555,0.0028704899420048946
european_call_k100,bbs,179,10.453311049249969,0.0027274770644183377
european_call_k100,bbs,180,10.453422282574886,0.0028387103893354748
european_call_k100,bbs,181,10.453281077833413,0.0026975056478626414
european_call_k100,bbs,182,10.453391198997284,0.0028076268117338543
european_call_k100,bbs,183,10.453251757934444,0.0026681857488934924
european_call_k100,bbs,184,10.453360788780085,0.0027772165945343374
european_call_k100,bbs,185,10.453223068537042,0.0026394963514917436
european_call_k100,bbs,186,10.453331030278694,0.0027474580931432513
european_call_k100,bbs,187,10.453194989519154,0.002611417333604038
european_call_k100,bbs,188,10.453301902762755,0.0027183305772044974
european_call_k100,bbs,189,10.453167501607538,0.0025839294219878184
european_call_k100,bbs,190,10.45327338637593,0.0026898141903792805
european_call_k100,bbs,191,10.453140586335113,0.0025570141495627752
european_call_k100,bbs,192,10.453245462080256,0.0026618898947052827
european_call_k100,bbs,193,10.453114225988813,0.0025306538032623394
european_call_k100,bbs,194,10.453218111629331,0.0026345394437807812
european_call_k100,bbs,195,10.453088403582711,0.0025048313971609559
european_call_k100,bbs,196,10.453191317509024,0.0026077453234734094
european_call_k100,bbs,197,10.453063102816387,0.0024795306308362797
european_call_k100,bbs,198,10.453165062921421,0.0025814907358707728
european_call_k100,bbs,199,10.453038308043544,0.0024547358579933842
european_call_k100,bbs,200,10.453139331727757,0.0025557595422061041
european_call_k100,bbs,201,10.453014004234859,0.0024304320493087062
european_call_k100,bbs,202,10.453114108431746,0.0025305362461960357
european_call_k100,bbs,203,10.452990176951765,0.0024066047662145706
european_call_k100,bbs,204,10.453089378146492,0.0025058059609417427
european_call_k100,bbs,205,10.452966812315918,0.0023832401303671702
european_call_k100,bbs,206,10.453065126551863,0.0024815543663123663
european_call_k100,bbs,207,10.452943896979187,0.0023603247936367922
european_call_k100,bbs,208,10.453041339885091,0.0024577676995409803
european_call_k100,bbs,209,10.45292141811071,0.0023378459251599537
european_call_k100,bbs,210,10.453018004903281,0.0024344327177310277
european_call_k100,bbs,211,10.452899363353897,0.0023157911683462373
european_call_k100,bbs,212,10.452995108861444,0.0024115366758934442
european_call_k100,bbs,213,10.45287772082203,0.0022941486364800312
european_call_k100,bbs,214,10.452972639488221,0.0023890673026709663
european_call_k100,bbs,215,10.452856479060312,0.0022729068747615599
european_call_k100,bbs,216,10.45295058497047,0.0023670127849193534
european_call_k100,bbs,217,10.452835627041756,0.0022520548562052767
european_call_k100,bbs,218,10.452928933921799,0.0023453617362481083
european_call_k100,bbs,219,10.45281515413966,0.0022315819541098847
european_call_k100,bbs,220,10.452907675371828,0.0023241031862770711
european_call_k100,bbs,221,10.452795050104994,0.0022114779194435386
european_call_k100,bbs,222,10.452886798739062,0.0023032265535114504
european_call_k100,bbs,223,10.452775305058864,0.0021917328733138675
european_call_k100,bbs,224,10.452866293830304,0.002282721644753849
european_call_k100,bbs,225,10.452755909473254,0.0021723372877033853
european_call_k100,bbs,226,10.452846150800699,0.0022625786151486693
european_call_k100,bbs,227,10.452736854147929,0.0021532819623786281
european_call_k100,bbs,228,10.452826360151377,0.0022427879658266647
european_call_k100,bbs,229,10.452718130208986,0.0021345580234353179
european_call_k100,bbs,230,10.452806912721908,0.002223340536357199
european_call_k100,bbs,231,10.452699729090078,0.0021161569045275996
european_call_k100,bbs,232,10.452787799655434,0.0022042274698836906
european_call_k100,bbs,233,10.452681642508816,0.0020980703232655884
european_call_k100,bbs,234,10.452769012403447,0.0021854402178966836
european_call_k100,bbs,235,10.452663862468128,0.0020802902825778347
european_call_k100,bbs,236,10.452750542707461,0.0021669705219107271
european_call_k100,bbs,237,10.452646381247995,0.0020628090624441597
european_call_k100,bbs,238,10.452732382582196,0.0021488103966458283
european_call_k100,bbs,239,10.45262919136967,0.002045619184119829
european_call_k100,bbs,240,10.452714524307904,0.002130952122353591
european_call_k100,bbs,241,10.452612285615754,0.0020287134302030552
european_call_k100,bbs,242,10.452696960423204,0.0021133882376531687
european_call_k100,bbs,243,10.452595656999359,0.0020120848138081016
european_call_k100,bbs,244,10.452679683705625,0.0020961115200748281
european_call_k100,bbs,245,10.45257929876013,0.0019957265745791375
european_call_k100,bbs,246,10.452662687169216,0.0020791149836654199
european_call_k100,bbs,247,10.45256320435244,0.0019796321668898997
european_call_k100,bbs,248,10.452645964055526,0.0020623918699751442
european_call_k100,bbs,249,10.45254736745224,0.0019637952666897718
european_call_k100,bbs,250,10.452629507818642,0.0020459356330917444
european_call_k100,bbs,251,10.452531781924582,0.0019482097390319808
european_call_k100,bbs,252,10.452613312118004,0.0020297399324533671
european_call_k100,bbs,253,10.452516441834483,0.001932869648932467
european_call_k100,bbs,254,10.45259737082012,0.0020137986345698522
european_call_k100,bbs,255,10.452501341426821,0.0019177692412704062
european_call_k100,bbs,256,10.452581677970111,0.0019981057845601669
european_call_k100,bbs,257,10.452486475128499,0.0019029029429482591
european_call_k100,bbs,258,10.452566227812628,0.0019826556270778894
european_call_k100,bbs,259,10.452471837537395,0.0018882653518446091
european_call_k100,bbs,260,10.452551014755333,0.0019674425697822073
european_call_k100,bbs,261,10.452457423414934,0.0018738512293836607
european_call_k100,bbs,262,10.452536033385648,0.0019524612000978436
european_call_k100,bbs,263,10.452443227683979,0.0018596554984284808
european_call_k100,bbs,264,10.452521278446236,0.0019377062606853457
european_call_k100,bbs,265,10.452429245419616,0.0018456732340652593
european_call_k100,bbs,266,10.452506744845863,0.0019231726603123889
european_call_k100,bbs,267,10.452415471839865,0.0018318996543147392
european_call_k100,bbs,268,10.452492427641371,0.001908855455820202
european_call_k100,bbs,269,10.452401902308598,0.0018183301230472182
european_call_k100,bbs,270,10.452478322031546,0.0018947498459951362
european_call_k100,bbs,271,10.452388532327522,0.0018049601419711792
european_call_k100,bbs,272,10.452464423363743,0.0018808511781926995
european_call_k100,bbs,273,10.452375357525142,0.0017917853395914562
european_call_k100,bbs,274,10.452450727116084,0.0018671549305331325
european_call_k100,bbs,275,10.45236237366009,0.0017788014745399039
european_call_k100,bbs,276,10.452437228902054,0.0018536567165039486
european_call_k100,bbs,277,10.452349576606681,0.001766004421130063
european_call_k100,bbs,278,10.45242392444751,0.0018403522619596657
european_call_k100,bbs,279,10.452336962364679,0.0017533901791288997
european_call_k100,bbs,280,10.452410809621094,0.0018272374355436938
european_call_k100,bbs,281,10.45232452704688,0.0017409548613294135
european_call_k100,bbs,282,10.452397880387466,0.0018143082019150825
european_call_k100,bbs,283,10.452312266871516,0.0017286946859655927
european_call_k100,bbs,284,10.45238513284448,0.0018015606589294464
european_call_k100,bbs,285,10.45230017816159,0.0017166059760391761
european_call_k100,bbs,286,10.452372563181578,0.0017889909960278061
european_call_k100,bbs,287,10.452288257348599,0.0017046851630482251
european_call_k100,bbs,288,10.4523601677014,0.0017765955158495217
european_call_k100,bbs,289,10.45227650095908,0.0016929287735294452
european_call_k100,bbs,290,10.452347942816569,0.0017643706310188634
european_call_k100,bbs,291,10.452264905612697,0.001681333427146825
european_call_k100,bbs,292,10.452335885018499,0.0017523128329486326
european_call_k100,bbs,293,10.452253468025003,0.0016698958394520957
european_call_k100,bbs,294,10.452323990912085,0.0017404187265341875
european_call_k100,bbs,295,10.452242184996038,0.0016586128104876252
european_call_k100,bbs,296,10.452312257186513,0.0017286850009625709
european_call_k100,bbs,297,10.452231053415563,0.0016474812300124597
european_call_k100,bbs,298,10.452300680615076,0.0017171084295259931
european_call_k100,bbs,299,10.452220070256288,0.0016364980707379573
european_call_k100,bbs,300,10.452289258063525,0.0017056858779742612
european_call_k100,bbs,301,10.452209232562637,0.0016256603770870015
european_call_k100,bbs,302,10.45227798647899,0.0016944142934391948
european_call_k100,bbs,303,10.452198537468684,0.0016149652831334294
european_call_k100,bbs,304,10.452266862888598,0.001683290703047291
european_call_k100,bbs,305,10.452187982182254,0.0016044099967036374
european_call_k100,bbs,306,10.452255884396525,0.0016723122109745248
european_call_k100,bbs,307,10.45217756397075,0.0015939917851994778
european_call_k100,bbs,308,10.452245048180071,0.0016614759945206004
european_call_k100,bbs,309,10.452167280188823,0.0015837080032721218
european_call_k100,bbs,310,10.452234351494923,0.0016507793093722967
european_call_k100,bbs,311,10.452157128248444,0.0015735560628939993
european_call_k100,bbs,312,10.452223791658325,0.0016402194727742625
european_call_k100,bbs,313,10.452147105631724,0.0015635334461734374
european_call_k100,bbs,314,10.452213366067916,0.0016297938823655045
european_call_k100,bbs,315,10.452137209880519,0.0015536376949683017
european_call_k100,bbs,316,10.452203072171422,0.0016194999858711867
european_call_k100,bbs,317,10.45212743860121,0.0015438664156590676
european_call_k100,bbs,318,10.45219290749522,0.0016093353096700014
european_call_k100,bbs,319,10.452117789464989,0.0015342172794383657
european_call_k100,bbs,320,10.452182869618216,0.0015992974326657361
european_call_k100,bbs,321,10.452108260190634,0.001524688005083874
european_call_k100,bbs,322,10.452172956187791,0.0015893840022407346
european_call_k100,bbs,323,10.452098848558663,0.0015152763731123287
european_call_k100,bbs,324,10.452163164897032,0.0015795927114812258
european_call_k100,bbs,325,10.452089552405244,0.0015059802196937255
european_call_k100,bbs,326,10.45215349350342,0.0015699213178699267
european_call_k100,bbs,327,10.452080369622564,0.0014967974370136972
european_call_k100,bbs,328,10.452143939821807,0.0015603676362569985
european_call_k100,bbs,329,10.452071298138685,0.0014877259531349551
european_call_k100,bbs,330,10.4521345017158,0.0015509295302500448
european_call_k100,bbs,331,10.452062335954018,0.0014787637684676724
european_call_k100,bbs,332,10.4521251770981,0.0015416049125498432
european_call_k100,bbs,333,10.452053481100428,0.0014699089148777489
european_call_k100,bbs,334,10.452115963935523,0.0015323917499721063
european_call_k100,bbs,335,10.452044731659909,0.001461159474358098
european_call_k100,bbs,336,10.452106860240393,0.0015232880548428085
european_call_k100,bbs,337,10.452036085759172,0.0014525135736214168
european_call_k100,bbs,338,10.452097864073387,0.001514291887836805
european_call_k100,bbs,339,10.452027541575525,0.0014439693899745976
european_call_k100,bbs,340,10.452088973545894,0.0015054013603439387
european_call_k100,bbs,341,10.45201909732171,0.0014355251361592991
european_call_k100,bbs,342,10.452080186798163,0.0014966146126127455
european_call_k100,bbs,343,10.452010751256598,0.0014271790710473908
european_call_k100,bbs,344,10.452071502031632,0.0014879298460819257
european_call_k100,bbs,345,10.45200250167945,0.0014189294938997676
european_call_k100,bbs,346,10.45206291747926,0.001479345293709855
european_call_k100,bbs,347,10.451994346923907,0.0014107747383569347
european_call_k100,bbs,348,10.452054431414915,0.0014708592293644074
european_call_k100,bbs,349,10.45198628536259,0.0014027131770397716
european_call_k100,bbs,350,10.452046042148838,0.0014624699632879157
european_call_k100,bbs,351,10.451978315409807,0.0013947432242567004
european_call_k100,bbs,352,10.452037748046529,0.0014541758609780686
european_call_k100,bbs,353,10.45197043551144,0.0013868633258891094
european_call_k100,bbs,354,10.452029547484036,0.0014459752984858909
european_call_k100,bbs,355,10.451962644152468,0.0013790719669177776
european_call_k100,bbs,356,10.452021438898059,0.0014378667125090061
european_call_k100,bbs,357,10.451954939845495,0.0013713676599440561
european_call_k100,bbs,358,10.452013420748944,0.0014298485633936764
european_call_k100,bbs,359,10.451947321143988,0.0013637489584379381
european_call_k100,bbs,360,10.452005491523956,0.0014219193384050755
european_call_k100,bbs,361,10.451939786623171,0.0013562144376209062
european_call_k100,bbs,362,10.451997649763021,0.0014140775774702519
european_call_k100,bbs,363,10.451932334900228,0.0013487627146773207
european_call_k100,bbs,364,10.451989894016524,0.0014063218309736669
european_call_k100,bbs,365,10.451924964615143,0.0013413924295928581
european_call_k100,bbs,366,10.451982222882778,0.0013986506972276658
european_call_k100,bbs,367,10.451917674441907,0.0013341022563562177
european_call_k100,bbs,368,10.451974634982564,0.0013910627970137313
european_call_k100,bbs,369,10.451910463079937,0.0013268908943864233
european_call_k100,bbs,370,10.451967128975827,0.0013835567902766854
european_call_k100,bbs,371,10.451903329258826,0.0013197570732756958
european_call_k100,bbs,372,10.451959703531971,0.0013761313464204505
european_call_k100,bbs,373,10.451896271735052,0.0013126995495014171
european_call_k100,bbs,374,10.451952357367063,0.0013687851815120666
european_call_k100,bbs,375,10.451889289293771,0.0013057171082202501
european_call_k100,bbs,376,10.451945089215208,0.0013615170296574775
european_call_k100,bbs,377,10.451882380740059,0.0012988085545089234
european_call_k100,bbs,378,10.451937897850055,0.00135432566450433
european_call_k100,bbs,379,10.451875544902064,0.0012919727165137118
european_call_k100,bbs,380,10.451930782047132,0.0013472098615814332
european_call_k100,bbs,381,10.451868780649797,0.0012852084642460682
european_call_k100,bbs,382,10.451923740629425,0.0013401684438747452
european_call_k100,bbs,383,10.451862086851911,0.0012785146663603086
european_call_k100,bbs,384,10.451916772439212,0.0013332002536614596
european_call_k100,bbs,385,10.451855462424403,0.0012718902388524356
european_call_k100,bbs,386,10.451909876330161,0.0013263041446105461
european_call_k100,bbs,387,10.451848906286589,0.0012653341010384622
european_call_k100,bbs,388,10.451903051199476,0.0013194790139259283
european_call_k100,bbs,389,10.451842417393316,0.0012588452077650913
european_call_k100,bbs,390,10.451896295957171,0.0013127237716208384
european_call_k100,bbs,391,10.451835994709523,0.0012524225239722853
european_call_k100,bbs,392,10.451889609528081,0.0013060373425304306
european_call_k100,bbs,393,10.451829637232649,0.0012460650470984547
european_call_k100,bbs,394,10.451882990864309,0.0012994186787587125
european_call_k100,bbs,395,10.45182334397369,0.0012397717881391657
european_call_k100,bbs,396,10.45187643895019,0.0012928667646399106
european_call_k100,bbs,397,10.451817113961898,0.0012335417763473799
european_call_k100,bbs,398,10.451869952778551,0.001286380593001013
european_call_k100,bbs,399,10.451810946245498,0.0012273740599475502
european_call_k100,bbs,400,10.451863531360424,0.0012799591748731132
european_call_k100,bbs_richardson,10,10.468669055772388,0.01808548358683737
european_call_k100,bbs_richardson,12,10.453749753566612,0.0031661813810615058
european_call_k100,bbs_richardson,14,10.460547271072224,0.0099636988866738108
european_call_k100,bbs_richardson,16,10.452560646121913,0.0019770739363629275
european_call_k100,bbs_richardson,18,10.457101909534238,0.006518337348687453
european_call_k100,bbs_richardson,20,10.451927521608802,0.0013439494232514448
european_call_k100,bbs_richardson,22,10.455289021283885,0.004705449098334924
european_call_k100,bbs_richardson,24,10.451554190785384,0.00097061859983327281
european_call_k100,bbs_richardson,26,10.454202249434811,0.0036186772492605712
european_call_k100,bbs_richardson,28,10.45131658599929,0.00073301381373980234
european_call_k100,bbs_richardson,30,10.453491228673773,0.0029076564882224432
european_call_k100,bbs_richardson,32,10.451156347857511,0.00057277567196045709
european_call_k100,bbs_richardson,34,10.452995954507299,0.002412382321749007
european_call_k100,bbs_richardson,36,10.451043301458203,0.00045972927265225394
european_call_k100,bbs_richardson,38,10.452634331441377,0.0020507592558267618
european_call_k100,bbs_richardson,40,10.45096062678493,0.00037705459937953378
european_call_k100,bbs_richardson,42,10.452360443362481,0.0017768711769310386
european_call_k100,bbs_richardson,44,10.450898364440953,0.00031479225540209654
european_call_k100,bbs_richardson,46,10.452146841546153,0.0015632693606022485
european_call_k100,bbs_richardson,48,10.450850319122209,0.00026674693665817983
european_call_k100,bbs_richardson,50,10.451976224156954,0.0013926519714040353
european_call_k100,bbs_richardson,52,10.450812475869778,0.00022890368422778806
european_call_k100,bbs_richardson,54,10.451837203782857,0.0012536315973061818
european_call_k100,bbs_richardson,56,10.45078214136813,0.00019856918257943335
european_call_k100,bbs_richardson,58,10.451722011632802,0.0011384394472511161
european_call_k100,bbs_richardson,60,10.450757454867528,0.00017388268197748857
european_call_k100,bbs_richardson,62,10.451625184459534,0.0010416122739833611
european_call_k100,bbs_richardson,64,10.450737097710725,0.0001535255251745582
european_call_k100,bbs_richardson,66,10.451542779348053,0.00095920716250219584
european_call_k100,bbs_richardson,68,10.450720114463994,0.00013654227844384081
european_call_k100,bbs_richardson,70,10.451471886014765,0.00088831382921483737
european_call_k100,bbs_richardson,72,10.450705799240726,0.00012222705517572763
european_call_k100,bbs_richardson,74,10.451410313802011,0.00082674161646068001
european_call_k100,bbs_richardson,76,10.450693621426996,0.00011004924144586425
european_call_k100,bbs_richardson,78,10.451356384972136,0.00077281278658603014
european_call_k100,bbs_richardson,80,10.450683175982721,9.9603797170999542e-05
european_call_k100,bbs_richardson,82,10.451308794743895,0.00072522255834428506
european_call_k100,bbs_richardson,84,10.450674149405623,9.0577220072773912e-05
european_call_k100,bbs_richardson,86,10.451266514363565,0.00068294217801501134
european_call_k100,bbs_richardson,88,10.450666295996815,8.2723811264173719e-05
european_call_k100,bbs_richardson,90,10.451228722652786,0.00064515046723556679
european_call_k100,bbs_richardson,92,10.450659421007522,7.5848821971646885e-05
european_call_k100,bbs_richardson,94,10.451194756769087,0.00061118458353703886
european_call_k100,bbs_richardson,96,10.450653368469098,6.9796283547418625e-05
european_call_k100,bbs_richardson,98,10.451164076248689,0.00058050406313903125
european_call_k100,bbs_richardson,100,10.450648012281517,6.4440095966844524e-05
european_call_k100,bbs_richardson,102,10.451136236319396,0.00055266413384558177
european_call_k100,bbs_richardson,104,10.45064324961908,5.9677433529969903e-05
european_call_k100,bbs_richardson,106,10.451110867848996,0.00052729566344567047
european_call_k100,bbs_richardson,108,10.450638995939723,5.5423754172778672e-05
european_call_k100,bbs_richardson,110,10.451087662100679,0.00050408991512895795
european_call_k100,bbs_richardson,112,10.450635181244444,5.1609058893120618e-05
european_call_k100,bbs_richardson,114,10.451066358997835,0.00048278681228453024
european_call_k100,bbs_richardson,116,10.450631747151252,4.817496570197477e-05
european_call_k100,bbs_richardson,118,10.451046737989904,0.00046316580435323829
european_call_k100,bbs_richardson,120,10.450628644679147,4.507249359697596e-05
european_call_k100,bbs_richardson,122,10.451028610904899,0.00044503871934864492
european_call_k100,bbs_richardson,124,10.450625832471577,4.2260286026163385e-05
european_call_k100,bbs_richardson,126,10.451011816265638,0.00042824408008712567
european_call_k100,bbs_richardson,128,10.450623275423895,3.9703238345012437e-05
european_call_k100,bbs_richardson,130,10.450996214772321,0.00041264258677031762
european_call_k100,bbs_richardson,132,10.450620943583663,3.737139811299528e-05
european_call_k100,bbs_richardson,134,10.450981685658229,0.00039811347267892927
european_call_k100,bbs_richardson,136,10.450618811263276,3.5239077725179868e-05
european_call_k100,bbs_richardson,138,10.450968123725119,0.00038455153956817867
european_call_k100,bbs_richardson,140,10.45061685633339,3.3284147839651723e-05
european_call_k100,bbs_richardson,142,10.450955436942337,0.00037186475678652187
european_call_k100,bbs_richardson,144,10.450615059661569,3.1487476018554617e-05
european_call_k100,bbs_richardson,146,10.450943544472933,0.00035997228738260389
european_call_k100,bbs_richardson,148,10.450613404610678,2.9832425127551687e-05
european_call_k100,bbs_richardson,150,10.450932375021644,0.00034880283609339813
european_call_k100,bbs_richardson,152,10.450611876683972,2.8304498421505286e-05
european_call_k100,bbs_richardson,154,10.450921865491992,0.00033829330644152833
european_call_k100,bbs_richardson,156,10.450610463187582,2.6891002031348421e-05
european_call_k100,bbs_richardson,158,10.450911959844948,0.00032838765939757764
european_call_k100,bbs_richardson,160,10.450609152979236,2.5580793685975323e-05
european_call_k100,bbs_richardson,162,10.450902608152422,0.00031903596687143931
european_call_k100,bbs_richardson,164,10.450607936231805,2.4364046254277127e-05
european_call_k100,bbs_richardson,166,10.450893765781757,0.00031019359620643172
european_call_k100,bbs_richardson,168,10.45060680426619,2.323208063970128e-05
european_call_k100,bbs_richardson,170,10.45088539273144,0.00030182054588934193
european_call_k100,bbs_richardson,172,10.450605749386114,2.2177200563078259e-05
european_call_k100,bbs_richardson,174,10.450877453036274,0.0002938808507231272
european_call_k100,bbs_richardson,176,10.450604764749546,2.1192563995242608e-05
european_call_k100,bbs_richardson,178,10.450869914287086,0.00028634210153555273
european_call_k100,bbs_richardson,180,10.450603844252578,2.0272067027704566e-05
european_call_k100,bbs_richardson,182,10.450862747189229,0.00027917500367813375
european_call_k100,bbs_richardson,184,10.450602982442,1.9410256449248209e-05
european_call_k100,bbs_richardson,186,10.450855925221074,0.00027235303552330947
european_call_k100,bbs_richardson,188,10.450602174440499,1.860225494887402e-05
european_call_k100,bbs_richardson,190,10.450849424301428,0.00026585211587715207
european_call_k100,bbs_richardson,192,10.450601415856294,1.784367074364468e-05
european_call_k100,bbs_richardson,194,10.450843222515481,0.00025965032993013892
european_call_k100,bbs_richardson,196,10.450600702741735,1.7130556184241641e-05
european_call_k100,bbs_richardson,198,10.450837299886558,0.00025372770100773323
european_call_k100,bbs_richardson,200,10.450600031537437,1.6459351886766171e-05
european_call_k100,bbs_richardson,202,10.450831638160658,0.0002480659751071812
european_call_k100,bbs_richardson,204,10.450599399016744,1.5826831193166413e-05
european_call_k100,bbs_richardson,206,10.450826220636408,0.00024264845085752995
european_call_k100,bbs_richardson,208,10.450598802263031,1.5230077480055115e-05
european_call_k100,bbs_richardson,210,10.450821031988063,0.00023745980251277388
european_call_k100,bbs_richardson,212,10.450598238635653,1.4666450102396311e-05
european_call_k100,bbs_richardson,214,10.450816058141092,0.0002324859555411507
european_call_k100,bbs_richardson,216,10.45059770572224,1.4133536689442394e-05
european_call_k100,bbs_richardson,218,10.450811286148914,0.00022771396336374039
european_call_k100,bbs_richardson,220,10.450597201337391,1.3629151840888198e-05
european_call_k100,bbs_richardson,222,10.450806704063144,0.00022313187759337438
european_call_k100,bbs_richardson,224,10.450596723471573,1.3151286022861086e-05
european_call_k100,bbs_richardson,226,10.450802300875687,0.00021872869013606078
european_call_k100,bbs_richardson,228,10.450596270304432,1.2698118881715459e-05
european_call_k100,bbs_richardson,230,10.450798066381715,0.00021449419616459409
european_call_k100,bbs_richardson,232,10.450595840164517,1.2267978966917781e-05
european_call_k100,bbs_richardson,234,10.45079399114797,0.00021041896241946745
european_call_k100,bbs_richardson,236,10.450595431511239,1.1859325688590161e-05
european_call_k100,bbs_richardson,238,10.450790066432649,0.00020649424709873188
european_call_k100,bbs_richardson,240,10.45059504294316,1.147075760954408e-05
european_call_k100,bbs_richardson,242,10.450786284106215,0.00020271192066445565
european_call_k100,bbs_richardson,244,10.45059467316452,1.1100978969835751e-05
european_call_k100,bbs_richardson,246,10.450782636609512,0.0001990644239615591
european_call_k100,bbs_richardson,248,10.450594320978507,1.0748792956150055e-05
european_call_k100,bbs_richardson,250,10.450779116920213,0.00019554473466243394
european_call_k100,bbs_richardson,252,10.450593985288542,1.0413102991435608e-05
european_call_k100,bbs_richardson,254,10.450775718479296,0.00019214629374531
european_call_k100,bbs_richardson,256,10.45059366508179,1.0092896239655147e-05
european_call_k100,bbs_richardson,258,10.450772435165796,0.00018886298024511916
european_call_k100,bbs_richardson,260,10.450593359422871,9.7872373210350361e-06
european_call_k100,bbs_richardson,262,10.450769261275532,0.00018568908998162215
european_call_k100,bbs_richardson,264,10.450593067438589,9.4952530389491585e-06
european_call_k100,bbs_richardson,266,10.450766191454338,0.00018261926878793133
european_call_k100,bbs_richardson,268,10.450592788330486,9.2161449352090585e-06
european_call_k100,bbs_richardson,270,10.450763220707797,0.00017964852224672256
european_call_k100,bbs_richardson,272,10.450592521344245,8.9491586940937395e-06
european_call_k100,bbs_richardson,274,10.450760344341628,0.00017677215607747598
european_call_k100,bbs_richardson,276,10.450592265804808,8.6936192573716653e-06
european_call_k100,bbs_richardson,278,10.450757557960365,0.00017398577481486655
european_call_k100,bbs_richardson,280,10.45059202105001,8.4488644596092399e-06
european_call_k100,bbs_richardson,282,10.450754857426505,0.00017128524095433306
european_call_k100,bbs_richardson,284,10.450591786484585,8.2142990347477962e-06
european_call_k100,bbs_richardson,286,10.450752238861497,0.00016866667594683804
european_call_k100,bbs_richardson,288,10.45059156154672,7.9893611690806665e-06
european_call_k100,bbs_richardson,290,10.45074969860444,0.00016612641888968938
european_call_k100,bbs_richardson,292,10.450591345731389,7.7735458390293388e-06
european_call_k100,bbs_richardson,294,10.450747233210826,0.00016366102527598514
european_call_k100,bbs_richardson,296,10.450591138547203,7.5663616527776867e-06
european_call_k100,bbs_richardson,298,10.450744839454135,0.00016126726858445295
european_call_k100,bbs_richardson,300,10.450590939529647,7.3673440965649206e-06
european_call_k100,bbs_richardson,302,10.450742514257453,0.00015894207190214615
european_call_k100,bbs_richardson,304,10.45059074826505,7.1760794995157084e-06
european_call_k100,bbs_richardson,306,10.450740254743977,0.00015668255842626877
european_call_k100,bbs_richardson,308,10.450590564351209,6.9921656589144732e-06
european_call_k100,bbs_richardson,310,10.450738058177013,0.00015448599146239417
european_call_k100,bbs_richardson,312,10.450590387418666,6.8152331156312584e-06
european_call_k100,bbs_richardson,314,10.450735921978602,0.00015234979305134289
european_call_k100,bbs_richardson,316,10.450590217119272,6.6449337214891102e-06
european_call_k100,bbs_richardson,318,10.450733843701812,0.00015027151626156865
european_call_k100,bbs_richardson,320,10.450590053119388,6.4809338375937386e-06
european_call_k100,bbs_richardson,322,10.45073182104289,0.00014824885733943916
european_call_k100,bbs_richardson,324,10.450589895125267,6.3229397166963963e-06
european_call_k100,bbs_richardson,326,10.45072985179619,0.00014627961063951034
european_call_k100,bbs_richardson,328,10.450589742828534,6.1706429832497633e-06
european_call_k100,bbs_richardson,330,10.450727933896983,0.00014436171143294985
european_call_k100,bbs_richardson,332,10.450589595976563,6.0237910126659244e-06
european_call_k100,bbs_richardson,334,10.450726065366119,0.00014249318056869242
european_call_k100,bbs_richardson,336,10.450589454300527,5.8821149764298752e-06
european_call_k100,bbs_richardson,338,10.45072424432848,0.00014067214292978747
european_call_k100,bbs_richardson,340,10.45058931757011,5.7453845592192465e-06
european_call_k100,bbs_richardson,342,10.450722469012321,0.00013889682677081794
european_call_k100,bbs_richardson,344,10.45058918554486,5.6133593098195433e-06
european_call_k100,bbs_richardson,346,10.45072073771891,0.00013716553335996196
european_call_k100,bbs_richardson,348,10.450589058026914,5.4858413633951386e-06
european_call_k100,bbs_richardson,350,10.450719048830482,0.00013547664493174238
european_call_k100,bbs_richardson,352,10.450588934796654,5.3626111036209068e-06
european_call_k100,bbs_richardson,354,10.450717400824033,0.00013382863848221405
european_call_k100,bbs_richardson,356,10.450588815668564,5.2434830131176113e-06
european_call_k100,bbs_richardson,358,10.450715792247919,0.00013222006236901507
european_call_k100,bbs_richardson,360,10.450588700473025,5.1282874746760854e-06
european_call_k100,bbs_richardson,362,10.450714221692628,0.00013064950707786238
european_call_k100,bbs_richardson,364,10.450588589035764,5.016850213479529e-06
european_call_k100,bbs_richardson,366,10.450712687831112,0.00012911564556183919
european_call_k100,bbs_richardson,368,10.450588481185044,4.9089994931250658e-06
european_call_k100,bbs_richardson,370,10.450711189414612,0.00012761722906162731
european_call_k100,bbs_richardson,372,10.450588376785248,4.8045996976497918e-06
european_call_k100,bbs_richardson,374,10.450709725214971,0.00012615302942009521
european_call_k100,bbs_richardson,376,10.450588275667661,4.7034821104574576e-06
european_call_k100,bbs_richardson,378,10.450708294092571,0.00012472190702084163
european_call_k100,bbs_richardson,380,10.450588177718334,4.6055327835858861e-06
european_call_k100,bbs_richardson,382,10.450706894923737,0.00012332273818671524
european_call_k100,bbs_richardson,384,10.450588082798168,4.5106126176364114e-06
european_call_k100,bbs_richardson,386,10.450705526671509,0.00012195448595875291
european_call_k100,bbs_richardson,388,10.450587990769622,4.4185840710753155e-06
european_call_k100,bbs_richardson,390,10.450704188331631,0.00012061614608072091
european_call_k100,bbs_richardson,392,10.450587901547138,4.3293615874517855e-06
european_call_k100,bbs_richardson,394,10.450702878912232,0.00011930672668114539
european_call_k100,bbs_richardson,396,10.450587814978959,4.2427934090483177e-06
european_call_k100,bbs_richardson,398,10.450701597513559,0.00011802532800864185
european_call_k100,bbs_richardson,400,10.450587730993091,4.1588075401222113e-06
european_call_k110,crr,10,6.0991849040169388,0.059096774292706655
european_call_k110,crr,11,6.1131940308302672,0.073105901106035098
european_call_k110,crr,12,6.0332653360563793,-0.0068227936678528778
european_call_k110,crr,13,6.1329831555296987,0.092895025805466602
european_call_k110,crr,14,5.9793934266819502,-0.060694703042281972
european_call_k110,crr,15,6.1365331242916321,0.096444994567399966
european_call_k110,crr,16,5.9343075692808869,-0.10578056044334527
european_call_k110,crr,17,6.13136452054224,0.091276390818007869
european_call_k110,crr,18,5.9149226173760443,-0.12516551234818785
european_call_k110,crr,19,6.1214036624510761,0.081315532726843998
european_call_k110,crr,20,5.966233307009122,-0.073854822715110124
european_call_k110,crr,21,6.1088222789952997,0.068734149271067579
european_call_k110,crr,22,6.0030353794015481,-0.037052750322684069
european_call_k110,crr,23,6.0948726515191662,0.054784521794934093
european_call_k110,crr,24,6.029461947226487,-0.010626182497745162
european_call_k110,crr,25,6.0802981811188204,0.04021005139458822
european_call_k110,crr,26,6.0483074352572039,0.0082193055329717879
european_call_k110,crr,27,6.065548282789651,0.025460153065418822
european_call_k110,crr,28,6.0615147815554913,0.021426651831259136
european_call_k110,crr,29,6.050896679719628,0.010808549995395822
european_call_k110,crr,30,6.0704672367940367,0.030379107069804512
european_call_k110,crr,31,6.0365092631923778,-0.0035788665318543522
european_call_k110,crr,32,6.0761697148352622,0.036081585111030101
european_call_k110,crr,33,6.0224843710477813,-0.017603758676450809
european_call_k110,crr,34,6.0793651282636647,0.039276998539432562
european_call_k110,crr,35,6.0088773831643341,-0.031210746559898084
european_call_k110,crr,36,6.0806110941853291,0.040522964461096933
european_call_k110,crr,37,5.9957160995570931,-0.044372030167139087
european_call_k110,crr,38,6.0803317396278072,0.040243609903575006
european_call_k110,crr,39,5.9830105455767688,-0.057077584147463334
european_call_k110,crr,40,6.0788534390431748,0.03876530931894262
european_call_k110,crr,41,5.9905767972689326,-0.049511332455299595
european_call_k110,crr,42,6.0764299360925058,0.036341806368273666
european_call_k110,crr,43,6.0049866810137082,-0.035101448710523897
european_call_k110,crr,44,6.073260302928289,0.033172173204056854
european_call_k110,crr,45,6.0170084359045299,-0.023079693819702207
european_call_k110,crr,46,6.0695019749473254,0.029413845223093205
european_call_k110,crr,47,6.0270048093809887,-0.013083320343243443
european_call_k110,crr,48,6.0652803416764227,0.025192211952190569
european_call_k110,crr,49,6.0352750581991694,-0.0048130715250627176
european_call_k110,crr,50,6.0606958918707372,0.02060776214650506
european_call_k110,crr,51,6.0420677347940277,0.0019796050697955536
european_call_k110,crr,52,6.0558295971062126,0.015741467381980456
european_call_k110,crr,53,6.0475905651686688,0.0075024354444366281
european_call_k110,crr,54,6.0507470103338088,0.010658880609576649
european_call_k110,crr,55,6.0520181525371335,0.011930022812901342
european_call_k110,crr,56,6.0455014158848446,0.0054132861606124294
european_call_k110,crr,57,6.0554980382278512,0.015409908503619008
european_call_k110,crr,58,6.0401362716935409,4.8141969308801436e-05
european_call_k110,crr,59,6.0581555091164372,0.018067379392205041
european_call_k110,crr,60,6.0346871180731814,-0.00540101165105078
european_call_k110,crr,61,6.0600974398019076,0.02000931007767548
european_call_k110,crr,62,6.0291830807096005,-0.010905049014631629
european_call_k110,crr,63,6.0614153851043238,0.021327255380091614
european_call_k110,crr,64,6.0236480623268633,-0.016440067397368807
european_call_k110,crr,65,6.0621880856387733,0.022099955914541169
european_call_k110,crr,66,6.0181016935589673,-0.021986436165264855
european_call_k110,crr,67,6.062483510451961,0.022395380727728842
european_call_k110,crr,68,6.0125600962156058,-0.027528033508626315
european_call_k110,crr,69,6.0623605319446607,0.022272402220428589
european_call_k110,crr,70,6.0070364993375094,-0.033051630386722763
european_call_k110,crr,71,6.0618703067916933,0.021782177067461106
european_call_k110,crr,72,6.0111351424268999,-0.0289529872973322
european_call_k110,crr,73,6.0610574203220597,0.020969290597827595
european_call_k110,crr,74,6.0173712923492584,-0.022716837374973764
european_call_k110,crr,75,6.0599608394956919,0.019872709771459718
european_call_k110,crr,76,6.0229105558362566,-0.017177573887975583
european_call_k110,crr,77,6.0586147101203274,0.018526580396095227
european_call_k110,crr,78,6.0278184447951126,-0.012269684929119506
european_call_k110,crr,79,6.0570490266719776,0.016960896947745496
european_call_k110,crr,80,6.0321533646786136,-0.0079347650456185193
european_call_k110,crr,81,6.0552901973816011,0.015202067657368978
european_call_k110,crr,82,6.0359675099501491,-0.0041206197740830675
european_call_k110,crr,83,6.0533615228281672,0.013273393103935049
european_call_k110,crr,84,6.0393076306726741,-0.00078049905155808119
european_call_k110,crr,85,6.051283602779419,0.011195473055186866
european_call_k110,crr,86,6.0422156910554516,0.0021275613312194963
european_call_k110,crr,87,6.0490746832505309,0.0089865535262987351
european_call_k110,crr,88,6.0447294370413562,0.0046413073171240882
european_call_k110,crr,89,6.0467509535580826,0.0066628238338504175
european_call_k110,crr,90,6.0468828870444096,0.0067947573201774247
european_call_k110,crr,91,6.0443268013878395,0.0042386716636073629
european_call_k110,crr,92,6.0487067575204136,0.0086186277961814994
european_call_k110,crr,93,6.0418150324724511,0.0017269027482189614
european_call_k110,crr,94,6.0502288330954599,0.010140703371227744
european_call_k110,crr,95,6.0392270603457296,-0.00086106937850249921
european_call_k110,crr,96,6.0514742893510212,0.011386159626789016
european_call_k110,crr,97,6.0365730706902418,-0.0035150590339902976
european_call_k110,crr,98,6.0524659750781469,0.012377845353914729
european_call_k110,crr,99,6.0338621640777097,-0.0062259656465224467
european_call_k110,crr,100,6.0532246597181105,0.013136529993878376
european_call_k110,crr,101,6.0311024802353881,-0.0089856494888440608
european_call_k110,crr,102,6.0537692508018699,0.013681121077637748
european_call_k110,crr,103,6.028301306510369,-0.011786823213863151
european_call_k110,crr,104,6.0541169854829455,0.014028855758713377
european_call_k110,crr,105,6.0254651727438588,-0.014622956980373303
european_call_k110,crr,106,6.0542835996307325,0.014195469906500335
european_call_k110,crr,107,6.0225999344618941,-0.017488195262338024
european_call_k110,crr,108,6.0542834774330325,0.014195347708800377
european_call_k110,crr,109,6.0197108459612751,-0.020377283762956999
european_call_k110,crr,110,6.0541297840313897,0.014041654307157536
european_call_k110,crr,111,6.0197630955719683,-0.020325034152263832
european_call_k110,crr,112,6.0538345833535576,0.013746453629325472
european_call_k110,crr,113,6.0230995177345061,-0.01698861198972601
european_call_k110,crr,114,6.0534089429916413,0.013320813267409193
european_call_k110,crr,115,6.0261635434251639,-0.013924586299068231
european_call_k110,crr,116,6.0528630277384243,0.012774898014192182
european_call_k110,crr,117,6.0289725598191453,-0.011115569905086886
european_call_k110,crr,118,6.0522061831408944,0.012118053416662278
european_call_k110,crr,119,6.031542675637894,-0.0085454540863381112
european_call_k110,crr,120,6.0514470102784816,0.011358880554249495
european_call_k110,crr,121,6.0338888308173928,-0.0061992989068393456
european_call_k110,crr,122,6.0505934328013389,0.010505303077106731
european_call_k110,crr,123,6.0360248953760038,-0.0040632343482283062
european_call_k110,crr,124,6.0496527571181282,0.0095646273938960746
european_call_k110,crr,125,6.0379637586677326,-0.0021243710564995411
european_call_k110,crr,126,6.0486317265322684,0.0085435968080362912
european_call_k110,crr,127,6.0397174100977598,-0.00037071962647239332
european_call_k110,crr,128,6.04753656999182,0.0074484402675878414
european_call_k110,crr,129,6.0412970122070977,0.0012088824828655476
european_call_k110,crr,130,6.0463730460734695,0.006284916349237335
european_call_k110,crr,131,6.0427129669391872,0.0026248372149551003
european_call_k110,crr,132,6.0451464827071799,0.0050583529829477669
european_call_k110,crr,133,6.0439749758249288,0.0038868461006966726
european_call_k110,crr,134,6.0438618131094994,0.0037736833852672902
european_call_k110,crr,135,6.0450920946932252,0.0050039649689930243
european_call_k110,crr,136,6.0425236083379303,0.0024354786136981943
european_call_k110,crr,137,6.0460727834901693,0.0059846537659371535
european_call_k110,crr,138,6.041136106807615,0.0010479770833828894
european_call_k110,crr,139,6.0469249516811381,0.0068368219569059363
european_call_k110,crr,140,6.0397032411026128,-0.00038488862161933923
european_call_k110,crr,141,6.0476559996952668,0.0075678699710346464
european_call_k110,crr,142,6.0382286623518482,-0.0018594673723839605
european_call_k110,crr,143,6.0482728567926767,0.0081847270684445306
european_call_k110,crr,144,6.0367157624125181,-0.0033723673117140862
european_call_k110,crr,145,6.0487820157009686,0.0086938859767364818
european_call_k110,crr,146,6.0351676940950902,-0.004920435629141906
european_call_k110,crr,147,6.0491895643422069,0.0091014346179747463
european_call_k110,crr,148,6.0335873896135261,-0.0065007401107060048
european_call_k110,crr,149,6.04950121490978,0.0094130851855478426
european_call_k110,crr,150,6.0319775774368338,-0.0081105522873983205
european_call_k110,crr,151,6.04972233057061,0.0096342008463778939
european_call_k110,crr,152,6.0303407976928352,-0.0097473320313969936
european_call_k110,crr,153,6.0498579499790743,0.0097698202548421875
european_call_k110,crr,154,6.028679416278754,-0.011408713445478114
european_call_k110,crr,155,6.0499128098363482,0.0098246801121160132
european_call_k110,crr,156,6.0269956377731555,-0.013092491951076646
european_call_k110,crr,157,6.0498913656454469,0.0098032359212147924
european_call_k110,crr,158,6.0252915172944004,-0.014796612429831768
european_call_k110,crr,159,6.0497978108425308,0.0097096811182986187
european_call_k110,crr,160,6.0263328139252152,-0.013755315799016898
european_call_k110,crr,161,6.049636094442798,0.0095479647185658933
european_call_k110,crr,162,6.0282324142443571,-0.011855715479875073
european_call_k110,crr,163,6.0494099373220074,0.0093218075977752335
european_call_k110,crr,164,6.0300105333480865,-0.010077596376145692
european_call_k110,crr,165,6.0491228472664798,0.0090347175422476056
european_call_k110,crr,166,6.0316727374413031,-0.0084153922829290906
european_call_k110,crr,167,6.0487781328872714,0.0086900031630392505
european_call_k110,crr,168,6.0332243003442647,-0.0068638293799674344
european_call_k110,crr,169,6.0483789165000079,0.0082907867757757714
european_call_k110,crr,170,6.0346702214303587,-0.0054179082938734524
european_call_k110,crr,171,6.0479281460568117,0.0078400163325795802
european_call_k110,crr,172,6.0360152423117732,-0.0040728874124589254
european_call_k110,crr,173,6.0474286062029314,0.0073404764786992871
european_call_k110,crr,174,6.0372638623423356,-0.0028242673818965613
european_call_k110,crr,175,6.0468829285311809,0.0067947988069487764
european_call_k110,crr,176,6.0384203530584202,-0.0016677766658119708
european_call_k110,crr,177,6.0462936011232582,0.0062054713990260524
european_call_k110,crr,178,6.039488771616897,-0.00059935810733513506
european_call_k110,crr,179,6.0456629773821042,0.005574847657872084
european_call_k110,crr,180,6.0404729733332196,0.00038484360898749514
european_call_k110,crr,181,6.044993284282338,0.0049051545581058065
european_call_k110,crr,182,6.041376623364636,0.0012884936404038427
european_call_k110,crr,183,6.0442866300150531,0.0041985002908209168
european_call_k110,crr,184,6.0422032076230661,0.0021150778988339169
european_call_k110,crr,185,6.0435450111240012,0.0034568813997690739
european_call_k110,crr,186,6.0429560429635458,0.0028679132393136797
european_call_k110,crr,187,6.0427703191512538,0.0026821894270216973
european_call_k110,crr,188,6.0436382867037359,0.0035501569795037824
european_call_k110,crr,189,6.0419643468353854,0.0018762171111532666
european_call_k110,crr,190,6.0442529455363303,0.0041648158120981549
european_call_k110,crr,191,6.0411287938940399,0.0010406641698077479
european_call_k110,crr,192,6.0448028838560708,0.0047147541318386388
european_call_k110,crr,193,6.0402652724146115,0.00017714269037938379
european_call_k110,crr,194,6.0452908315754454,0.0052027018512132983
european_call_k110,crr,195,6.0393753119064089,-0.00071281781782328579
european_call_k110,crr,196,6.0457193914236402,0.0056312616994080855
european_call_k110,crr,197,6.0384603640109411,-0.0016277657132910406
european_call_k110,crr,198,6.0460910458176409,0.00600291609340875
european_call_k110,crr,199,6.0375218069147447,-0.0025663228094874313
european_call_k110,crr,200,6.0464081632779942,0.0063200335537620944
european_call_k110,crr,201,6.036560949472678,-0.003527180251554185
european_call_k110,crr,202,6.0466730044776451,0.0065848747534129615
european_call_k110,crr,203,6.0355790350767418,-0.0045090946474903859
european_call_k110,crr,204,6.0468877279096471,0.006799598185414979
european_call_k110,crr,205,6.0345772452764681,-0.0055108844477640417
european_call_k110,crr,206,6.0470543952054356,0.006966265481203493
european_call_k110,crr,207,6.03355670317241,-0.0065314265518221504
european_call_k110,crr,208,6.0471749761565476,0.0070868464323154967
european_call_k110,crr,209,6.0325184766102424,-0.0075696531139897161
european_call_k110,crr,210,6.0472513534184085,0.0071632236941763239
european_call_k110,crr,211,6.0314635811570039,-0.008624548567228274
european_call_k110,crr,212,6.0472853269467723,0.007197197222540197
european_call_k110,crr,213,6.0303929829213772,-0.0096951468028549925
european_call_k110,crr,214,6.0472786181727791,0.0071904884485469722
european_call_k110,crr,215,6.0293076011794424,-0.010780528544789725
european_call_k110,crr,216,6.0472328739423631,0.0071447442181309384
european_call_k110,crr,217,6.0296692592917811,-0.010418870432451044
european_call_k110,crr,218,6.0471496702166538,0.0070615404924216918
european_call_k110,crr,219,6.0308776998943898,-0.0092104298298423259
european_call_k110,crr,220,6.0470305155759938,0.0069423858517616566
european_call_k110,crr,221,6.0320235065721768,-0.0080646231520553613
european_call_k110,crr,222,6.0468768545136964,0.00678872478946424
european_call_k110,crr,223,6.0331088435452207,-0.0069792861790114458
european_call_k110,crr,224,6.0466900705629865,0.0066019408387543166
european_call_k110,crr,225,6.0341357896426278,-0.0059523400816043903
european_call_k110,crr,226,6.0464714892219353,0.0063833594977031893
european_call_k110,crr,227,6.0351063422363334,-0.0049817874878987922
european_call_k110,crr,228,6.0462223807427087,0.0061342510184765331
european_call_k110,crr,229,6.0360224209800366,-0.0040657087441955397
european_call_k110,crr,230,6.0459439627639266,0.0058558330396945024
european_call_k110,crr,231,6.0368858713386579,-0.0032022583855741971
european_call_k110,crr,232,6.0456374027803204,0.0055492730560882109
european_call_k110,crr,233,6.0376984679280277,-0.0023896617962044786
european_call_k110,crr,234,6.0453038205060778,0.0052156907818456943
european_call_k110,crr,235,6.038461917697834,-0.0016262120263981217
european_call_k110,crr,236,6.044944290095648,0.0048561603714158963
european_call_k110,crr,237,6.039177862943367,-0.00091026678086514323
european_call_k110,crr,238,6.0445598422466098,0.0044717125223776577
european_call_k110,crr,239,6.0398478841432119,-0.00024024558102020421
european_call_k110,crr,240,6.0441514661975617,0.0040633364733295707
european_call_k110,crr,241,6.0404735026903653,0.0003853729661331684
european_call_k110,crr,242,6.0437201116219414,0.0036319818977093021
european_call_k110,crr,243,6.0410561834504346,0.00096805372620245578
european_call_k110,crr,244,6.0432666904135797,0.0031785606893475205
european_call_k110,crr,245,6.0415973372090335,0.0015092074848013226
european_call_k110,crr,246,6.042792078391944,0.0027039486677118418
european_call_k110,crr,247,6.0420983229920253,0.00201019326779317
european_call_k110,crr,248,6.0422971169154884,0.0022089871912562842
european_call_k110,crr,249,6.0425604502834673,0.002472320559235186
european_call_k110,crr,250,6.041782614407559,0.0016944846833268912
european_call_k110,crr,251,6.0429849811068523,0.0028968513826201914
european_call_k110,crr,252,6.0412493478108349,0.0011612180866027444
european_call_k110,crr,253,6.0433731320353337,0.0032850023111015147
european_call_k110,crr,254,6.0406980639744337,0.00060993425020150482
european_call_k110,crr,255,6.0437260760817466,0.0036379463575144655
european_call_k110,crr,256,6.0401294809507178,4.1351226485630832e-05
european_call_k110,crr,257,6.0440449445138018,0.0039568147895696626
european_call_k110,crr,258,6.0395442892615963,-0.0005438404626358917
european_call_k110,crr,259,6.0443308285728916,0.0042426988486594652
european_call_k110,crr,260,6.0389431530629434,-0.0011449766612887657
european_call_k110,crr,261,6.0445847811136391,0.0044966513894069138
european_call_k110,crr,262,6.0383267112883328,-0.0017614184358993867
european_call_k110,crr,263,6.0448078181693177,0.0047196884450855237
european_call_k110,crr,264,6.0376955787085089,-0.002392551015723221
european_call_k110,crr,265,6.0450009204395432,0.0049127907153110328
european_call_k110,crr,266,6.0370503469643193,-0.0030377827599128437
european_call_k110,crr,267,6.0451650347080932,0.0050769049838610414
european_call_k110,crr,268,6.036391585529489,-0.0036965441947431898
european_call_k110,crr,269,6.0453010752031915,0.005212945478959341
european_call_k110,crr,270,6.0357198426361123,-0.004368287088119871
european_call_k110,crr,271,6.0454099248883466,0.0053217951641144623
european_call_k110,crr,272,6.0350356461644772,-0.0050524835597549611
european_call_k110,crr,273,6.0454924366915428,0.0054043069673106459
european_call_k110,crr,274,6.0343395044743247,-0.0057486252499074908
european_call_k110,crr,275,6.04554943468864,0.005461304964407887
european_call_k110,crr,276,6.0336319072127207,-0.0064562225115114558
european_call_k110,crr,277,6.0455817152208695,0.0054935854966373654
european_call_k110,crr,278,6.0329133260643584,-0.0071748036598737741
european_call_k110,crr,279,6.0455900479791955,0.0055019182549633783
european_call_k110,crr,280,6.0321842155050724,-0.0079039142191597023
european_call_k110,crr,281,6.045575177025218,0.0054870473009858145
european_call_k110,crr,282,6.0315937314409069,-0.0084943982833252107
european_call_k110,crr,283,6.0455378217695079,0.0054496920452757891
european_call_k110,crr,284,6.0324227782373008,-0.007665351486931371
european_call_k110,crr,285,6.0454786779117793,0.0053905481875471395
european_call_k110,crr,286,6.033216149937024,-0.0068719797872081045
european_call_k110,crr,287,6.0453984183438259,0.005310288619593706
european_call_k110,crr,288,6.0339748102788135,-0.0061133194454185968
european_call_k110,crr,289,6.0452976940000624,0.0052095642758303029
european_call_k110,crr,290,6.0346996933752841,-0.0053884363489480336
european_call_k110,crr,291,6.0451771346799799,0.0050890049557477113
european_call_k110,crr,292,6.0353917047590357,-0.0046964249651963996
european_call_k110,crr,293,6.0450373498383767,0.0049492201141445591
european_call_k110,crr,294,6.0360517224307362,-0.0040364072934959694
european_call_k110,crr,295,6.0448789293320386,0.0047907996078064841
european_call_k110,crr,296,6.0366805978198377,-0.0034075319043944674
european_call_k110,crr,297,6.0447024441459867,0.0046143144217545284
european_call_k110,crr,298,6.0372791567256554,-0.002808972998576742
european_call_k110,crr,299,6.0445084470811112,0.0044203173568790888
european_call_k110,crr,300,6.0378482002260254,-0.0022399294982067275
european_call_k110,crr,301,6.0442974734094541,0.0042093436852219668
european_call_k110,crr,302,6.0383885055352682,-0.0016996241889639663
european_call_k110,crr,303,6.0440700415224757,0.003981911798243587
european_call_k110,crr,304,6.0389008268346851,-0.0011873028895470483
european_call_k110,crr,305,6.043826653529611,0.0037385238053788683
european_call_k110,crr,306,6.039385896068123,-0.00070223365610910804
european_call_k110,crr,307,6.0435677958319314,0.0034796661076992308
european_call_k110,crr,308,6.0398444237050786,-0.00024370601915357781
european_call_k110,crr,309,6.0432939397028491,0.0032058099786169691
european_call_k110,crr,310,6.0402770994800701,0.00018896975583793107
european_call_k110,crr,311,6.0430055418037458,0.0029174120795136815
european_call_k110,crr,312,6.0406845930874145,0.00059646336318230908
european_call_k110,crr,313,6.0427030447097607,0.0026149149855285714
european_call_k110,crr,314,6.0410675548732318,0.00097942514899962418
european_call_k110,crr,315,6.0423868773968525,0.0022987476726203937
european_call_k110,crr,316,6.0414266164666621,0.0013384867424299784
european_call_k110,crr,317,6.0420574557208049,0.001969325996572735
european_call_k110,crr,318,6.0417623914269001,0.0016742617026679341
european_call_k110,crr,319,6.0417151828738547,0.001627053149622526
european_call_k110,crr,320,6.0420754758279989,0.0019873461037667184
european_call_k110,crr,321,6.0413604498105808,0.0012723200863486994
european_call_k110,crr,322,6.0423664488497133,0.0022783191254811541
european_call_k110,crr,323,6.0409936356792411,0.00090550595500893394
european_call_k110,crr,324,6.0426358733189129,0.0025477435946807958
european_call_k110,crr,325,6.0406151082217985,0.00052697849756633275
european_call_k110,crr,326,6.0428842962599045,0.0027961665356723842
european_call_k110,crr,327,6.0402252241633683,0.00013709443913612063
european_call_k110,crr,328,6.0431122494050324,0.0030241196808002968
european_call_k110,crr,329,6.0398243295714069,-0.00026380015282523317
european_call_k110,crr,330,6.0433202496860767,0.0032321199618445817
european_call_k110,crr,331,6.0394127602408796,-0.00067536948335256142
european_call_k110,crr,332,6.0435087997127095,0.0034206699884773428
european_call_k110,crr,333,6.0389908420112448,-0.0010972877129873382
european_call_k110,crr,334,6.0436783882361258,0.0035902585118936514
european_call_k110,crr,335,6.0385588911117756,-0.0015292386124565738
european_call_k110,crr,336,6.043829490587493,0.0037413608632608231
european_call_k110,crr,337,6.0381172144776265,-0.0019709152466056423
european_call_k110,crr,338,6.0439625691064798,0.0038744393822476297
european_call_k110,crr,339,6.0376661100617248,-0.0024220196625073243
european_call_k110,crr,340,6.0440780735546236,0.0039899438303914181
european_call_k110,crr,341,6.0372058671201199,-0.0028822626041122845
european_call_k110,crr,342,6.0441764414971111,0.0040883117728789387
european_call_k110,crr,343,6.0367367665048146,-0.0033513632194175358
european_call_k110,crr,344,6.0442580987072638,0.00416996898303168
european_call_k110,crr,345,6.0362590809342276,-0.0038290487900045633
european_call_k110,crr,346,6.0443234595147803,0.0042353297905481924
european_call_k110,crr,347,6.0357730752531307,-0.004315054471101476
european_call_k110,crr,348,6.0443729271670747,0.0042847974428426028
european_call_k110,crr,349,6.0352790066905371,-0.004809123033695073
european_call_k110,crr,350,6.0444068941694962,0.0043187644452640228
european_call_k110,crr,351,6.0347771251072979,-0.005311004616934234
european_call_k110,crr,352,6.044425742628535,0.004337612904302901
european_call_k110,crr,353,6.0342676732244209,-0.0058204564998112218
european_call_k110,crr,354,6.0444298445394518,0.0043417148152196106
european_call_k110,crr,355,6.0337508868575167,-0.0063372428667154423
european_call_k110,crr,356,6.0444195621295096,0.0043314324052774467
european_call_k110,crr,357,6.0334115806500224,-0.0066765490742097811
european_call_k110,crr,358,6.0443952481284837,0.0043071184042515753
european_call_k110,crr,359,6.0339904113236003,-0.0060977184006318907
european_call_k110,crr,360,6.0443572460574844,0.0042691163332522208
european_call_k110,crr,361,6.0345478612890178,-0.0055402684352143794
european_call_k110,crr,362,6.0443058905243854,0.0042177608001532363
european_call_k110,crr,363,6.0350843933812603,-0.0050037363429717985
european_call_k110,crr,364,6.0442415074604634,0.0041533777362312563
european_call_k110,crr,365,6.0356004590722936,-0.0044876706519385579
european_call_k110,crr,366,6.044164414405512,0.0040762846812798514
european_call_k110,crr,367,6.0360964988050512,-0.0039916309191809773
european_call_k110,crr,368,6.0440749207387405,0.003986791014508384
european_call_k110,crr,369,6.0365729423032892,-0.0035151874209429224
european_call_k110,crr,370,6.0439733279312575,0.0038851982070253754
european_call_k110,crr,371,6.037030208880191,-0.0030579208440411065
european_call_k110,crr,372,6.0438599297578666,0.0037718000336344204
european_call_k110,crr,373,6.0374687077310947,-0.0026194219931374718
european_call_k110,crr,374,6.0437350125482441,0.0036468828240119322
european_call_k110,crr,375,6.0378888382203684,-0.0021992915038637761
european_call_k110,crr,376,6.0435988553835855,0.0035107256593533975
european_call_k110,crr,377,6.0382909901515429,-0.0017971395726892325
european_call_k110,crr,378,6.043451730322321,0.0033636005980888228
european_call_k110,crr,379,6.0386755440368436,-0.0014125856873885567
european_call_k110,crr,380,6.0432939025764032,0.0032057728521710516
european_call_k110,crr,381,6.0390428713691975,-0.0010452583550346617
european_call_k110,crr,382,6.043125630739647,0.0030375010154148896
european_call_k110,crr,383,6.0393933348418187,-0.00069479488241341869
european_call_k110,crr,384,6.0429471669579735,0.0028590372337413683
european_call_k110,crr,385,6.0397272886251052,-0.00036084109912692952
european_call_k110,crr,386,6.0427587571074852,0.0026706273832530769
european_call_k110,crr,387,6.0400450785708202,-4.305115341196597e-05
european_call_k110,crr,388,6.0425606409952071,0.0024725112709749197
european_call_k110,crr,389,6.0403470424607848,0.00025891273655265223
european_call_k110,crr,390,6.0423530525085285,0.0022649227842963526
european_call_k110,crr,391,6.0406335102104354,0.00054538048620322854
european_call_k110,crr,392,6.0421362197839361,0.0020480900597039664
european_call_k110,crr,393,6.0409048040964759,0.00081667437224375306
european_call_k110,crr,394,6.0419103653764017,0.001822235652169546
european_call_k110,crr,395,6.04116123895135,0.0010731092271178966
european_call_k110,crr,396,6.0416757064187969,0.001587576694564774
european_call_k110,crr,397,6.0414031223650371,0.001314992640804924
european_call_k110,crr,398,6.0414324547563316,0.0013443250320994693
european_call_k110,crr,399,6.0416307548813082,0.0015426251570760385
european_call_k110,crr,400,6.0411808170991819,0.001092687374949719
european_call_k110,crr_averaged,10,6.1061894674236026,0.066101337699370433
european_call_k110,crr_averaged,11,6.0732296834433228,0.033141553719090666
european_call_k110,crr_averaged,12,6.083124245793039,0.043036116068806862
european_call_k110,crr_averaged,13,6.0561882911058245,0.016100161381592315
european_call_k110,crr_averaged,14,6.0579632754867916,0.017875145762559441
european_call_k110,crr_averaged,15,6.0354203467862595,-0.0046677829379726532
european_call_k110,crr_averaged,16,6.0328360449115639,-0.007252084812668258
european_call_k110,crr_averaged,17,6.0231435689591422,-0.016944560765089989
european_call_k110,crr_averaged,18,6.0181631399135602,-0.021924989810671924
european_call_k110,crr_averaged,19,6.0438184847300995,0.0037303550058673807
european_call_k110,crr_averaged,20,6.0375277930022104,-0.0025603367220217166
european_call_k110,crr_averaged,21,6.0559288291984235,0.015840699474191311
european_call_k110,crr_averaged,22,6.0489540154603567,0.008865885736124568
european_call_k110,crr_averaged,23,6.0621672993728266,0.022079169648594466
european_call_k110,crr_averaged,24,6.0548800641726537,0.014791934448421529
european_call_k110,crr_averaged,25,6.0643028081880122,0.024214678463780004
european_call_k110,crr_averaged,26,6.0569278590234275,0.016839729299195305
european_call_k110,crr_averaged,27,6.0635315321725711,0.023443402448338979
european_call_k110,crr_averaged,28,6.0562057306375596,0.016117600913327479
european_call_k110,crr_averaged,29,6.0606819582568328,0.020593828532600611
european_call_k110,crr_averaged,30,6.0534882499932072,0.01340012026897508
european_call_k110,crr_averaged,31,6.05633948901382,0.016251359289587874
european_call_k110,crr_averaged,32,6.0493270429415222,0.0092389132172900901
european_call_k110,crr_averaged,33,6.0509247496557226,0.010836619931490432
european_call_k110,crr_averaged,34,6.0441212557139998,0.004033125989767683
european_call_k110,crr_averaged,35,6.0447442386748316,0.0046561089505994246
european_call_k110,crr_averaged,36,6.0381635968712111,-0.001924532853021077
european_call_k110,crr_averaged,37,6.0380239195924501,-0.0020642101317820405
european_call_k110,crr_averaged,38,6.0316711426022884,-0.0084169871219437198
european_call_k110,crr_averaged,39,6.0309319923099718,-0.0091561374142603569
european_call_k110,crr_averaged,40,6.0347151181560541,-0.0053730115681780433
european_call_k110,crr_averaged,41,6.0335033666807192,-0.0065847630435129645
european_call_k110,crr_averaged,42,6.040708308553107,0.0006201788288748844
european_call_k110,crr_averaged,43,6.0391234919709991,-0.00096463775323307743
european_call_k110,crr_averaged,44,6.0451343694164095,0.0050462396921773234
european_call_k110,crr_averaged,45,6.0432552054259272,0.0031670757016950546
european_call_k110,crr_averaged,46,6.048253392164157,0.0081652624399248808
european_call_k110,crr_averaged,47,6.0461425755287053,0.0060544458044731186
european_call_k110,crr_averaged,48,6.0502776999377961,0.010189570213563925
european_call_k110,crr_averaged,49,6.0479854750349533,0.0078973453107211711
european_call_k110,crr_averaged,50,6.051381813332382,0.011293683608149863
european_call_k110,crr_averaged,51,6.0489486659501202,0.0088605362258880049
european_call_k110,crr_averaged,52,6.0517100811374407,0.011621951413208542
european_call_k110,crr_averaged,53,6.0491687877512383,0.0090806580270061943
european_call_k110,crr_averaged,54,6.0513825814354707,0.011294451711238551
european_call_k110,crr_averaged,55,6.048759784210989,0.0086716544867568857
european_call_k110,crr_averaged,56,6.0504997270563479,0.010411597332115718
european_call_k110,crr_averaged,57,6.0478171549606961,0.0077290252364639045
european_call_k110,crr_averaged,58,6.0491458904049891,0.0090577606807569211
european_call_k110,crr_averaged,59,6.0464213135948093,0.0063331838705771304
european_call_k110,crr_averaged,60,6.0473922789375445,0.0073041492133123498
european_call_k110,crr_averaged,61,6.0446402602557541,0.0045521305315219251
european_call_k110,crr_averaged,62,6.0452992329069621,0.0052111031827299925
european_call_k110,crr_averaged,63,6.0425317237155936,0.0024435939913614035
european_call_k110,crr_averaged,64,6.0429180739828183,0.0028299442585861811
european_call_k110,crr_averaged,65,6.0401448895988707,5.6759874638601104e-05
european_call_k110,crr_averaged,66,6.0402926020054641,0.00020447228123199324
european_call_k110,crr_averaged,67,6.0375218033337834,-0.0025663263904487366
european_call_k110,crr_averaged,68,6.0374603140801337,-0.0026278156440984191
european_call_k110,crr_averaged,69,6.0346985156410851,-0.0053896140831470873
european_call_k110,crr_averaged,70,6.0344534030646013,-0.0056347266596308287
european_call_k110,crr_averaged,71,6.0365027246092966,-0.003585405114935547
european_call_k110,crr_averaged,72,6.0360962813744798,-0.0039918483497523027
european_call_k110,crr_averaged,73,6.0392143563356591,-0.00087377338857308473
european_call_k110,crr_averaged,74,6.0386660659224756,-0.001422063801756579
european_call_k110,crr_averaged,75,6.0414356976659747,0.0013475679417425113
european_call_k110,crr_averaged,76,6.040762632978292,0.0006745032540598217
european_call_k110,crr_averaged,77,6.04321657745772,0.0031284477334878602
european_call_k110,crr_averaged,78,6.0424337357335451,0.0023456060093129949
european_call_k110,crr_averaged,79,6.0446011956752956,0.0045130659510634885
european_call_k110,crr_averaged,80,6.0437217810301078,0.0036336513058756736
european_call_k110,crr_averaged,81,6.0456288536658747,0.0055407239416425114
european_call_k110,crr_averaged,82,6.0446645163891581,0.004576386664925991
european_call_k110,crr_averaged,83,6.0463345767504206,0.0062464470261884841
european_call_k110,crr_averaged,84,6.0452956167260465,0.0052074870018143926
european_call_k110,crr_averaged,85,6.0467496469174353,0.0066615171932031814
european_call_k110,crr_averaged,86,6.0456451871529913,0.0055570574287591157
european_call_k110,crr_averaged,87,6.0469020601459436,0.0068139304217114116
european_call_k110,crr_averaged,88,6.0457401952997198,0.0056520655754876969
european_call_k110,crr_averaged,89,6.0468169203012465,0.0067287905770143652
european_call_k110,crr_averaged,90,6.0456048442161245,0.0055167144918923938
european_call_k110,crr_averaged,91,6.0465167794541266,0.0064286497298944312
european_call_k110,crr_averaged,92,6.0452608949964324,0.0051727652722002304
european_call_k110,crr_averaged,93,6.0460219327839555,0.0059338030597233526
european_call_k110,crr_averaged,94,6.0447279467205952,0.0046398169963630664
european_call_k110,crr_averaged,95,6.0453506748483754,0.0052625451241432586
european_call_k110,crr_averaged,96,6.0440236800206311,0.0039355502963989153
european_call_k110,crr_averaged,97,6.0445195228841939,0.0044313931599617717
european_call_k110,crr_averaged,98,6.0431640695779283,0.0030759398536961413
european_call_k110,crr_averaged,99,6.0435434118979101,0.0034552821736779649
european_call_k110,crr_averaged,100,6.0421635699767489,0.0020754402525167137
european_call_k110,crr_averaged,101,6.0424358655186285,0.0023477357943963995
european_call_k110,crr_averaged,102,6.0410352786561194,0.00094714893188729832
european_call_k110,crr_averaged,103,6.0412091459966568,0.0011210162724246686
european_call_k110,crr_averaged,104,6.0397910791134022,-0.00029705061082996309
european_call_k110,crr_averaged,105,6.0398743861872957,-0.00021374353693648374
european_call_k110,crr_averaged,106,6.0384417670463133,-0.0016463626779188445
european_call_k110,crr_averaged,107,6.0384417059474629,-0.001646423776769268
european_call_k110,crr_averaged,108,6.0369971616971538,-0.0030909680270783113
european_call_k110,crr_averaged,109,6.0369203149963324,-0.0031678147278997315
european_call_k110,crr_averaged,110,6.036946439801679,-0.0031416899225531481
european_call_k110,crr_averaged,111,6.0367988394627634,-0.0032892902614687358
european_call_k110,crr_averaged,112,6.0384670505440319,-0.0016210791802002689
european_call_k110,crr_averaged,113,6.0382542303630737,-0.0018338993611584087
european_call_k110,crr_averaged,114,6.0397862432084022,-0.00030188651582996329
european_call_k110,crr_averaged,115,6.0395132855817941,-0.00057484414243802462
european_call_k110,crr_averaged,116,6.0409177937787852,0.000829664054553092
european_call_k110,crr_averaged,117,6.0405893714800198,0.00050124175578769581
european_call_k110,crr_averaged,118,6.0418744293893942,0.0017862996651620833
european_call_k110,crr_averaged,119,6.0414948429581878,0.001406713233955692
european_call_k110,crr_averaged,120,6.0426679205479372,0.0025797908237050748
european_call_k110,crr_averaged,121,6.0422411318093658,0.0021530020851336928
european_call_k110,crr_averaged,122,6.0433091640886714,0.0032210343644392125
european_call_k110,crr_averaged,123,6.042838826247066,0.0027506965228338842
european_call_k110,crr_averaged,124,6.0438082578929304,0.0037201281686982668
european_call_k110,crr_averaged,125,6.0432977426000001,0.003209612875767931
european_call_k110,crr_averaged,126,6.0441745683150145,0.004086438590782393
european_call_k110,crr_averaged,127,6.0436269900447899,0.003538860320557724
european_call_k110,crr_averaged,128,6.0444167910994588,0.0043286613752266945
european_call_k110,crr_averaged,129,6.0438350291402836,0.0037468994160514413
european_call_k110,crr_averaged,130,6.0445430065063288,0.0044548767820966617
european_call_k110,crr_averaged,131,6.0439297248231831,0.0038415950989509895
european_call_k110,crr_averaged,132,6.0445607292660544,0.0044725995418222197
european_call_k110,crr_averaged,133,6.0439183944672141,0.0038302647429819814
european_call_k110,crr_averaged,134,6.0444769539013627,0.0043888241771306014
european_call_k110,crr_averaged,135,6.0438078515155773,0.0037197217913451652
european_call_k110,crr_averaged,136,6.0442981959140498,0.0042100661898176739
european_call_k110,crr_averaged,137,6.0436044451488922,0.0035163154246600214
european_call_k110,crr_averaged,138,6.0440305292443766,0.0039423995201444129
european_call_k110,crr_averaged,139,6.0433140963918754,0.0032259666676432985
european_call_k110,crr_averaged,140,6.0436796203989402,0.0035914906747080977
european_call_k110,crr_averaged,141,6.042942331023557,0.0028542012993248989
european_call_k110,crr_averaged,142,6.0432507595722624,0.003162629848030285
european_call_k110,crr_averaged,143,6.0424943096025974,0.0024061798783652222
european_call_k110,crr_averaged,144,6.0427488890567433,0.0026607593325111978
european_call_k110,crr_averaged,145,6.0419748548980294,0.0018867251737972879
european_call_k110,crr_averaged,146,6.0421786292186486,0.0020904994944164201
european_call_k110,crr_averaged,147,6.0413884769778665,0.0013003472536343708
european_call_k110,crr_averaged,148,6.0415443022616531,0.0014561725374209189
european_call_k110,crr_averaged,149,6.0407393961733069,0.00065126644907476106
european_call_k110,crr_averaged,150,6.0408499540037219,0.0007618242794897867
european_call_k110,crr_averaged,151,6.0400315641317226,-5.6565592509549845e-05
european_call_k110,crr_averaged,152,6.0400993738359547,1.1244111722596983e-05
european_call_k110,crr_averaged,153,6.0392686831289142,-0.00081944659531796304
european_call_k110,crr_averaged,154,6.0392961130575511,-0.0007920166666810502
european_call_k110,crr_averaged,155,6.0384542238047523,-0.0016339059194798722
european_call_k110,crr_averaged,156,6.0384435017093008,-0.0016446280149313708
european_call_k110,crr_averaged,157,6.0375914414699237,-0.0024966882543084878
european_call_k110,crr_averaged,158,6.0375446640684656,-0.0025434656557665747
european_call_k110,crr_averaged,159,6.038065312383873,-0.0020228173403591398
european_call_k110,crr_averaged,160,6.0379844541840066,-0.0021036755402255025
european_call_k110,crr_averaged,161,6.0389342543435776,-0.0011538753806545898
european_call_k110,crr_averaged,162,6.0388211757831822,-0.0012669539410499198
european_call_k110,crr_averaged,163,6.0397102353350469,-0.00037789438918522933
european_call_k110,crr_averaged,164,6.0395666903072831,-0.00052143941694904328
european_call_k110,crr_averaged,165,6.0403977923538914,0.0003096626296592575
european_call_k110,crr_averaged,166,6.0402254351642872,0.00013730544005507994
european_call_k110,crr_averaged,167,6.0410012166157685,0.00091308689153635214
european_call_k110,crr_averaged,168,6.0408016084221359,0.00071347869790372442
european_call_k110,crr_averaged,169,6.0415245689651833,0.0014364392409511595
european_call_k110,crr_averaged,170,6.0412991837435852,0.0012110540193530639
european_call_k110,crr_averaged,171,6.0419716941842925,0.0018835644600603274
european_call_k110,crr_averaged,172,6.0417219242573523,0.0016337945331201809
european_call_k110,crr_averaged,173,6.0423462342726335,0.0022581045484013629
european_call_k110,crr_averaged,174,6.0420733954367583,0.0019852657125261075
european_call_k110,crr_averaged,175,6.0426516407948005,0.0025635110705684028
european_call_k110,crr_averaged,176,6.0423569770908392,0.0022688473666070408
european_call_k110,crr_averaged,177,6.0428911863700776,0.0028030566458454587
european_call_k110,crr_averaged,178,6.0425758744995006,0.0024877447752684745
european_call_k110,crr_averaged,179,6.0430679753576619,0.0029798456334297896
european_call_k110,crr_averaged,180,6.0427331288077788,0.0026449990835466508
european_call_k110,crr_averaged,181,6.043184953823487,0.0030968240992548246
european_call_k110,crr_averaged,182,6.0428316266898445,0.0027434969656123798
european_call_k110,crr_averaged,183,6.0432449188190596,0.0031567890948274169
european_call_k110,crr_averaged,184,6.0428741093735336,0.0027859796493014954
european_call_k110,crr_averaged,185,6.0432505270437735,0.0031623973195413768
european_call_k110,crr_averaged,186,6.0428631810573998,0.0027750513331676885
european_call_k110,crr_averaged,187,6.0432043029274949,0.0031161732032627398
european_call_k110,crr_averaged,188,6.0428013167695607,0.0027131870453285245
european_call_k110,crr_averaged,189,6.0431086461858579,0.0030205164616257107
european_call_k110,crr_averaged,190,6.0426908697151855,0.0026027399909533955
european_call_k110,crr_averaged,191,6.0429658388750553,0.0028777091508231933
european_call_k110,crr_averaged,192,6.0425340781353416,0.0024459484111094554
european_call_k110,crr_averaged,193,6.0427780519950289,0.0026899222707967851
european_call_k110,crr_averaged,194,6.0423330717409272,0.0022449420166950063
european_call_k110,crr_averaged,195,6.042547351665025,0.002459221940792844
european_call_k110,crr_averaged,196,6.0420898777172907,0.0020017479930585225
european_call_k110,crr_averaged,197,6.0422757049142906,0.0021875751900584106
european_call_k110,crr_averaged,198,6.0418064263661933,0.0017182966419611034
european_call_k110,crr_averaged,199,6.041964985096369,0.0018768553721368875
european_call_k110,crr_averaged,200,6.0414845563753357,0.0013964266511035106
european_call_k110,crr_averaged,201,6.0416169769751615,0.0015288472509293882
european_call_k110,crr_averaged,202,6.0411260197771934,0.0010378900529612878
european_call_k110,crr_averaged,203,6.0412333814931944,0.0011452517689622965
european_call_k110,crr_averaged,204,6.0407324865930576,0.00064435686882546861
european_call_k110,crr_averaged,205,6.0408158202409519,0.00072769051671972562
european_call_k110,crr_averaged,206,6.0403055491889228,0.0002174194646906713
european_call_k110,crr_averaged,207,6.0403658396644788,0.00027770994024667317
european_call_k110,crr_averaged,208,6.039846726383395,-0.00024140334083710968
european_call_k110,crr_averaged,209,6.0398849150143255,-0.0002032147099066961
european_call_k110,crr_averaged,210,6.0393574672877062,-0.00073066243652597507
european_call_k110,crr_averaged,211,6.0393744540518881,-0.0007136756723440385
european_call_k110,crr_averaged,212,6.0388391549340747,-0.0012489747901573978
european_call_k110,crr_averaged,213,6.0388358005470781,-0.0012523291771540102
european_call_k110,crr_averaged,214,6.0382931096761112,-0.0017950200481209322
european_call_k110,crr_averaged,215,6.0382702375609032,-0.0018178921633289491
european_call_k110,crr_averaged,216,6.0384510666170721,-0.0016370631071600528
european_call_k110,crr_averaged,217,6.038409464754217,-0.0016786649700151202
european_call_k110,crr_averaged,218,6.0390136850555223,-0.001074444668709873
european_call_k110,crr_averaged,219,6.0389541077351918,-0.0011340219890403347
european_call_k110,crr_averaged,220,6.0395270110740853,-0.00056111865014685236
european_call_k110,crr_averaged,221,6.0394501805429366,-0.00063794918129556066
european_call_k110,crr_averaged,222,6.0399928490294581,-9.5280694774046992e-05
european_call_k110,crr_averaged,223,6.0398994570541031,-0.00018867267012900868
european_call_k110,crr_averaged,224,6.0404129301028071,0.00032480037857496313
european_call_k110,crr_averaged,225,6.0403036394322811,0.00021550970804895542
european_call_k110,crr_averaged,226,6.0407889157291343,0.00070078600490219856
european_call_k110,crr_averaged,227,6.0406643614895206,0.00057623176528842635
european_call_k110,crr_averaged,228,6.0411224008613722,0.0010342711371400526
european_call_k110,crr_averaged,229,6.0409831918719821,0.00089506214774992543
european_call_k110,crr_averaged,230,6.0414149170512923,0.0013267873270601527
european_call_k110,crr_averaged,231,6.0412616370594892,0.0011735073352570069
european_call_k110,crr_averaged,232,6.041667935354174,0.0015798056299418661
european_call_k110,crr_averaged,233,6.0415011442170528,0.0014130144928206079
european_call_k110,crr_averaged,234,6.0418828691019559,0.0017947393777237863
european_call_k110,crr_averaged,235,6.041703103896741,0.0016149741725088873
european_call_k110,crr_averaged,236,6.0420610765195075,0.0019729467952753765
european_call_k110,crr_averaged,237,6.0418688525949884,0.0017807228707562572
european_call_k110,crr_averaged,238,6.0422038631949109,0.0021157334706787267
european_call_k110,crr_averaged,239,6.0419996751703868,0.0019115454461546832
european_call_k110,crr_averaged,240,6.0423124844439631,0.0022243547197309255
european_call_k110,crr_averaged,241,6.0420968071561534,0.0020086774319212353
european_call_k110,crr_averaged,242,6.0423881475361885,0.002300017811956323
european_call_k110,crr_averaged,243,6.0421614369320071,0.0020733072077749881
european_call_k110,crr_averaged,244,6.0424320138113066,0.0023438840870744215
european_call_k110,crr_averaged,245,6.0421947078004887,0.0021065780762565822
european_call_k110,crr_averaged,246,6.0424452006919847,0.0023570709677525059
european_call_k110,crr_averaged,247,6.0421977199537569,0.0021095902295247271
european_call_k110,crr_averaged,248,6.0424287835994779,0.0023406538752457351
european_call_k110,crr_averaged,249,6.0421715323455132,0.0020834026212810386
european_call_k110,crr_averaged,250,6.0423837977572052,0.0022956680329730972
european_call_k110,crr_averaged,251,6.0421171644588441,0.002029034734611912
european_call_k110,crr_averaged,252,6.0423112399230838,0.0022231101988516855
european_call_k110,crr_averaged,253,6.0420355980048832,0.0019474682806510657
european_call_k110,crr_averaged,254,6.0422120700280901,0.0021239403038579852
european_call_k110,crr_averaged,255,6.0419277785162322,0.0018396487920000482
european_call_k110,crr_averaged,256,6.0420872127322598,0.0019990830080276467
european_call_k110,crr_averaged,257,6.0417946168876995,0.0017064871634673295
european_call_k110,crr_averaged,258,6.0419375589172439,0.0018494291930117868
european_call_k110,crr_averaged,259,6.0416369908179171,0.0015488610936849057
european_call_k110,crr_averaged,260,6.0417639670882917,0.0016758373640595181
european_call_k110,crr_averaged,261,6.0414557462009864,0.0013676164767542076
european_call_k110,crr_averaged,262,6.0415672647288252,0.0014791350045930685
european_call_k110,crr_averaged,263,6.0412516984389129,0.0011635687146807072
european_call_k110,crr_averaged,264,6.0413482495740265,0.00126011984979435
european_call_k110,crr_averaged,265,6.0410256337019312,0.00093750397769909455
european_call_k110,crr_averaged,266,6.0411076908362062,0.0010195611119740988
european_call_k110,crr_averaged,267,6.0407783101187906,0.00069018039455848168
european_call_k110,crr_averaged,268,6.0408463303663407,0.00075820064210851967
european_call_k110,crr_averaged,269,6.0405104589196519,0.00042232919541973502
european_call_k110,crr_averaged,270,6.0405648837622294,0.00047675403799729565
european_call_k110,crr_averaged,271,6.0402227855264119,0.00013465580217975059
european_call_k110,crr_averaged,272,6.04026404142801,0.00017591170377784238
european_call_k110,crr_averaged,273,6.0399159705829337,-0.00017215914129842247
european_call_k110,crr_averaged,274,6.0399444695814823,-0.00014366014274980188
european_call_k110,crr_averaged,275,6.0395906709506804,-0.00049745877355178436
european_call_k110,crr_averaged,276,6.0396068112167951,-0.00048131850743704518
european_call_k110,crr_averaged,277,6.0392475206426139,-0.00084060908161820436
european_call_k110,crr_averaged,278,6.0392516870217765,-0.00083644270245564201
european_call_k110,crr_averaged,279,6.0388871317421344,-0.0012009979820977179
european_call_k110,crr_averaged,280,6.0388796962651448,-0.001208433459087388
european_call_k110,crr_averaged,281,6.038584454233062,-0.0015036754911701422
european_call_k110,crr_averaged,282,6.038565776605207,-0.0015223531190251549
european_call_k110,crr_averaged,283,6.0389803000034039,-0.0011078297208282351
european_call_k110,crr_averaged,284,6.03895072807454,-0.0011374016496921158
european_call_k110,crr_averaged,285,6.0393474139244017,-0.00074071579983048252
european_call_k110,crr_averaged,286,6.0393072841404249,-0.00078084558380719926
european_call_k110,crr_averaged,287,6.0396866143113197,-0.00040151541291244541
european_call_k110,crr_averaged,288,6.039636252139438,-0.00045187758479414697
european_call_k110,crr_averaged,289,6.0399986936876733,-8.9436036558865339e-05
european_call_k110,crr_averaged,290,6.039938414027632,-0.00014971569660016115
european_call_k110,crr_averaged,291,6.0402844197195078,0.00019628999527565583
european_call_k110,crr_averaged,292,6.0402145272987067,0.00012639757447452382
european_call_k110,crr_averaged,293,6.040544536134556,0.00045640641032385076
european_call_k110,crr_averaged,294,6.040465325881387,0.00037719615715481325
european_call_k110,crr_averaged,295,6.0407797635759382,0.00069163385170600833
european_call_k110,crr_averaged,296,6.0406915209829126,0.00060339125868047461
european_call_k110,crr_averaged,297,6.0409908004358215,0.00090267071158933732
european_call_k110,crr_averaged,298,6.0408938019033833,0.0008056721791511734
european_call_k110,crr_averaged,299,6.0411783236535683,0.0010901939293361806
european_call_k110,crr_averaged,300,6.0410728368177402,0.00098470709350806374
european_call_k110,crr_averaged,301,6.0413429894723611,0.0012548597481290003
european_call_k110,crr_averaged,302,6.041229273528872,0.0011411438046398104
european_call_k110,crr_averaged,303,6.0414854341785809,0.0013973044543487134
european_call_k110,crr_averaged,304,6.0413637401821481,0.00127561045791591
european_call_k110,crr_averaged,305,6.041606274798867,0.0015181450746348801
european_call_k110,crr_averaged,306,6.0414768459500277,0.0013887162257955055
european_call_k110,crr_averaged,307,6.041706109768505,0.0016179800442728265
european_call_k110,crr_averaged,308,6.0415691817039638,0.0014810519797316957
european_call_k110,crr_averaged,309,6.0417855195914596,0.0016973898672274501
european_call_k110,crr_averaged,310,6.041641320641908,0.0015531909176758063
european_call_k110,crr_averaged,311,6.0418450674455801,0.0017569377213479953
european_call_k110,crr_averaged,312,6.0416938188985876,0.0016056891743554402
european_call_k110,crr_averaged,313,6.0418852997914962,0.0017971700672640978
european_call_k110,crr_averaged,314,6.0417272161350422,0.0016390864108100089
european_call_k110,crr_averaged,315,6.0419067469317573,0.0018186172075251861
european_call_k110,crr_averaged,316,6.0417420360937335,0.0016539063695013567
european_call_k110,crr_averaged,317,6.0419099235738525,0.0018217938496203345
european_call_k110,crr_averaged,318,6.0417387871503774,0.00165065742614523
european_call_k110,crr_averaged,319,6.0418953293509272,0.0018071996266950663
european_call_k110,crr_averaged,320,6.0417179628192894,0.0016298330950572648
european_call_k110,crr_averaged,321,6.0418634493301475,0.0017753196059153709
european_call_k110,crr_averaged,322,6.0416800422644776,0.0015919125402454881
european_call_k110,crr_averaged,323,6.041814754499077,0.0017266247748448649
european_call_k110,crr_averaged,324,6.0416254907703557,0.0015373610461235643
european_call_k110,crr_averaged,325,6.0417497022408515,0.0016615725166193585
european_call_k110,crr_averaged,326,6.0415547602116364,0.0014666304874042524
european_call_k110,crr_averaged,327,6.0416687367842004,0.0015806070599682087
european_call_k110,crr_averaged,328,6.0414682894882201,0.0013801597639879759
european_call_k110,crr_averaged,329,6.0415722896287418,0.0014841599045096743
european_call_k110,crr_averaged,330,6.0413665049634782,0.0012783752392460102
european_call_k110,crr_averaged,331,6.041460779976795,0.0013726502525628348
european_call_k110,crr_averaged,332,6.0412498208619771,0.0011616911377450023
european_call_k110,crr_averaged,333,6.0413346151236853,0.0012464853994531566
european_call_k110,crr_averaged,334,6.0411186396739502,0.0010305099497180947
european_call_k110,crr_averaged,335,6.0411941908496338,0.0011060611254016806
european_call_k110,crr_averaged,336,6.0409733525325597,0.00088522280832759037
european_call_k110,crr_averaged,337,6.0410398917920531,0.00095176206782099371
european_call_k110,crr_averaged,338,6.0408143395841023,0.00072620985987015274
european_call_k110,crr_averaged,339,6.0408720918081737,0.00078396208394160283
european_call_k110,crr_averaged,340,6.0406419703373722,0.00055384061314001087
european_call_k110,crr_averaged,341,6.0406911543086155,0.00060302458438332707
european_call_k110,crr_averaged,342,6.0404566040009628,0.00036847427673070143
european_call_k110,crr_averaged,343,6.0404974326060392,0.00040930288180707208
european_call_k110,crr_averaged,344,6.0402585898207457,0.00017046009651355831
european_call_k110,crr_averaged,345,6.040291270224504,0.00020314050027181452
european_call_k110,crr_averaged,346,6.0400482673839555,-3.9862340276641817e-05
european_call_k110,crr_averaged,347,6.0400730012101027,-1.512851412943661e-05
european_call_k110,crr_averaged,348,6.0398259669288059,-0.00026216279542623511
european_call_k110,crr_averaged,349,6.0398429504300166,-0.00024517929421552509
european_call_k110,crr_averaged,350,6.0395920096383975,-0.0004961200858346615
european_call_k110,crr_averaged,351,6.0396014338679169,-0.00048669585631522239
european_call_k110,crr_averaged,352,6.0393467079264784,-0.00074142179775371631
european_call_k110,crr_averaged,353,6.0393487588819363,-0.00073937084229580563
european_call_k110,crr_averaged,354,6.0390903656984847,-0.00099776402574747181
european_call_k110,crr_averaged,355,6.0390852244935136,-0.0010029052307185538
european_call_k110,crr_averaged,356,6.038915571389766,-0.0011725583344661672
european_call_k110,crr_averaged,357,6.038903414389253,-0.0011847153349791029
european_call_k110,crr_averaged,358,6.0391928297260424,-0.00089529999818971362
european_call_k110,crr_averaged,359,6.0391738286905419,-0.00091430103369027904
european_call_k110,crr_averaged,360,6.0394525536732511,-0.00063557605098107928
european_call_k110,crr_averaged,361,6.0394268759067016,-0.00066125381753057155
european_call_k110,crr_averaged,362,6.0396951419528229,-0.00039298777140928109
european_call_k110,crr_averaged,363,6.0396629504208619,-0.0004251793033702711
european_call_k110,crr_averaged,364,6.0399209832663789,-0.0001671464578532067
european_call_k110,crr_averaged,365,6.0398824367389032,-0.00020569298532890912
european_call_k110,crr_averaged,366,6.0401304566052811,4.2326881048992959e-05
european_call_k110,crr_averaged,367,6.0400857097718958,-2.4199523362966602e-06
european_call_k110,crr_averaged,368,6.0403239315210149,0.00023580179678273083
european_call_k110,crr_averaged,369,6.0402731351172729,0.00018500539304078245
european_call_k110,crr_averaged,370,6.0405017684057238,0.00041363868149169036
european_call_k110,crr_averaged,371,6.0404450693190288,0.00035693959479665693
european_call_k110,crr_averaged,372,6.0406643187444811,0.00057618902024891838
european_call_k110,crr_averaged,373,6.0406018601396694,0.00051373041543723019
european_call_k110,crr_averaged,374,6.0408119253843058,0.00072379566007363394
european_call_k110,crr_averaged,375,6.040743846801977,0.00065571707774481069
european_call_k110,crr_averaged,376,6.0409449227675642,0.0008567930433320825
european_call_k110,crr_averaged,377,6.0408713602369319,0.00078323051269979516
european_call_k110,crr_averaged,378,6.0410636371795823,0.00097550745535013306
european_call_k110,crr_averaged,379,6.0409847233066234,0.00089659358239124742
european_call_k110,crr_averaged,380,6.0411683869728003,0.0010802572485681949
european_call_k110,crr_averaged,381,6.0410842510544223,0.00099612133019011395
european_call_k110,crr_averaged,382,6.0412594827907329,0.0011713530665007355
european_call_k110,crr_averaged,383,6.0411702508998957,0.0010821211756635307
european_call_k110,crr_averaged,384,6.0413372277915389,0.0012490980673067753
european_call_k110,crr_averaged,385,6.0412430228662952,0.0011548931420630737
european_call_k110,crr_averaged,386,6.0414019178391527,0.0013137881149205555
european_call_k110,crr_averaged,387,6.0413028597830136,0.0012147300587814769
european_call_k110,crr_averaged,388,6.0414538417279964,0.0013657120037642301
european_call_k110,crr_averaged,389,6.0413500474846566,0.0012619177604245024
european_call_k110,crr_averaged,390,6.0414932813594824,0.0014051516352502347
european_call_k110,crr_averaged,391,6.0413848649971857,0.0012967352729535975
european_call_k110,crr_averaged,392,6.041520511940206,0.0014323822159738597
european_call_k110,crr_averaged,393,6.0414075847364384,0.0013194550122062054
european_call_k110,crr_averaged,394,6.0415358021638763,0.0014476724396441654
european_call_k110,crr_averaged,395,6.0414184726850735,0.0013303429608413353
european_call_k110,crr_averaged,396,6.0415394143919166,0.0014512846676844049
european_call_k110,crr_averaged,397,6.0414177885606843,0.0013296588364521966
european_call_k110,crr_averaged,398,6.0415316048188199,0.0014434750945877539
european_call_k110,crr_averaged,399,6.0414057859902446,0.0013176562660124347
european_call_k110,crr_averaged,400,6.0415126236466241,0.0014244939223919673
european_call_k110,leisen_reimer,11,6.037341158274014,-0.002746971450218183
european_call_k110,leisen_reimer,13,6.0380836839036043,-0.0020044458206278648
european_call_k110,leisen_reimer,15,6.038560965474681,-0.0015271642495511273
european_call_k110,leisen_reimer,17,6.0388859041999758,-0.0012022255242563062
european_call_k110,leisen_reimer,19,6.0391171038892644,-0.00097102583496777584
european_call_k110,leisen_reimer,21,6.0392874591586549,-0.00080067056557719951
european_call_k110,leisen_reimer,23,6.0394165986455057,-0.00067153107872641726
european_call_k110,leisen_reimer,25,6.039516826109006,-0.00057130361522617079
european_call_k110,leisen_reimer,27,6.0395961728722831,-0.00049195685194902694
european_call_k110,leisen_reimer,29,6.0396600625659476,-0.00042806715828458408
european_call_k110,leisen_reimer,31,6.0397122652239847,-0.00037586450024740259
european_call_k110,leisen_reimer,33,6.0397554675193845,-0.00033266220484762243
european_call_k110,leisen_reimer,35,6.0397916260432014,-0.00029650368103073532
european_call_k110,leisen_reimer,37,6.0398221931090603,-0.00026593661517182454
european_call_k110,leisen_reimer,39,6.0398482650707743,-0.00023986465345782193
european_call_k110,leisen_reimer,41,6.0398706821272174,-0.00021744759701469718
european_call_k110,leisen_reimer,43,6.0398900969320408,-0.00019803279219132719
european_call_k110,leisen_reimer,45,6.0399070226869025,-0.00018110703732965305
european_call_k110,leisen_reimer,47,6.0399218674258339,-0.00016626229839822315
european_call_k110,leisen_reimer,49,6.0399349588672493,-0.00015317085698285382
european_call_k110,leisen_reimer,51,6.0399465626565778,-0.00014156706765433569
european_call_k110,leisen_reimer,53,6.0399568959697243,-0.00013123375450785346
european_call_k110,leisen_reimer,55,6.0399661377439458,-0.00012199198028639557
european_call_k110,leisen_reimer,57,6.0399744364860712,-0.00011369323816090571
european_call_k110,leisen_reimer,59,6.0399819162795403,-0.00010621344469186056
european_call_k110,leisen_reimer,61,6.0399886814472401,-9.9448276992042395e-05
european_call_k110,leisen_reimer,63,6.0399948202141518,-9.3309510080352709e-05
european_call_k110,leisen_reimer,65,6.0400004075984279,-8.7722125804212681e-05
european_call_k110,leisen_reimer,67,6.0400055077125163,-8.2622011715827171e-05
european_call_k110,leisen_reimer,69,6.0400101756157341,-7.7954108498090591e-05
european_call_k110,leisen_reimer,71,6.0400144588026317,-7.3670921600488271e-05
european_call_k110,leisen_reimer,73,6.0400183984212816,-6.9731302950515328e-05
european_call_k110,leisen_reimer,75,6.0400220302581671,-6.6099466065061563e-05
european_call_k110,leisen_reimer,77,6.0400253855591233,-6.2744165108874483e-05
european_call_k110,leisen_reimer,79,6.0400284917054705,-5.9638018761631884e-05
european_call_k110,leisen_reimer,81,6.0400313727687838,-5.6756955448378221e-05
european_call_k110,leisen_reimer,83,6.0400340499838645,-5.4079740367640738e-05
european_call_k110,leisen_reimer,85,6.0400365421376634,-5.1587586568757615e-05
european_call_k110,leisen_reimer,87,6.0400388659038136,-4.9263820418588011e-05
european_call_k110,leisen_reimer,89,6.0400410361167847,-4.7093607447479258e-05
european_call_k110,leisen_reimer,91,6.0400430660151567,-4.5063709075421343e-05
european_call_k110,leisen_reimer,93,6.0400449674394663,-4.3162284765863035e-05
european_call_k110,leisen_reimer,95,6.0400467510063081,-4.1378717924089869e-05
european_call_k110,leisen_reimer,97,6.0400484262598439,-3.9703464388196608e-05
european_call_k110,leisen_reimer,99,6.0400500017955139,-3.8127928718267867e-05
european_call_k110,leisen_reimer,101,6.0400514853732945,-3.66443509376424e-05
european_call_k110,leisen_reimer,103,6.0400528840164709,-3.5245707761255574e-05
european_call_k110,leisen_reimer,105,6.0400542040807927,-3.3925643439403075e-05
european_call_k110,leisen_reimer,107,6.0400554513491933,-3.2678375038841523e-05
european_call_k110,leisen_reimer,109,6.0400566310752044,-3.1498649027739134e-05
european_call_k110,leisen_reimer,111,6.040057748050824,-3.0381673408186316e-05
european_call_k110,leisen_reimer,113,6.0400588066461554,-2.9323078076792797e-05
european_call_k110,leisen_reimer,115,6.0400598108637436,-2.8318860488596442e-05
european_call_k110,leisen_reimer,117,6.0400607643615976,-2.736536263459044e-05
european_call_k110,leisen_reimer,119,6.0400616705023342,-2.6459221897923157e-05
european_call_k110,leisen_reimer,121,6.0400625323671608,-2.5597357071305282e-05
european_call_k110,leisen_reimer,123,6.0400633527966967,-2.4776927535441473e-05
european_call_k110,leisen_reimer,125,6.040064134405938,-2.3995318294112167e-05
european_call_k110,leisen_reimer,127,6.0400648796019318,-2.3250122300311205e-05
european_call_k110,leisen_reimer,129,6.0400655906160088,-2.2539108223362803e-05
european_call_k110,leisen_reimer,131,6.0400662695074905,-2.1860216741664829e-05
european_call_k110,leisen_reimer,133,6.0400669181785336,-2.1211545698562873e-05
european_call_k110,leisen_reimer,135,6.0400675384005567,-2.0591323675489548e-05
european_call_k110,leisen_reimer,137,6.0400681318105747,-1.9997913657476829e-05
european_call_k110,leisen_reimer,139,6.0400686999362474,-1.9429787984748259e-05
european_call_k110,leisen_reimer,141,6.0400692441866681,-1.8885537564017341e-05
european_call_k110,leisen_reimer,143,6.0400697658902711,-1.8363833961032583e-05
european_call_k110,leisen_reimer,145,6.0400702662666941,-1.7863457538069838e-05
european_call_k110,leisen_reimer,147,6.0400707464701089,-1.7383254123259917e-05
european_call_k110,leisen_reimer,149,6.040071207563475,-1.6922160757104621e-05
european_call_k110,leisen_reimer,151,6.040071650554995,-1.6479169237193503e-05
european_call_k110,leisen_reimer,153,6.0400720763741926,-1.6053350039513248e-05
european_call_k110,leisen_reimer,155,6.0400724858980386,-1.5643826193567634e-05
european_call_k110,leisen_reimer,157,6.0400728799501255,-1.5249774106607106e-05
european_call_k110,leisen_reimer,159,6.0400732592980262,-1.4870426205959575e-05
european_call_k110,leisen_reimer,161,6.040073624664668,-1.4505059564129397e-05
european_call_k110,leisen_reimer,163,6.0400739767311098,-1.4152993122351631e-05
european_call_k110,leisen_reimer,165,6.0400743161317987,-1.3813592433464805e-05
european_call_k110,leisen_reimer,167,6.0400746434703176,-1.3486253914507529e-05
european_call_k110,leisen_reimer,169,6.0400749593078951,-1.3170416337082713e-05
european_call_k110,leisen_reimer,171,6.0400752641776325,-1.2865546599627464e-05
european_call_k110,leisen_reimer,173,6.0400755585859258,-1.2571138306327612e-05
european_call_k110,leisen_reimer,175,6.0400758430002464,-1.2286723985788228e-05
european_call_k110,leisen_reimer,177,6.0400761178738591,-1.201185037302821e-05
european_call_k110,leisen_reimer,179,6.0400763836199118,-1.1746104320309314e-05
european_call_k110,leisen_reimer,181,6.040076640647742,-1.1489076490178718e-05
european_call_k110,leisen_reimer,183,6.0400768893306243,-1.1240393607891974e-05
european_call_k110,leisen_reimer,185,6.040077130024688,-1.0999699544100849e-05
european_call_k110,leisen_reimer,187,6.0400773630693969,-1.0766654835236977e-05
european_call_k110,leisen_reimer,189,6.040077588783987,-1.0540940245107322e-05
european_call_k110,leisen_reimer,191,6.0400778074792036,-1.032224502850454e-05
european_call_k110,leisen_reimer,193,6.0400780194340324,-1.0110290199705219e-05
european_call_k110,leisen_reimer,195,6.0400782249287452,-9.9047954869035948e-06
european_call_k110,leisen_reimer,197,6.0400784242216492,-9.7055025829462238e-06
european_call_k110,leisen_reimer,199,6.0400786175579793,-9.5121662528896422e-06
european_call_k110,leisen_reimer,201,6.0400788051727172,-9.3245515149220637e-06
european_call_k110,leisen_reimer,203,6.0400789872959715,-9.1424282606666907e-06
european_call_k110,leisen_reimer,205,6.0400791641327629,-8.9655914692343686e-06
european_call_k110,leisen_reimer,207,6.0400793358875271,-8.7938367050455213e-06
european_call_k110,leisen_reimer,209,6.0400795027522092,-8.626972022973689e-06
european_call_k110,leisen_reimer,211,6.0400796649144297,-8.4648098024331375e-06
european_call_k110,leisen_reimer,213,6.0400798225473133,-8.3071769187981204e-06
european_call_k110,leisen_reimer,215,6.0400799758154804,-8.1539087517512598e-06
european_call_k110,leisen_reimer,217,6.0400801248800118,-8.0048442203661807e-06
european_call_k110,leisen_reimer,219,6.0400802698973299,-7.8598269022123191e-06
european_call_k110,leisen_reimer,221,6.0400804110080202,-7.7187162119685127e-06
european_call_k110,leisen_reimer,223,6.0400805483505087,-7.5813737234753376e-06
european_call_k110,leisen_reimer,225,6.0400806820641906,-7.4476600415707139e-06
european_call_k110,leisen_reimer,227,6.040080812266087,-7.3174581451951326e-06
european_call_k110,leisen_reimer,229,6.0400809390847456,-7.1906394865095535e-06
european_call_k110,leisen_reimer,231,6.0400810626401009,-7.0670841312292509e-06
european_call_k110,leisen_reimer,233,6.0400811830335863,-6.9466906458259814e-06
european_call_k110,leisen_reimer,235,6.0400813003726199,-6.8293516122253095e-06
european_call_k110,leisen_reimer,237,6.0400814147702828,-6.7149539493271959e-06
european_call_k110,leisen_reimer,239,6.0400815263129086,-6.6034113235247105e-06
european_call_k110,leisen_reimer,241,6.0400816350965041,-6.4946277280597542e-06
european_call_k110,leisen_reimer,243,6.040081741219014,-6.3885052181689161e-06
european_call_k110,leisen_reimer,245,6.0400818447658455,-6.284958386615358e-06
european_call_k110,leisen_reimer,247,6.040081945808927,-6.1839153051579387e-06
european_call_k110,leisen_reimer,249,6.0400820444346639,-6.0852895682472763e-06
european_call_k110,leisen_reimer,251,6.0400821407193028,-5.9890049293187531e-06
european_call_k110,leisen_reimer,253,6.0400822347433003,-5.8949809318420421e-06
european_call_k110,leisen_reimer,255,6.0400823265612775,-5.8031629546206887e-06
european_call_k110,leisen_reimer,257,6.0400824162566416,-5.7134675905956556e-06
european_call_k110,leisen_reimer,259,6.0400825038888923,-5.6258353398064287e-06
european_call_k110,leisen_reimer,261,6.0400825895167491,-5.5402074830013248e-06
european_call_k110,leisen_reimer,263,6.0400826732040906,-5.4565201415002207e-06
european_call_k110,leisen_reimer,265,6.0400827550146907,-5.3747095414280466e-06
european_call_k110,leisen_reimer,267,6.0400828349933544,-5.2947308777362423e-06
european_call_k110,leisen_reimer,269,6.0400829131986189,-5.2165256132497007e-06
european_call_k110,leisen_reimer,271,6.0400829896903065,-5.1400339255991412e-06
european_call_k110,leisen_reimer,273,6.0400830645087442,-5.0652154879315958e-06
european_call_k110,leisen_reimer,275,6.0400831377061035,-4.9920181286466914e-06
european_call_k110,leisen_reimer,277,6.0400832093275731,-4.9203966590027903e-06
european_call_k110,leisen_reimer,279,6.0400832794189894,-4.8503052427761872e-06
european_call_k110,leisen_reimer,281,6.0400833480223337,-4.7817018984375181e-06
european_call_k110,leisen_reimer,283,6.040083415185439,-4.7145387931379901e-06
european_call_k110,leisen_reimer,285,6.0400834809349551,-4.6487892770841199e-06
european_call_k110,leisen_reimer,287,6.0400835453215098,-4.584402722329628e-06
european_call_k110,leisen_reimer,289,6.040083608381293,-4.5213429391566251e-06
european_call_k110,leisen_reimer,291,6.0400836701522334,-4.4595719987938764e-06
european_call_k110,leisen_reimer,293,6.0400837306596777,-4.3990645544056406e-06
european_call_k110,leisen_reimer,295,6.0400837899477136,-4.3397765185915205e-06
european_call_k110,leisen_reimer,297,6.0400838480448664,-4.2816793657252106e-06
european_call_k110,leisen_reimer,299,6.0400839049826853,-4.2247415468210647e-06
european_call_k110,leisen_reimer,301,6.0400839607912129,-4.1689330192440366e-06
european_call_k110,leisen_reimer,303,6.0400840154996551,-4.1142245770231511e-06
european_call_k110,leisen_reimer,305,6.0400840691444522,-4.0605797799742049e-06
european_call_k110,leisen_reimer,307,6.0400841217379106,-4.0079863214970146e-06
european_call_k110,leisen_reimer,309,6.0400841733183004,-3.9564059317598321e-06
european_call_k110,leisen_reimer,311,6.0400842239136399,-3.9058105922862296e-06
european_call_k110,leisen_reimer,313,6.0400842735439149,-3.856180317285407e-06
european_call_k110,leisen_reimer,315,6.040084322229526,-3.8074947061872422e-06
european_call_k110,leisen_reimer,317,6.0400843700070226,-3.7597172095615861e-06
european_call_k110,leisen_reimer,319,6.0400844168878747,-3.7128363574723267e-06
european_call_k110,leisen_reimer,321,6.0400844628976742,-3.6668265579464787e-06
european_call_k110,leisen_reimer,323,6.0400845080525656,-3.6216716665649074e-06
european_call_k110,leisen_reimer,325,6.0400845523803719,-3.577343860250437e-06
european_call_k110,leisen_reimer,327,6.0400845959058751,-3.5338183570488013e-06
european_call_k110,leisen_reimer,329,6.0400846386307894,-3.4910934427756501e-06
european_call_k110,leisen_reimer,331,6.0400846805891391,-3.4491350930920817e-06
european_call_k110,leisen_reimer,333,6.040084721800989,-3.4079232431594164e-06
european_call_k110,leisen_reimer,335,6.040084762274283,-3.3674499491098686e-06
european_call_k110,leisen_reimer,337,6.0400848020315365,-3.3276926956204989e-06
european_call_k110,leisen_reimer,339,6.0400848410889001,-3.2886353320549233e-06
european_call_k110,leisen_reimer,341,6.0400848794613839,-3.2502628481978491e-06
european_call_k110,leisen_reimer,343,6.0400849171685209,-3.21255571122947e-06
european_call_k110,leisen_reimer,345,6.0400849542242163,-3.1755000158284474e-06
european_call_k110,leisen_reimer,347,6.0400849906419989,-3.1390822332610924e-06
european_call_k110,leisen_reimer,349,6.040085026428482,-3.1032957501508918e-06
european_call_k110,leisen_reimer,351,6.0400850616170105,-3.0681072216154348e-06
european_call_k110,leisen_reimer,353,6.0400850962035948,-3.0335206373521828e-06
european_call_k110,leisen_reimer,355,6.0400851302157825,-2.9995084496192703e-06
european_call_k110,leisen_reimer,357,6.0400851636589383,-2.9660652938190424e-06
european_call_k110,leisen_reimer,359,6.0400851965417974,-2.9331824347167412e-06
european_call_k110,leisen_reimer,361,6.0400852288759896,-2.9008482425041393e-06
european_call_k110,leisen_reimer,363,6.0400852606827229,-2.869041509256931e-06
european_call_k110,leisen_reimer,365,6.0400852919699357,-2.8377542964364011e-06
european_call_k110,leisen_reimer,367,6.0400853227512279,-2.8069730042545871e-06
european_call_k110,leisen_reimer,369,6.0400853530315395,-2.7766926926631186e-06
european_call_k110,leisen_reimer,371,6.0400853828191208,-2.746905111372655e-06
european_call_k110,leisen_reimer,373,6.0400854121373939,-2.7175868382300905e-06
european_call_k110,leisen_reimer,375,6.0400854409865854,-2.688737646749928e-06
european_call_k110,leisen_reimer,377,6.0400854693841133,-2.6603401188651787e-06
european_call_k110,leisen_reimer,379,6.0400854973200264,-2.6324042057268571e-06
european_call_k110,leisen_reimer,381,6.0400855248362904,-2.6048879417928106e-06
european_call_k110,leisen_reimer,383,6.0400855519121199,-2.5778121122144171e-06
european_call_k110,leisen_reimer,385,6.0400855785697818,-2.5511544503586947e-06
european_call_k110,leisen_reimer,387,6.0400856048138873,-2.5249103448032884e-06
european_call_k110,leisen_reimer,389,6.0400856306615474,-2.4990626847909425e-06
european_call_k110,leisen_reimer,391,6.0400856561041989,-2.4736200332498015e-06
european_call_k110,leisen_reimer,393,6.0400856811692032,-2.4485550289554681e-06
european_call_k110,leisen_reimer,395,6.0400857058544224,-2.4238698097533984e-06
european_call_k110,leisen_reimer,397,6.0400857301644368,-2.3995597953074821e-06
european_call_k110,leisen_reimer,399,6.0400857541110557,-2.3756131763974508e-06
european_call_k110,bbs,10,6.0600765243936809,0.019988394669448795
european_call_k110,bbs,11,6.0595841520798821,0.019496022355649956
european_call_k110,bbs,12,6.0577892312185746,0.017701101494342453
european_call_k110,bbs,13,6.056022298417731,0.01593416869349884
european_call_k110,bbs,14,6.0559301598041602,0.015842030079928016
european_call_k110,bbs,15,6.0535590675925253,0.01347093786829312
european_call_k110,bbs,16,6.0543372523841938,0.014249122659961699
european_call_k110,bbs,17,6.0518189080105431,0.011730778286310972
european_call_k110,bbs,18,6.0529365594623821,0.012848429738149925
european_call_k110,bbs,19,6.0505648236462655,0.01047669392203332
european_call_k110,bbs,20,6.0516923181613489,0.011604188437116747
european_call_k110,bbs,21,6.0496405236155955,0.0095523938913633089
european_call_k110,bbs,22,6.05058560479105,0.010497475066817863
european_call_k110,bbs,23,6.0489400443487487,0.0088519146245165103
european_call_k110,bbs,24,6.049604653403156,0.0095165236789238605
european_call_k110,bbs,25,6.0483904585514274,0.0083023288271952822
european_call_k110,bbs,26,6.0487403872022885,0.0086522574780563133
european_call_k110,bbs,27,6.0479413433955109,0.0078532136712787803
european_call_k110,bbs,28,6.0479844169589665,0.0078962872347343449
european_call_k110,bbs,29,6.0475579979657628,0.0074698682415306195
european_call_k110,bbs,30,6.0473282419693106,0.0072401122450784783
european_call_k110,bbs,31,6.0472168756852032,0.0071287459609710169
european_call_k110,bbs,32,6.0467630372683567,0.0066749075441245864
european_call_k110,bbs,33,6.046902399938288,0.0068142702140558953
european_call_k110,bbs,34,6.046279715062564,0.006191585338331862
european_call_k110,bbs,35,6.0466046860882967,0.006516556364064563
european_call_k110,bbs,36,6.0458690992201731,0.0057809694959409796
european_call_k110,bbs,37,6.0463178822798085,0.00622975255557634
european_call_k110,bbs,38,6.045522129639668,0.0054339999154358054
european_call_k110,bbs,39,6.046038947242689,0.0059508175184568302
european_call_k110,bbs,40,6.0452300548722446,0.0051419251480124828
european_call_k110,bbs,41,6.0457667452179917,0.0056786154937595867
european_call_k110,bbs,42,6.0449845938966789,0.0048964641724467128
european_call_k110,bbs,43,6.0455013758842728,0.0054132461600406856
european_call_k110,bbs,44,6.0447780602102164,0.0046899304859842061
european_call_k110,bbs,45,6.0452436811215753,0.0051555513973431388
european_call_k110,bbs,46,6.0446034479779804,0.0045153182537482905
european_call_k110,bbs,47,6.04499488622473,0.0049067565004978775
european_call_k110,bbs,48,6.044454483358745,0.0043663536345128762
european_call_k110,bbs,49,6.0447563439477925,0.0046682142235603408
european_call_k110,bbs,50,6.0443256456752437,0.0042375159510115168
european_call_k110,bbs,51,6.0445293573234844,0.004441227599252251
european_call_k110,bbs,52,6.0442121636031239,0.0041240338788917086
european_call_k110,bbs,53,6.044315062716235,0.0042269329920028298
european_call_k110,bbs,54,6.0441099914947358,0.0040218617705036763
european_call_k110,bbs,55,6.0441143586260733,0.0040262289018411224
european_call_k110,bbs,56,6.0440157705712201,0.0039276408469879343
european_call_k110,bbs,57,6.04392786888753,0.0038397391632978284
european_call_k110,bbs,58,6.0439267792052025,0.0038386494809703464
european_call_k110,bbs,59,6.0437559313010505,0.0036678015768183414
european_call_k110,bbs,60,6.0438408759241877,0.0037527461999555811
european_call_k110,bbs,61,6.0435986046182961,0.0035104748940639752
european_call_k110,bbs,62,6.0437564381987574,0.0036683084745252614
european_call_k110,bbs,63,6.0434556883154578,0.0033675585912256167
european_call_k110,bbs,64,6.0436722995387751,0.0035841698145429035
european_call_k110,bbs,65,6.0433267507757229,0.0032386210514907532
european_call_k110,bbs,66,6.0435876869020086,0.0034995571777765022
european_call_k110,bbs,67,6.0432111624837166,0.0031230327594844454
european_call_k110,bbs,68,6.043502160009421,0.0034140302851888293
european_call_k110,bbs,69,6.0431081316129029,0.003020001888670798
european_call_k110,bbs,70,6.043415553743813,0.0033274240195808602
european_call_k110,bbs,71,6.0430167400266299,0.0029286103023977716
european_call_k110,bbs,72,6.0433279244993905,0.0032397947751583445
european_call_k110,bbs,73,6.0429359782152563,0.0028478484910241519
european_call_k110,bbs,74,6.0432395010590811,0.0031513713348489958
european_call_k110,bbs,75,6.042864778130304,0.0027766484060718355
european_call_k110,bbs,76,6.0431506403504889,0.0030625106262567314
european_call_k110,bbs,77,6.0428020431832117,0.0027139134589795333
european_call_k110,bbs,78,6.0430617882329223,0.0029736585086901357
european_call_k110,bbs,79,6.0427466749673791,0.0026585452431469037
european_call_k110,bbs,80,6.04297344531658,0.0028853155923478369
european_call_k110,bbs,81,6.0426975964502123,0.0026094667259801696
european_call_k110,bbs,82,6.0428861377093508,0.0027980079851186446
european_call_k110,bbs,83,6.0426537715629998,0.0025656418387676183
european_call_k110,bbs,84,6.0428003924618441,0.0027122627376119368
european_call_k110,bbs,85,6.0426142212375522,0.0025260915133200612
european_call_k110,bbs,86,6.0427167174513112,0.0026285877270790792
european_call_k110,bbs,87,6.0425780360262777,0.0024899063020455969
european_call_k110,bbs,88,6.0426355853639144,0.0025474556396822834
european_call_k110,bbs,89,6.0425443855181005,0.0024562557938683227
european_call_k110,bbs,90,6.0425574214232078,0.0024692916989756952
european_call_k110,bbs,91,6.0425125248105038,0.0024243950862716801
european_call_k110,bbs,92,6.0424825944881313,0.0023944647638991512
european_call_k110,bbs,93,6.0424817983195824,0.0023936685953502845
european_call_k110,bbs,94,6.0424114111470857,0.0023232814228535403
european_call_k110,bbs,95,6.0424516412399125,0.0023635115156803721
european_call_k110,bbs,96,6.0423441124161865,0.0022559826919543724
european_call_k110,bbs,97,6.0424215789471099,0.0023334492228777037
european_call_k110,bbs,98,6.0422808726889361,0.0021927429647039531
european_call_k110,bbs,99,6.0423912246711629,0.002303094946930706
european_call_k110,bbs,100,6.0422218005879316,0.0021336708636994217
european_call_k110,bbs,101,6.0423602757097212,0.0022721459854890824
european_call_k110,bbs,102,6.0421669413778565,0.0020788116536243351
european_call_k110,bbs,103,6.0423285084821092,0.0022403787578770817
european_call_k110,bbs,104,6.0421162806451569,0.0020281509209247872
european_call_k110,bbs,105,6.0422957726645699,0.0022076429403377062
european_call_k110,bbs,106,6.0420697489638195,0.0019816192395873955
european_call_k110,bbs,107,6.0422619846677481,0.0021738549435159626
european_call_k110,bbs,108,6.0420272272891662,0.0019390975649340447
european_call_k110,bbs,109,6.0422271206541147,0.0021389909298825671
european_call_k110,bbs,110,6.0419885528535389,0.0019004231293067164
european_call_k110,bbs,111,6.0421912092999221,0.0021030795756900034
european_call_k110,bbs,112,6.0419535253671839,0.0018653956429517393
european_call_k110,bbs,113,6.0421543244635298,0.0020661947392976998
european_call_k110,bbs,114,6.041921913342545,0.0018337836183128786
european_call_k110,bbs,115,6.0421165779183195,0.0020284481940873178
european_call_k110,bbs,116,6.0418934604064773,0.0018053306822451987
european_call_k110,bbs,117,6.0420781122664176,0.0019899825421854089
european_call_k110,bbs,118,6.0418678914539088,0.0017797617296766433
european_call_k110,bbs,119,6.0420390941377624,0.0019509644135302651
european_call_k110,bbs,120,6.0418449185521048,0.0017567888278726684
european_call_k110,bbs,121,6.0419997077621979,0.001911578037965711
european_call_k110,bbs,122,6.0418242465114718,0.0017361167872396166
european_call_k110,bbs,123,6.0419601489851091,0.0018720192608769892
european_call_k110,bbs,124,6.0418055780469579,0.0017174483227258008
european_call_k110,bbs,125,6.0419206197601465,0.001832490035914347
european_call_k110,bbs,126,6.0417886184958549,0.0017004887716227657
european_call_k110,bbs,127,6.041881323177023,0.0017931934527908311
european_call_k110,bbs,128,6.0417730800395315,0.0016849503152993606
european_call_k110,bbs,129,6.0418424590279649,0.0017543293037327601
european_call_k110,bbs,130,6.0417586854298335,0.0016705557056013731
european_call_k110,bbs,131,6.0418042199211177,0.0017160901968855669
european_call_k110,bbs,132,6.0417451711938703,0.0016570414696381874
european_call_k110,bbs,133,6.0417667879599204,0.0016786582356882462
european_call_k110,bbs,134,6.0417322903253652,0.0016441606011330379
european_call_k110,bbs,135,6.0417303319524152,0.0016422022281830095
european_call_k110,bbs,136,6.041719814479686,0.0016316847554538327
european_call_k110,bbs,137,6.0416950051568854,0.0016068754326532542
european_call_k110,bbs,138,6.0417075356738916,0.0016194059496594804
european_call_k110,bbs,139,6.041660943518492,0.0015728137942598863
european_call_k110,bbs,140,6.0416952675315478,0.001607137807315695
european_call_k110,bbs,141,6.041628264387958,0.0015401346637258229
european_call_k110,bbs,142,6.0416828460911987,0.0015947163669665088
european_call_k110,bbs,143,6.0415970656790998,0.001508935954867674
european_call_k110,bbs,144,6.0416701302060245,0.0015820004817923561
european_call_k110,bbs,145,6.0415674254286085,0.0014792957043763266
european_call_k110,bbs,146,6.0416570015831006,0.001568871858868448
european_call_k110,bbs,147,6.04153940173134,0.0014512720071078178
european_call_k110,bbs,148,6.0416433644871717,0.0015552347629395058
european_call_k110,bbs,149,6.0415130329953648,0.0014249032711326493
european_call_k110,bbs,150,6.0416291451485833,0.0015410154243511442
european_call_k110,bbs,151,6.0414883385052711,0.0014002087810389696
european_call_k110,bbs,152,6.0416142909085337,0.0015261611843015999
european_call_k110,bbs,153,6.0414653192200554,0.0013771894958232167
european_call_k110,bbs,154,6.0415987691552679,0.0015106394310357985
european_call_k110,bbs,155,6.0414439588018194,0.001355829077587245
european_call_k110,bbs,156,6.0415825660583993,0.0014944363341671263
european_call_k110,bbs,157,6.0414242248106813,0.0013360950864491627
european_call_k110,bbs,158,6.0415656851709763,0.0014775554467441054
european_call_k110,bbs,159,6.0414060700503835,0.0013179403261514011
european_call_k110,bbs,160,6.0415481459006584,0.0014600161764262154
european_call_k110,bbs,161,6.0413894340248682,0.0013013043006360192
european_call_k110,bbs,162,6.0415299819016699,0.0014418521774377524
european_call_k110,bbs,163,6.0413742444655849,0.0012861147413527618
european_call_k110,bbs,164,6.0415112394153594,0.0014231096911272445
european_call_k110,bbs,165,6.0413604189153851,0.0012722891911529643
european_call_k110,bbs,166,6.0414919755721064,0.0014038458478742299
european_call_k110,bbs,167,6.0413478663320355,0.001259736607803319
european_call_k110,bbs,168,6.041472256701848,0.0013841269776158072
european_call_k110,bbs,169,6.0413364886924636,0.0012483589682314999
european_call_k110,bbs,170,6.0414521566485231,0.0013640269242909397
european_call_k110,bbs,171,6.0413261825755118,0.0012380528512796474
european_call_k110,bbs,172,6.041431755139838,0.0013436254156058425
european_call_k110,bbs,173,6.0413168406977054,0.0012287109734732127
european_call_k110,bbs,174,6.0414111361976452,0.001323006473413102
european_call_k110,bbs,175,6.0413083533870067,0.0012202236627745222
european_call_k110,bbs,176,6.0413903866324894,0.0013022569082572488
european_call_k110,bbs,177,6.0413006100039297,0.0012124802796975587
european_call_k110,bbs,178,6.0413695946091028,0.0012814648848706867
european_call_k110,bbs,179,6.041293500243663,0.0012053705194308151
european_call_k110,bbs,180,6.0413488483201405,0.0012607185959083722
european_call_k110,bbs,181,6.0412869153821216,0.0011987856578894451
european_call_k110,bbs,182,6.0413282347504556,0.0012401050262234037
european_call_k110,bbs,183,6.0412807493858809,0.0011926196616487417
european_call_k110,bbs,184,6.0413078385590264,0.0012197088347942753
european_call_k110,bbs,185,6.0412748999326435,0.0011867702084114029
european_call_k110,bbs,186,6.0412877410700121,0.0011996113457799495
european_call_k110,bbs,187,6.0412692693154266,0.00118113959119448
european_call_k110,bbs,188,6.0412680193768589,0.00117988965262672
european_call_k110,bbs,189,6.0412637652345982,0.0011756355103660354
european_call_k110,bbs,190,6.0412487455735917,0.0011606158493595586
european_call_k110,bbs,191,6.041258301474473,0.0011701717502408115
european_call_k110,bbs,192,6.0412299860888528,0.0011418563646206081
european_call_k110,bbs,193,6.0412527984582356,0.0011646687340034489
european_call_k110,bbs,194,6.0412118011538158,0.0011236714295836947
european_call_k110,bbs,195,6.041247183707716,0.0011590539834838154
european_call_k110,bbs,196,6.0411942443573263,0.0011061146330941796
european_call_k110,bbs,197,6.04124139218204,0.0011532624578078909
european_call_k110,bbs,198,6.0411773623382867,0.0010892326140545805
european_call_k110,bbs,199,6.0412353665193077,0.0011472367950755569
european_call_k110,bbs,200,6.0411611945505665,0.0010730648263344023
european_call_k110,bbs,201,6.041229057172341,0.0011409274481088971
european_call_k110,bbs,202,6.0411457731537457,0.0010576434295135329
european_call_k110,bbs,203,6.0412224224590227,0.0011342927347905984
european_call_k110,bbs,204,6.0411311229818185,0.0010429932575863887
european_call_k110,bbs,205,6.0412154285202986,0.0011272987960664338
european_call_k110,bbs,206,6.0411172615897328,0.0010291318655006876
european_call_k110,bbs,207,6.0412080491977393,0.0011199194735072027
european_call_k110,bbs,208,6.041104199400233,0.0010160696760008747
european_call_k110,bbs,209,6.0412002658484676,0.0011121361242354411
european_call_k110,bbs,210,6.041091939900884,0.0010038101766518537
european_call_k110,bbs,211,6.0411920670720063,0.0011039373477741421
european_call_k110,bbs,212,6.0410804799144486,0.00099235019021648441
european_call_k110,bbs,213,6.0411834484048601,0.0010953186806279547
european_call_k110,bbs,214,6.0410698099227673,0.00098168019853517308
european_call_k110,bbs,215,6.0411744119391138,0.0010862822148816065
european_call_k110,bbs,216,6.0410599144451904,0.00097178472095826862
european_call_k110,bbs,217,6.0411649659203182,0.0010768361960860062
european_call_k110,bbs,218,6.0410507724452565,0.00096264272102430937
european_call_k110,bbs,219,6.0411551242913344,0.0010669945671022418
european_call_k110,bbs,220,6.0410423577859653,0.00095422806173317554
european_call_k110,bbs,221,6.0411449062094498,0.0010567764852176253
european_call_k110,bbs,222,6.041034639699788,0.00094650997555589811
european_call_k110,bbs,223,6.0411343355503622,0.00104620582613002
european_call_k110,bbs,224,6.0410275832967688,0.00093945357253666373
european_call_k110,bbs,225,6.041123440387258,0.0010353106630258679
european_call_k110,bbs,226,6.0410211500581763,0.00093302033394415673
european_call_k110,bbs,227,6.0411122524563368,0.0010241227321046154
european_call_k110,bbs,228,6.041015298364397,0.00092716864016484379
european_call_k110,bbs,229,6.0411008066325129,0.0010126769082807741
european_call_k110,bbs,230,6.0410099840204659,0.00092185429623370396
european_call_k110,bbs,231,6.0410891403942868,0.0010010106700546473
european_call_k110,bbs,232,6.0410051607586439,0.00091703103441176381
european_call_k110,bbs,233,6.0410772932899723,0.00098916356574019204
european_call_k110,bbs,234,6.0410007807607355,0.00091265103650339796
european_call_k110,bbs,235,6.0410653064325013,0.00097717670826913405
european_call_k110,bbs,236,6.0409967951513224,0.00090866542709022724
european_call_k110,bbs,237,6.0410532220015405,0.00096509227730834368
european_call_k110,bbs,238,6.0409931544750215,0.00090502475078935163
european_call_k110,bbs,239,6.0410410827450116,0.00095295302077946786
european_call_k110,bbs,240,6.0409898091600054,0.00090167943577323939
european_call_k110,bbs,241,6.0410289315409589,0.00094080181672673291
european_call_k110,bbs,242,6.0409867099589878,0.00089858023475564153
european_call_k110,bbs,243,6.0410168109484577,0.0009286812242255138
european_call_k110,bbs,244,6.0409838083546514,0.00089567863041928319
european_call_k110,bbs,245,6.0410047628040608,0.00091663307982869924
european_call_k110,bbs,246,6.0409810569493425,0.0008929272251103626
european_call_k110,bbs,247,6.0409928278420049,0.00090469811777271758
european_call_k110,bbs,248,6.0409784098204318,0.00089028009619962489
european_call_k110,bbs,249,6.0409810453579063,0.00089291563367410731
european_call_k110,bbs,250,6.0409758228391679,0.00088769311493575032
european_call_k110,bbs,251,6.0409694528763094,0.00088132315207722911
european_call_k110,bbs,252,6.0409732539631289,0.00088512423889675063
european_call_k110,bbs,253,6.0409580858823606,0.00086995615812845983
european_call_k110,bbs,254,6.040970663501561,0.00088253377732883109
european_call_k110,bbs,255,6.0409469775636699,0.00085884783943779297
european_call_k110,bbs,256,6.040968014325955,0.00087988460172283567
european_call_k110,bbs,257,6.0409361586021486,0.00084802887791646242
european_call_k110,bbs,258,6.0409652720817206,0.00087714235748848068
european_call_k110,bbs,259,6.0409256569894625,0.00083752726523034227
european_call_k110,bbs,260,6.0409624053263045,0.00087427560207231636
european_call_k110,bbs,261,6.0409154978781174,0.00082736815388528839
european_call_k110,bbs,262,6.0409593856720338,0.00087125594780168569
european_call_k110,bbs,263,6.0409057034679945,0.00081757374376234537
european_call_k110,bbs,264,6.040956187867617,0.00086805814338486442
european_call_k110,bbs,265,6.0408962929201095,0.00080816319587739827
european_call_k110,bbs,266,6.040952789874221,0.00086466014998887175
european_call_k110,bbs,267,6.0408872823000586,0.00079915257582641175
european_call_k110,bbs,268,6.0409491728904126,0.00086104316618040855
european_call_k110,bbs,269,6.0408786845588445,0.00079055483461232257
european_call_k110,bbs,270,6.0409453213583326,0.00085719163410047372
european_call_k110,bbs,271,6.0408705095340709,0.00078237980983875133
european_call_k110,bbs,272,6.0409412229507424,0.00085309322651028197
european_call_k110,bbs,273,6.0408627639747294,0.00077463425049728585
european_call_k110,bbs,274,6.0409368685163036,0.00084873879207147951
european_call_k110,bbs,275,6.040855451600363,0.00076732187613082203
european_call_k110,bbs,276,6.0409322520172122,0.00084412229298003183
european_call_k110,bbs,277,6.0408485731701864,0.00076044344595427305
european_call_k110,bbs,278,6.0409273704249706,0.00083924070073848611
european_call_k110,bbs,279,6.0408421265899799,0.00075399686574773028
european_call_k110,bbs,280,6.0409222236347855,0.00083409391055333515
european_call_k110,bbs,281,6.0408361070223133,0.00074797729808118163
european_call_k110,bbs,282,6.0409168143075398,0.00082868458330764838
european_call_k110,bbs,283,6.0408305070164783,0.00074237729224613247
european_call_k110,bbs,284,6.0409111477543931,0.000823018030160938
european_call_k110,bbs,285,6.0408253166581787,0.00073718693394653201
european_call_k110,bbs,286,6.0409052317530509,0.00081710202881879468
european_call_k110,bbs,287,6.0408205237360244,0.00073239401179225894
european_call_k110,bbs,288,6.0408990763954149,0.0008109466711827551
european_call_k110,bbs,289,6.0408161139055689,0.00072798418133679377
european_call_k110,bbs,290,6.0408926939085816,0.00080456418434948773
european_call_k110,bbs,291,6.0408120708713211,0.00072394114708895785
european_call_k110,bbs,292,6.0408860984476398,0.00079796872340764935
european_call_k110,bbs,293,6.0408083765790961,0.00072024685486393736
european_call_k110,bbs,294,6.0408793059285966,0.00079117620436441882
european_call_k110,bbs,295,6.0408050114035774,0.00071688167934524927
european_call_k110,bbs,296,6.0408723338117225,0.00078420408749035886
european_call_k110,bbs,297,6.0408019543510969,0.00071382462686475634
european_call_k110,bbs,298,6.0408652009026431,0.00077707117841097073
european_call_k110,bbs,299,6.0407991832560475,0.00071105353181533104
european_call_k110,bbs,300,6.0408579271584841,0.00076979743425198421
european_call_k110,bbs,301,6.0407966749742776,0.00070854525004548918
european_call_k110,bbs,302,6.0408505334802136,0.0007624037559814667
european_call_k110,bbs,303,6.0407944055957827,0.00070627587155058791
european_call_k110,bbs,304,6.0408430415143579,0.00075491179012576737
european_call_k110,bbs,305,6.0407923506314756,0.00070422090724342468
european_call_k110,bbs,306,6.0408354734563989,0.00074734373216678307
european_call_k110,bbs,307,6.0407904851960499,0.00070235547181773939
european_call_k110,bbs,308,6.0408278518581593,0.00073972213392714536
european_call_k110,bbs,309,6.0407887842167298,0.00070065449249767653
european_call_k110,bbs,310,6.0408201994472241,0.00073206972299200146
european_call_k110,bbs,311,6.0407872225933836,0.00069909286915148527
european_call_k110,bbs,312,6.0408125389379226,0.00072440921369043565
european_call_k110,bbs,313,6.040785775383382,0.00069764565914987031
european_call_k110,bbs,314,6.0408048928745259,0.00071676315029378657
european_call_k110,bbs,315,6.0407844179601264,0.00069628823589429345
european_call_k110,bbs,316,6.0407972834490185,0.00070915372478630445
european_call_k110,bbs,317,6.0407831261745422,0.00069499645031001478
european_call_k110,bbs,318,6.0407897323690563,0.00070160264482410639
european_call_k110,bbs,319,6.0407818765032655,0.00069374677903333293
european_call_k110,bbs,320,6.040782260697906,0.00069413097367387877
european_call_k110,bbs,321,6.0407806461741167,0.00069251644988455041
european_call_k110,bbs,322,6.0407748887339654,0.00068675900973325099
european_call_k110,bbs,323,6.0407794133034045,0.00069128357917236372
european_call_k110,bbs,324,6.0407676358738733,0.00067950614964118472
european_call_k110,bbs,325,6.0407781570072876,0.00069002728305544991
european_call_k110,bbs,326,6.0407605205169066,0.00067239079267444879
european_call_k110,bbs,327,6.0407768575070566,0.000688727782824472
european_call_k110,bbs,328,6.0407535599612343,0.00066543023700216253
european_call_k110,bbs,329,6.040775496207603,0.00068736648337086592
european_call_k110,bbs,330,6.040746770312202,0.00065864058796982761
european_call_k110,bbs,331,6.0407740558045493,0.00068592608031714519
european_call_k110,bbs,332,6.0407401664076836,0.00065203668345148458
european_call_k110,bbs,333,6.0407725203251843,0.00068439060095215609
european_call_k110,bbs,334,6.0407337617580339,0.00064563203380174627
european_call_k110,bbs,335,6.0407708751996623,0.00068274547543012432
european_call_k110,bbs,336,6.0407275684894586,0.00063943876522642995
european_call_k110,bbs,337,6.0407691073036105,0.00068097757937835013
european_call_k110,bbs,338,6.0407215973052182,0.00063346758098603573
european_call_k110,bbs,339,6.0407672049975165,0.00067907527328436856
european_call_k110,bbs,340,6.0407158574582214,0.0006277277339892251
european_call_k110,bbs,341,6.0407651581403101,0.00067702841607797382
european_call_k110,bbs,342,6.0407103567180691,0.00062222699383696067
european_call_k110,bbs,343,6.0407629581105455,0.00067482838631338637
european_call_k110,bbs,344,6.0407051013854005,0.00061697166116836399
european_call_k110,bbs,345,6.0407605978055194,0.00067246808128729185
european_call_k110,bbs,346,6.0407000962740565,0.00061196654982431653
european_call_k110,bbs,347,6.0407580716303908,0.00066994190615865534
european_call_k110,bbs,348,6.0406953447290466,0.00060721500481442092
european_call_k110,bbs,349,6.0407553754852632,0.00066724576103105449
european_call_k110,bbs,350,6.0406908486451423,0.00060271892091012802
european_call_k110,bbs,351,6.040752506742562,0.00066437701832988694
european_call_k110,bbs,352,6.0406866085093291,0.00059847878509700081
european_call_k110,bbs,353,6.0407494642059216,0.0006613344816894795
european_call_k110,bbs,354,6.040682623407351,0.00059449368311881301
european_call_k110,bbs,355,6.0407462480754575,0.00065811835122531193
european_call_k110,bbs,356,6.0406788911044522,0.00059076138022007285
european_call_k110,bbs,357,6.0407428598903348,0.00065473016610262391
european_call_k110,bbs,358,6.040675408071138,0.00058727834690586178
european_call_k110,bbs,359,6.0407393024840275,0.00065117275979531541
european_call_k110,bbs,360,6.0406721695437771,0.00058403981954491258
european_call_k110,bbs,361,6.0407355799098799,0.00064745018564771328
european_call_k110,bbs,362,6.0406691696072432,0.00058103988301105858
european_call_k110,bbs,363,6.0407316973890524,0.00064356766482021044
european_call_k110,bbs,364,6.0406664012335129,0.00057827150928080329
european_call_k110,bbs,365,6.040727661226418,0.00063953150218587496
european_call_k110,bbs,366,6.0406638563821113,0.00057572665787919419
european_call_k110,bbs,367,6.0407234787434048,0.00063534901917261521
european_call_k110,bbs,368,6.0406615260589236,0.00057339633469144502
european_call_k110,bbs,369,6.0407191581936139,0.00063102846938178914
european_call_k110,bbs,370,6.0406594004081704,0.00057127068393825198
european_call_k110,bbs,371,6.0407147086853019,0.00062657896106976807
european_call_k110,bbs,372,6.0406574687743921,0.00056933905015998931
european_call_k110,bbs,373,6.0407101400951255,0.00062201037089337774
european_call_k110,bbs,374,6.0406557198134578,0.0005675900892256891
european_call_k110,bbs,375,6.0407054629848203,0.00061733326058810434
european_call_k110,bbs,376,6.0406541415579493,0.00056601183371718378
european_call_k110,bbs,377,6.0407006885087613,0.00061255878452914914
european_call_k110,bbs,378,6.0406527215196189,0.00056459179538670412
european_call_k110,bbs,379,6.040695828329687,0.00060769860545484278
european_call_k110,bbs,380,6.0406514467495747,0.00056331702534251349
european_call_k110,bbs,381,6.040690894545433,0.00060276482120080743
european_call_k110,bbs,382,6.040650303956971,0.00056217423273885458
european_call_k110,bbs,383,6.0406858995721802,0.00059776984794801535
european_call_k110,bbs,384,6.0406492795751472,0.00056114985091504366
european_call_k110,bbs,385,6.0406808560940268,0.00059272636979468274
european_call_k110,bbs,386,6.0406483598407057,0.00056023011647354792
european_call_k110,bbs,387,6.0406757769488948,0.00058764722466264629
european_call_k110,bbs,388,6.0406475308993537,0.0005594011751215433
european_call_k110,bbs,389,6.0406706750684656,0.00058254534423340942
european_call_k110,bbs,390,6.0406467788642253,0.00055864913999315036
european_call_k110,bbs,391,6.0406655633824178,0.00057743365818563319
european_call_k110,bbs,392,6.0406460898965086,0.00055796017227649486
european_call_k110,bbs,393,6.0406604547562814,0.0005723250320492923
european_call_k110,bbs,394,6.0406454502891265,0.0005573205648943258
european_call_k110,bbs,395,6.0406553619056806,0.00056723218144849596
european_call_k110,bbs,396,6.0406448465425626,0.0005567168183304716
european_call_k110,bbs,397,6.0406502973279927,0.00056216760376059938
european_call_k110,bbs,398,6.0406442654171286,0.00055613569289647558
european_call_k110,bbs,399,6.0406452732377884,0.00055714351355629077
european_call_k110,bbs,400,6.0406436940045252,0.00055556428029301941
european_call_k110,bbs_richardson,10,6.0335368369745712,-0.0065512927496609308
european_call_k110,bbs_richardson,12,6.0474942776969245,0.0074061479726923451
european_call_k110,bbs_richardson,14,6.0387756308549188,-0.0013124988693133943
european_call_k110,bbs_richardson,16,6.04550215373974,0.0054140240155078345
european_call_k110,bbs_richardson,18,6.0409933551888679,0.00090522546463578379
european_call_k110,bbs_richardson,20,6.0433081119290168,0.0032199822047846993
european_call_k110,bbs_richardson,22,6.0415870575022179,0.0014989277779857701
european_call_k110,bbs_richardson,24,6.0414200755877374,0.0013319458635052683
european_call_k110,bbs_richardson,26,6.0414584759868459,0.0013703462626137863
european_call_k110,bbs_richardson,28,6.0400386741137728,-4.9455610459325783e-05
european_call_k110,bbs_richardson,30,6.041097416346096,0.0010092866218638363
european_call_k110,bbs_richardson,32,6.0391888221525196,-0.00089930757171252651
european_call_k110,bbs_richardson,34,6.0407405221145849,0.00065239239035275176
european_call_k110,bbs_richardson,36,6.0388016389779642,-0.0012864907462679653
european_call_k110,bbs_richardson,38,6.0404794356330704,0.00039130590883829086
european_call_k110,bbs_richardson,40,6.0387677915831404,-0.0013203381410917814
european_call_k110,bbs_richardson,42,6.0403286641777623,0.00024053445353011682
european_call_k110,bbs_richardson,44,6.0389705156293827,-0.0011176140948494506
european_call_k110,bbs_richardson,46,6.0402668516072122,0.00017872188298007075
european_call_k110,bbs_richardson,48,6.039304313314334,-0.00078381640989810819
european_call_k110,bbs_richardson,50,6.0402608327990599,0.00017270307482775138
european_call_k110,bbs_richardson,52,6.0396839400039593,-0.00040418972027289612
european_call_k110,bbs_richardson,54,6.0402786395939607,0.00019050986972857231
european_call_k110,bbs_richardson,56,6.0400471241834737,-4.10055407584764e-05
european_call_k110,bbs_richardson,58,6.0402955604446422,0.00020743072041007338
european_call_k110,bbs_richardson,60,6.0403535098790648,0.00026538015483268396
european_call_k110,bbs_richardson,62,6.0402960007123117,0.00020787098807950599
european_call_k110,bbs_richardson,64,6.0405815618091934,0.0004934320849612206
european_call_k110,bbs_richardson,66,6.0402729738657293,0.00018484414149710915
european_call_k110,bbs_richardson,68,6.0407246049562779,0.0006364752320457967
european_call_k110,bbs_richardson,70,6.0402264213993293,0.00013829167509715745
european_call_k110,bbs_richardson,72,6.0407867497786079,0.00069862005437570929
european_call_k110,bbs_richardson,74,6.0401611198383538,7.2990114121651573e-05
european_call_k110,bbs_richardson,76,6.0407791510613098,0.00069102133707765745
european_call_k110,bbs_richardson,78,6.0400846292231556,-3.5005010765587485e-06
european_call_k110,bbs_richardson,80,6.0407168357609153,0.00062870603668319092
european_call_k110,bbs_richardson,82,6.0400055302007098,-8.2599523522297602e-05
european_call_k110,bbs_richardson,84,6.0406161910270093,0.00052806130277716079
european_call_k110,bbs_richardson,86,6.0399320590183496,-0.00015607070588252725
european_call_k110,bbs_richardson,88,6.0404931105176125,0.00040498079338036064
european_call_k110,bbs_richardson,90,6.0398711617248404,-0.00021696799939174838
european_call_k110,bbs_richardson,92,6.0403617409982822,0.00027361127405001184
european_call_k110,bbs_richardson,94,6.0398279360694413,-0.00026019365479079681
european_call_k110,bbs_richardson,96,6.040233741473628,0.00014561174939586863
european_call_k110,bbs_richardson,98,6.0398054014300797,-0.0002827282941524345
european_call_k110,bbs_richardson,100,6.0401179555006195,2.9825776387326641e-05
european_call_k110,bbs_richardson,102,6.0398045254322286,-0.00028360429200358084
european_call_k110,bbs_richardson,104,6.04002039768719,-6.7732037042134152e-05
european_call_k110,bbs_richardson,106,6.0398244352114041,-0.0002636945128280388
european_call_k110,bbs_richardson,108,6.0399444630835966,-0.00014366664063558687
european_call_k110,bbs_richardson,110,6.0398627470810045,-0.00022538264322768953
european_call_k110,bbs_richardson,112,6.0398912801631477,-0.00019684956108445562
european_call_k110,bbs_richardson,114,6.0399159577975601,-0.00017217192667207115
european_call_k110,bbs_richardson,116,6.0398601416077522,-0.0002279881164799491
european_call_k110,bbs_richardson,118,6.0399798516067671,-0.00010827811746505489
european_call_k110,bbs_richardson,120,6.0398489611800219,-0.00023916854421024425
european_call_k110,bbs_richardson,122,6.0400498884046474,-3.8241319584741973e-05
european_call_k110,bbs_richardson,124,6.0398547178951585,-0.00023341182907365976
european_call_k110,bbs_richardson,126,6.0401215486762521,3.3418952019914627e-05
european_call_k110,bbs_richardson,128,6.039873860540288,-0.00021426918394418237
european_call_k110,bbs_richardson,130,6.0401906200839441,0.00010249035971199305
european_call_k110,bbs_richardson,132,6.039902655485732,-0.00018547423850012734
european_call_k110,bbs_richardson,134,6.0402534181670138,0.00016528844278163035
european_call_k110,bbs_richardson,136,6.039937468949951,-0.00015066077428116387
european_call_k110,bbs_richardson,138,6.0403069397348803,0.00021881001064816274
european_call_k110,bbs_richardson,140,6.0399749813192827,-0.0001131484049494702
european_call_k110,bbs_richardson,142,6.0403489521557674,0.00026082243153524587
european_call_k110,bbs_richardson,144,6.0400123359126585,-7.5793811573632297e-05
european_call_k110,bbs_richardson,146,6.0403780249509449,0.00028989522671274415
european_call_k110,bbs_richardson,148,6.0400472279152622,-4.0901808969984188e-05
european_call_k110,bbs_richardson,150,6.0403935121668626,0.000305382442630453
european_call_k110,bbs_richardson,152,6.0400779414665786,-1.0188257653531707e-05
european_call_k110,bbs_richardson,154,6.0403954951273242,0.00030736540309206362
european_call_k110,bbs_richardson,156,6.0401033438838763,1.5214159644116876e-05
european_call_k110,bbs_richardson,158,6.0403846953745735,0.00029656565034130722
european_call_k110,bbs_richardson,160,6.0401228464847367,3.4716760504593935e-05
european_call_k110,bbs_richardson,162,6.0403623673531275,0.00027423762889533521
european_call_k110,bbs_richardson,164,6.040136341121368,4.8211397135844436e-05
european_call_k110,bbs_richardson,166,6.040330179581213,0.00024204985698084158
european_call_k110,bbs_richardson,168,6.0401441209418518,5.5991217619677514e-05
european_call_k110,bbs_richardson,170,6.040290092059494,0.00020196233526181828
european_call_k110,bbs_richardson,172,6.0401467928283648,5.8663104132605781e-05
european_call_k110,bbs_richardson,174,6.0402442363690128,0.00015610664478060698
european_call_k110,bbs_richardson,176,6.0401451879010644,5.7058176832214258e-05
european_call_k110,bbs_richardson,178,6.0401948037001052,0.00010667397587305061
european_call_k110,bbs_richardson,180,6.0401402752170732,5.214549284104919e-05
european_call_k110,bbs_richardson,182,6.0401439446904073,5.5814966175127267e-05
european_call_k110,bbs_richardson,184,6.0401330826299215,4.4952905689399358e-05
european_call_k110,bbs_richardson,186,6.0400936838204418,5.5540962096145563e-06
european_call_k110,bbs_richardson,188,6.040124627606632,3.6497882399899595e-05
european_call_k110,bbs_richardson,190,6.0400458499072709,-4.2279816961254824e-05
european_call_k110,bbs_richardson,192,6.040115859761519,2.7730037286843867e-05
european_call_k110,bbs_richardson,194,6.0400020233605218,-8.6106363710314326e-05
european_call_k110,bbs_richardson,196,6.0401076160257166,1.9486301484405999e-05
european_call_k110,bbs_richardson,198,6.0399635000054106,-0.00012462971882154505
european_call_k110,bbs_richardson,200,6.0401005885132015,1.2458788969382795e-05
european_call_k110,bbs_richardson,202,6.0399312705977701,-0.00015685912646201672
european_call_k110,bbs_richardson,204,6.0400953045857806,7.1748615484423794e-06
european_call_k110,bbs_richardson,206,6.0399060146973564,-0.00018211502687570658
european_call_k110,bbs_richardson,208,6.0400921181553091,3.9884310769622289e-06
european_call_k110,bbs_richardson,210,6.0398881071371981,-0.00020002258703399889
european_call_k110,bbs_richardson,212,6.0400912108650777,3.0811408455733158e-06
european_call_k110,bbs_richardson,214,6.0398776351777865,-0.00021049454644561649
european_call_k110,bbs_richardson,216,6.0400926016012146,4.4718769824925175e-06
european_call_k110,bbs_richardson,218,6.0398744242363982,-0.00021370548783394838
european_call_k110,bbs_richardson,220,6.0400961627183918,8.0329941596346544e-06
european_call_k110,bbs_richardson,222,6.0398780700996539,-0.00021005962457820715
european_call_k110,bbs_richardson,224,6.0401016412263537,1.3511502121588137e-05
european_call_k110,bbs_richardson,226,6.0398879756528228,-0.00020015407140938635
european_call_k110,bbs_richardson,228,6.040108683386249,2.0553662016808971e-05
european_call_k110,bbs_richardson,230,6.0399033901226122,-0.00018473960161990988
european_call_k110,bbs_richardson,232,6.0401168611108105,2.8731386578328966e-05
european_call_k110,bbs_richardson,234,6.0399234492550535,-0.00016468046917861301
european_call_k110,bbs_richardson,236,6.040125698848736,3.7569124503811224e-05
european_call_k110,bbs_richardson,238,6.0399472148122806,-0.00014091491195156181
european_call_k110,bbs_richardson,240,6.040134699767906,4.6570043673810346e-05
european_call_k110,bbs_richardson,242,6.0399737121557777,-0.00011441756845442796
european_call_k110,bbs_richardson,244,6.0401433701978311,5.5240473598949791e-05
european_call_k110,bbs_richardson,246,6.0400019649135759,-8.6164810656264024e-05
european_call_k110,bbs_richardson,248,6.0401512415939056,6.311186967344895e-05
european_call_k110,bbs_richardson,250,6.0400310259181893,-5.7103806042846372e-05
european_call_k110,bbs_richardson,252,6.0401578894304029,6.9759706170735569e-05
european_call_k110,bbs_richardson,254,6.040060003826099,-2.8125898133168903e-05
european_call_k110,bbs_richardson,256,6.0401629486123785,7.4818888146310769e-05
european_call_k110,bbs_richardson,258,6.0400880851354763,-4.4588755798713464e-08
european_call_k110,bbs_richardson,260,6.0401661252227754,7.79954985432596e-05
european_call_k110,bbs_richardson,262,6.04011455142295,2.6421698717804531e-05
european_call_k110,bbs_richardson,264,6.0401672045413637,7.9074817131541408e-05
european_call_k110,bbs_richardson,266,6.0401387917885216,5.0662064289497266e-05
european_call_k110,bbs_richardson,268,6.0401660554554599,7.7925731227779238e-05
european_call_k110,bbs_richardson,270,6.0401603107642501,7.2181040017937903e-05
european_call_k110,bbs_richardson,272,6.0401626314217989,7.4501697566731195e-05
european_call_k110,bbs_richardson,274,6.0401787318757219,9.0602151489704852e-05
european_call_k110,bbs_richardson,276,6.0401569683605327,6.8838636300583289e-05
european_call_k110,bbs_richardson,278,6.0401937973314492,0.0001056676072170859
european_call_k110,bbs_richardson,280,6.0401491797380231,6.1050013790975299e-05
european_call_k110,bbs_richardson,282,6.0402053642271216,0.0001172345028894739
european_call_k110,bbs_richardson,284,6.0401394494175875,5.1319693355367235e-05
european_call_k110,bbs_richardson,286,6.0402133978270021,0.0001252681027699154
european_call_k110,bbs_richardson,288,6.0401280225848053,3.989286057315411e-05
european_call_k110,bbs_richardson,290,6.0402179623885548,0.00012983266432264884
european_call_k110,bbs_richardson,292,6.040115195312179,2.7065587946850655e-05
european_call_k110,bbs_richardson,294,6.0402192101258532,0.00013108040162101986
european_call_k110,bbs_richardson,296,6.0401013031362734,1.3173412041211918e-05
european_call_k110,bbs_richardson,298,6.0402173688099214,0.00012923908568929221
european_call_k110,bbs_richardson,300,6.040086709168385,-1.4205558471758195e-06
european_call_k110,bbs_richardson,302,6.0402127284551561,0.00012459873092396379
european_call_k110,bbs_richardson,304,6.0400717921201821,-1.6337604050065124e-05
european_call_k110,bbs_richardson,306,6.0402056276927425,0.00011749796851034944
european_call_k110,bbs_richardson,308,6.0400569345610506,-3.1195163181507723e-05
european_call_k110,bbs_richardson,310,6.0401964400926289,0.00010831036839675789
european_call_k110,bbs_richardson,312,6.0400425118174459,-4.5617906786254991e-05
european_call_k110,bbs_richardson,314,6.0401855609383706,9.7431214138410382e-05
european_call_k110,bbs_richardson,316,6.0400288817270607,-5.9247997171496536e-05
european_call_k110,bbs_richardson,318,6.040173394687729,8.5264963496811674e-05
european_call_k110,bbs_richardson,320,6.0400163754951537,-7.1754229078457854e-05
european_call_k110,bbs_richardson,322,6.0401603434430626,7.2213718830482776e-05
european_call_k110,bbs_richardson,324,6.0400052898460768,-8.2839878155382962e-05
european_call_k110,bbs_richardson,326,6.0401467965682283,5.8666843996135754e-05
european_call_k110,bbs_richardson,328,6.0399958805071092,-9.2249217122919447e-05
european_call_k110,bbs_richardson,330,6.0401331217090188,4.4991984786690864e-05
european_call_k110,bbs_richardson,332,6.0399883572432609,-9.9772480971260791e-05
european_call_k110,bbs_richardson,334,6.0401196571840323,3.1527459800173574e-05
european_call_k110,bbs_richardson,336,6.0399828802770692,-0.00010524944716294726
european_call_k110,bbs_richardson,338,6.0401067059179727,1.8576193740571512e-05
european_call_k110,bbs_richardson,340,6.0399795582679197,-0.00010857145631248954
european_call_k110,bbs_richardson,342,6.0400945308606264,6.4011363942739763e-06
european_call_k110,bbs_richardson,344,6.039978447630963,-0.00010968209326911449
european_call_k110,bbs_richardson,346,6.0400833518504076,-4.7778738245796148e-06
european_call_k110,bbs_richardson,348,6.0399795532604479,-0.00010857646378426011
european_call_k110,bbs_richardson,350,6.0400733439032779,-1.4785820954266171e-05
european_call_k110,bbs_richardson,352,6.0399828303861689,-0.00010529933806324721
european_call_k110,bbs_richardson,354,6.0400646368107722,-2.3492913459932652e-05
european_call_k110,bbs_richardson,356,6.0399881875998016,-9.9942124430540957e-05
european_call_k110,bbs_richardson,358,6.0400573158986131,-3.0813825619091517e-05
european_call_k110,bbs_richardson,360,6.0399954907674136,-9.2638956818547058e-05
european_call_k110,bbs_richardson,362,6.0400514238323648,-3.6705891867327978e-05
european_call_k110,bbs_richardson,364,6.0400045677165703,-8.3562007661797111e-05
european_call_k110,bbs_richardson,366,6.0400469633783418,-4.1166345890353284e-05
european_call_k110,bbs_richardson,368,6.0400152135588208,-7.2916165411385236e-05
european_call_k110,bbs_richardson,370,6.0400439008836972,-4.422884053489895e-05
european_call_k110,bbs_richardson,372,6.0400271964787722,-6.0933245459970919e-05
european_call_k110,bbs_richardson,374,6.040042170311489,-4.595941274310178e-05
european_call_k110,bbs_richardson,376,6.0400402637390398,-4.7865985192352412e-05
european_call_k110,bbs_richardson,378,6.0400416778046395,-4.6451919592627178e-05
european_call_k110,bbs_richardson,380,6.0400541479255576,-3.398179867453166e-05
european_call_k110,bbs_richardson,382,6.040042306439469,-4.5823284763102379e-05
european_call_k110,bbs_richardson,384,6.0400685730614416,-1.9556662790520818e-05
european_call_k110,bbs_richardson,386,6.0400439212231758,-4.42085010563531e-05
european_call_k110,bbs_richardson,388,6.0400832606448915,-4.8690793406080957e-06
european_call_k110,bbs_richardson,390,6.0400463740207346,-4.1755703497514673e-05
european_call_k110,bbs_richardson,392,6.040097935435691,9.8057114588101513e-06
european_call_k110,bbs_richardson,394,6.0400495083962129,-3.8621328019239343e-05
european_call_k110,bbs_richardson,396,6.0401123307468385,2.4201022606362699e-05
european_call_k110,bbs_richardson,398,6.0400531643149495,-3.4965409282605719e-05
european_call_k110,bbs_richardson,400,6.0401261934584838,3.8063734251636561e-05
american_put_k100,crr,10,6.0042590201829533,-0.086111930988165497
american_put_k100,crr,11,6.2137680261037413,0.12339707493262253
american_put_k100,crr,12,6.0185521064134981,-0.071818844757620681
american_put_k100,crr,13,6.1899320886273728,0.099561137456253945
american_put_k100,crr,14,6.0253145330408069,-0.065056418130311933
american_put_k100,crr,15,6.1802647070401653,0.089893755869046466
american_put_k100,crr,16,6.0374184830118898,-0.052952468159229049
american_put_k100,crr,17,6.1729152239129945,0.082544272741875702
american_put_k100,crr,18,6.0452128871518083,-0.045158064019310551
american_put_k100,crr,19,6.1629738188713148,0.072602867700195972
american_put_k100,crr,20,6.0473030816120303,-0.043067869559088479
american_put_k100,crr,21,6.1540718724045806,0.063700921233461827
american_put_k100,crr,22,6.0506198931076529,-0.039751058063465905
american_put_k100,crr,23,6.1494793317110545,0.059108380539935723
american_put_k100,crr,24,6.0545439549739317,-0.0358269961971871
american_put_k100,crr,25,6.1461854387348911,0.055814487563772275
american_put_k100,crr,26,6.058932639267109,-0.031438311904009808
american_put_k100,crr,27,6.1429215492834865,0.05255059811236773
american_put_k100,crr,28,6.061542962804535,-0.028827988366583845
american_put_k100,crr,29,6.1384657304679813,0.048094779296862455
american_put_k100,crr,30,6.062420965724673,-0.02794998544644578
american_put_k100,crr,31,6.1345428498708134,0.044171898699694623
american_put_k100,crr,32,6.0636535478756954,-0.026717403295423381
american_put_k100,crr,33,6.1321722638732172,0.041801312702098414
american_put_k100,crr,34,6.0655671296062437,-0.02480382156487515
american_put_k100,crr,35,6.1302311875244895,0.039860236353370659
american_put_k100,crr,36,6.0673271436558061,-0.023043807515312764
american_put_k100,crr,37,6.1285412897434473,0.038170338572328433
american_put_k100,crr,38,6.0689325676540875,-0.021438383517031312
american_put_k100,crr,39,6.126544003730535,0.036173052559416163
american_put_k100,crr,40,6.0697467722080205,-0.020624178963098316
american_put_k100,crr,41,6.1241236236886021,0.033752672517483262
american_put_k100,crr,42,6.0701626518554761,-0.020208299315642719
american_put_k100,crr,43,6.1222610865273692,0.031890135356250404
american_put_k100,crr,44,6.0708071068576039,-0.019563844313514878
american_put_k100,crr,45,6.120859770510477,0.030488819339358209
american_put_k100,crr,46,6.0717811850609671,-0.018589766110151729
american_put_k100,crr,47,6.119773470578882,0.029402519407763172
american_put_k100,crr,48,6.0726857705918338,-0.017685180579285031
american_put_k100,crr,49,6.1188070062413278,0.028436055070208965
american_put_k100,crr,50,6.0737279857248945,-0.016642965446224345
american_put_k100,crr,51,6.1179546685159174,0.027583717344798586
american_put_k100,crr,52,6.0745487412910339,-0.01582220988008487
american_put_k100,crr,53,6.1168497313826791,0.026478780211560249
american_put_k100,crr,54,6.0750670525979,-0.015303898573218788
american_put_k100,crr,55,6.1157784588002944,0.025407507629175541
american_put_k100,crr,56,6.0754772930014163,-0.014893658169702562
american_put_k100,crr,57,6.1148035017832534,0.024432550612134563
american_put_k100,crr,58,6.0758708251807629,-0.014500125990355883
american_put_k100,crr,59,6.1139318715145663,0.023560920343447478
american_put_k100,crr,60,6.0763861579389307,-0.013984793232188153
american_put_k100,crr,61,6.1132871986724933,0.022916247501374443
american_put_k100,crr,62,6.0769206085857332,-0.013450342585385577
american_put_k100,crr,63,6.1127024982874758,0.022331547116356987
american_put_k100,crr,64,6.0775260668832285,-0.012844884287890324
american_put_k100,crr,65,6.1121432623326832,0.021772311161564417
american_put_k100,crr,66,6.0779793233556152,-0.012391627815503625
american_put_k100,crr,67,6.1114884381672692,0.021117486996150348
american_put_k100,crr,68,6.0783534023380117,-0.012017548833107128
american_put_k100,crr,69,6.1108303040402081,0.020459352869089287
american_put_k100,crr,70,6.0786214218517571,-0.011749529319361685
american_put_k100,crr,71,6.1101377786350461,0.019766827463927328
american_put_k100,crr,72,6.0788556462962564,-0.011515304874862409
american_put_k100,crr,73,6.1095640309256183,0.019193079754499465
american_put_k100,crr,74,6.0791179815959886,-0.011252969575130223
american_put_k100,crr,75,6.1090466087818207,0.01867565761070189
american_put_k100,crr,76,6.0794147796166627,-0.010956171554456162
american_put_k100,crr,77,6.1085786506409665,0.018207699469847682
american_put_k100,crr,78,6.0797421490090517,-0.010628802162067075
american_put_k100,crr,79,6.10822669394374,0.017855742772621142
american_put_k100,crr,80,6.0801191574166999,-0.01025179375441887
american_put_k100,crr,81,6.1078700239897827,0.017499072818663919
american_put_k100,crr,82,6.0804495553601221,-0.0099213958109967137
american_put_k100,crr,83,6.1075031825960506,0.01713223142493181
american_put_k100,crr,84,6.080700248680138,-0.009670702490980787
american_put_k100,crr,85,6.1070507508712879,0.016679799700169085
american_put_k100,crr,86,6.08089545394051,-0.0094754972306088092
american_put_k100,crr,87,6.1066569953978576,0.016286044226738738
american_put_k100,crr,88,6.0810903588116805,-0.0092805923594383444
american_put_k100,crr,89,6.1062626561080755,0.015891704936956685
american_put_k100,crr,90,6.0812547883465573,-0.0091161628245615134
american_put_k100,crr,91,6.1058898441887068,0.01551889301758802
american_put_k100,crr,92,6.08145139003698,-0.0089195611341388314
american_put_k100,crr,93,6.1055702680380701,0.015199316866951307
american_put_k100,crr,94,6.081636924171927,-0.0087340269991917907
american_put_k100,crr,95,6.1052841587603126,0.014913207589193789
american_put_k100,crr,96,6.0818778381920602,-0.0084931129790586368
american_put_k100,crr,97,6.1050474148431864,0.014676463672067541
american_put_k100,crr,98,6.0821310509257493,-0.0082399002453694692
american_put_k100,crr,99,6.104828357396956,0.014457406225837133
american_put_k100,crr,100,6.082354409142444,-0.0080165420286748557
american_put_k100,crr,101,6.104567054424729,0.014196103253610204
american_put_k100,crr,102,6.0825284951845138,-0.0078424559866050458
american_put_k100,crr,103,6.1042939572956474,0.01392300612452857
american_put_k100,crr,104,6.0826756427828022,-0.0076953083883166684
american_put_k100,crr,105,6.1040010131113238,0.013630061940204996
american_put_k100,crr,106,6.0827862602097778,-0.0075846909613410674
american_put_k100,crr,107,6.1037235292879597,0.013352578116840874
american_put_k100,crr,108,6.082908212701577,-0.0074627384695418186
american_put_k100,crr,109,6.103449278518112,0.013078327346993213
american_put_k100,crr,110,6.0830094013097025,-0.0073615498614163499
american_put_k100,crr,111,6.1032053322843414,0.012834381113222548
american_put_k100,crr,112,6.0831434013365389,-0.0072275498345799605
american_put_k100,crr,113,6.1029936516471732,0.012622700476054405
american_put_k100,crr,114,6.0832827563340741,-0.0070881948370447034
american_put_k100,crr,115,6.102779945397141,0.012408994226022152
american_put_k100,crr,116,6.083414358724923,-0.0069565924461958417
american_put_k100,crr,117,6.1025935098277984,0.012222558656679539
american_put_k100,crr,118,6.0835491778903776,-0.0068217732807411835
american_put_k100,crr,119,6.1023953318064414,0.012024380635322629
american_put_k100,crr,120,6.0836765622273354,-0.0066943889437833803
american_put_k100,crr,121,6.1022131535524977,0.011842202381378897
american_put_k100,crr,122,6.0838030851022999,-0.0065678660688188728
american_put_k100,crr,123,6.1020359163552733,0.011664965184154497
american_put_k100,crr,124,6.0839257531846549,-0.0064451979864639242
american_put_k100,crr,125,6.1018484208948314,0.011477469723712552
american_put_k100,crr,126,6.0840122202549791,-0.0063587309161396988
american_put_k100,crr,127,6.1016418298631372,0.011270878692018371
american_put_k100,crr,128,6.0840870991094302,-0.0062838520616885774
american_put_k100,crr,129,6.1014470256237736,0.011076074452654794
american_put_k100,crr,130,6.0841656798353299,-0.0062052713357889644
american_put_k100,crr,131,6.1012584266161447,0.010887475445025885
american_put_k100,crr,132,6.0842473567395174,-0.0061235944316013757
american_put_k100,crr,133,6.1011000419790911,0.010729090807972241
american_put_k100,crr,134,6.0843419894750319,-0.0060289616960869097
american_put_k100,crr,135,6.1009447130406311,0.01057376186951231
american_put_k100,crr,136,6.08443544811748,-0.0059355030536387687
american_put_k100,crr,137,6.1008105306348011,0.010439579463682236
american_put_k100,crr,138,6.0845429827022013,-0.0058279684689175326
american_put_k100,crr,139,6.1006820739451832,0.01031112277406443
american_put_k100,crr,140,6.0846444429457964,-0.0057265082253223909
american_put_k100,crr,141,6.100543327823579,0.01017237665246018
american_put_k100,crr,142,6.084732513948512,-0.005638437222606818
american_put_k100,crr,143,6.1004140535138429,0.010043102342724097
american_put_k100,crr,144,6.0848208512646567,-0.0055500999064621581
american_put_k100,crr,145,6.1002767704645526,0.0099058192934338152
american_put_k100,crr,146,6.0849050006991074,-0.0054659504720113716
american_put_k100,crr,147,6.1001460128973157,0.0097750617261969097
american_put_k100,crr,148,6.0849784174865782,-0.0053925336845406235
american_put_k100,crr,149,6.1000090822438224,0.0096381310727036151
american_put_k100,crr,150,6.0850432635144873,-0.0053276876566314968
american_put_k100,crr,151,6.0998736024586524,0.0095026512875335811
american_put_k100,crr,152,6.0850990977546449,-0.0052718534164739594
american_put_k100,crr,153,6.0997286230085592,0.0093576718374404066
american_put_k100,crr,154,6.085150522604728,-0.0052204285663908223
american_put_k100,crr,155,6.0996044994265439,0.0092335482554251058
american_put_k100,crr,156,6.0852155709775904,-0.0051553801935284582
american_put_k100,crr,157,6.0994866863762631,0.0091157352051443041
american_put_k100,crr,158,6.0852782051215151,-0.0050927460496037469
american_put_k100,crr,159,6.0993722034510203,0.0090012522799014505
american_put_k100,crr,160,6.0853457571217122,-0.0050251940494066005
american_put_k100,crr,161,6.0992671639577196,0.0088962127866007989
american_put_k100,crr,162,6.0854139039550814,-0.0049570472160374024
american_put_k100,crr,163,6.0991727868071743,0.0088018356360555217
american_put_k100,crr,164,6.0854932400443396,-0.0048777111267792606
american_put_k100,crr,165,6.099079799824878,0.0087088486537592047
american_put_k100,crr,166,6.0855611187724605,-0.0048098323986582869
american_put_k100,crr,167,6.0989839324882027,0.0086129813170838787
american_put_k100,crr,168,6.0856246774761749,-0.0047462736949439588
american_put_k100,crr,169,6.098884169809617,0.0085132186384981878
american_put_k100,crr,170,6.0856876814333578,-0.0046832697377610089
american_put_k100,crr,171,6.0987884053377321,0.0084174541666133251
american_put_k100,crr,172,6.0857387892217556,-0.0046321619493632227
american_put_k100,crr,173,6.0986824545105254,0.0083115033394065563
american_put_k100,crr,174,6.0857868281113214,-0.0045841230597973848
american_put_k100,crr,175,6.0985832162946156,0.0082122651234968203
american_put_k100,crr,176,6.0858301077314731,-0.0045408434396456698
american_put_k100,crr,177,6.0984793739378205,0.0081084227667016506
american_put_k100,crr,178,6.0858707446251348,-0.0045002065459840424
american_put_k100,crr,179,6.0983813095811126,0.0080103584099937564
american_put_k100,crr,180,6.0859140579899051,-0.0044568931812136725
american_put_k100,crr,181,6.0982903885856707,0.007919437414551922
american_put_k100,crr,182,6.0859659586807435,-0.0044049924903752924
american_put_k100,crr,183,6.0982098730900125,0.0078389219188936821
american_put_k100,crr,184,6.0860167426211316,-0.0043542085499872485
american_put_k100,crr,185,6.0981288315841287,0.0077578804130098433
american_put_k100,crr,186,6.0860678422669219,-0.0043031089041969395
american_put_k100,crr,187,6.0980532333620978,0.0076822821909789951
american_put_k100,crr,188,6.0861226451226846,-0.0042483060484341806
american_put_k100,crr,189,6.0979832066897508,0.0076122555186319829
american_put_k100,crr,190,6.0861758079963755,-0.0041951431747433432
american_put_k100,crr,191,6.0979108559806896,0.0075399048095707855
american_put_k100,crr,192,6.0862283277000877,-0.0041426234710311149
american_put_k100,crr,193,6.0978370359078218,0.0074660847367029604
american_put_k100,crr,194,6.0862704202429239,-0.0041005309281949565
american_put_k100,crr,195,6.0977585393038733,0.0073875881327545301
american_put_k100,crr,196,6.0863128085950349,-0.0040581425760839451
american_put_k100,crr,197,6.0976817907667087,0.0073108395955898686
american_put_k100,crr,198,6.0863499835108374,-0.0040209676602813715
american_put_k100,crr,199,6.0976019036358995,0.0072309524647806711
american_put_k100,crr,200,6.0863827499160976,-0.0039882012550211954
american_put_k100,crr,201,6.0975211148612356,0.0071501636901167842
american_put_k100,crr,202,6.0864157108967172,-0.0039552402744016391
american_put_k100,crr,203,6.0974472587927764,0.0070763076216575627
american_put_k100,crr,204,6.0864501738539598,-0.0039207773171590077
american_put_k100,crr,205,6.097370448421696,0.0069994972505771358
american_put_k100,crr,206,6.0864788191371666,-0.0038921320339522225
american_put_k100,crr,207,6.0972970592558919,0.0069261080847731193
american_put_k100,crr,208,6.0865104366699745,-0.0038605145011443298
american_put_k100,crr,209,6.097224310672182,0.0068533595010631387
american_put_k100,crr,210,6.0865397662536154,-0.0038311849175034496
american_put_k100,crr,211,6.0971539309550238,0.0067829797839049633
american_put_k100,crr,212,6.0865732235395136,-0.0037977276316052411
american_put_k100,crr,213,6.0970916504791148,0.0067206993079960142
american_put_k100,crr,214,6.086610596157799,-0.0037603550133198382
american_put_k100,crr,215,6.097033840821549,0.0066628896504301593
american_put_k100,crr,216,6.0866512030539628,-0.0037197481171560298
american_put_k100,crr,217,6.0969772847764183,0.006606333605299497
american_put_k100,crr,218,6.086689601979133,-0.0036813491919858166
american_put_k100,crr,219,6.096921157196979,0.0065502060258602057
american_put_k100,crr,220,6.0867294418884761,-0.0036415092826427298
american_put_k100,crr,221,6.0968696298887224,0.0064986787176035676
american_put_k100,crr,222,6.0867699218463613,-0.0036010293247574765
american_put_k100,crr,223,6.0968149891896761,0.0064440380185573076
american_put_k100,crr,224,6.086802601451522,-0.0035683497195968528
american_put_k100,crr,225,6.0967575538737524,0.0063866027026335814
american_put_k100,crr,226,6.0868331992879465,-0.0035377518831722909
american_put_k100,crr,227,6.0966971943229762,0.0063262431518573692
american_put_k100,crr,228,6.0868604159688342,-0.0035105352022846148
american_put_k100,crr,229,6.096639452572223,0.0062685014011041318
american_put_k100,crr,230,6.0868890955789947,-0.0034818555921241057
american_put_k100,crr,231,6.0965814261826976,0.0062104750115787866
american_put_k100,crr,232,6.0869153452242841,-0.0034556059468346945
american_put_k100,crr,233,6.0965251337525359,0.0061541825814170892
american_put_k100,crr,234,6.0869395283717918,-0.0034314227993270663
american_put_k100,crr,235,6.0964695151758814,0.0060985640047626077
american_put_k100,crr,236,6.0869687538659933,-0.0034021973051254761
american_put_k100,crr,237,6.0964192419300902,0.0060482907589713975
american_put_k100,crr,238,6.0869972622010069,-0.003373688970111921
american_put_k100,crr,239,6.0963666015825835,0.0059956504114646592
american_put_k100,crr,240,6.0870226227317286,-0.0033483284393902579
american_put_k100,crr,241,6.0963183644572529,0.0059474132861341289
american_put_k100,crr,242,6.0870522928852466,-0.0033186582858721891
american_put_k100,crr,243,6.0962716533363128,0.005900702165194005
american_put_k100,crr,244,6.0870836833736579,-0.0032872677974609132
american_put_k100,crr,245,6.0962294211201247,0.0058584699490058512
american_put_k100,crr,246,6.0871165838582346,-0.0032543673128841988
american_put_k100,crr,247,6.0961885876038924,0.0058176364327735541
american_put_k100,crr,248,6.0871481286773879,-0.0032228224937309591
american_put_k100,crr,249,6.0961460154816383,0.0057750643105194399
american_put_k100,crr,250,6.0871792902054302,-0.0031916609656885697
american_put_k100,crr,251,6.0961033994723337,0.0057324483012148875
american_put_k100,crr,252,6.0872053569349882,-0.0031655942361306089
american_put_k100,crr,253,6.0960595828125008,0.0056886316413820026
american_put_k100,crr,254,6.0872341360821096,-0.0031368150890092039
american_put_k100,crr,255,6.0960164486924917,0.0056454975213728886
american_put_k100,crr,256,6.0872583277092387,-0.0031126234618801263
american_put_k100,crr,257,6.095971523549645,0.0056005723785261807
american_put_k100,crr,258,6.0872803892389946,-0.0030905619321242028
american_put_k100,crr,259,6.09592465104833,0.0055536998772112156
american_put_k100,crr,260,6.087301976059825,-0.0030689751112937813
american_put_k100,crr,261,6.0958801242170235,0.0055091730459047028
american_put_k100,crr,262,6.0873222527194208,-0.0030486984516979732
american_put_k100,crr,263,6.0958351434966946,0.0054641923255758229
american_put_k100,crr,264,6.0873430704980276,-0.0030278806730912322
american_put_k100,crr,265,6.095792964592107,0.0054220134209881365
american_put_k100,crr,266,6.0873633155089024,-0.0030076356622164013
american_put_k100,crr,267,6.0957498687922618,0.0053789176211429535
american_put_k100,crr,268,6.0873850116225503,-0.002985939548568517
american_put_k100,crr,269,6.0957107145614202,0.0053397633903013997
american_put_k100,crr,270,6.0874076887422195,-0.002963262428899327
american_put_k100,crr,271,6.0956732792969506,0.0053023281258317567
american_put_k100,crr,272,6.0874324904942405,-0.0029384606768783073
american_put_k100,crr,273,6.0956383139687018,0.0052673627975829973
american_put_k100,crr,274,6.0874574641080477,-0.0029134870630711518
american_put_k100,crr,275,6.09560427936196,0.0052333281908412133
american_put_k100,crr,276,6.0874849700094318,-0.0028859811616870346
american_put_k100,crr,277,6.0955727706770908,0.0052018195059719829
american_put_k100,crr,278,6.0875092454602484,-0.0028617057108704103
american_put_k100,crr,279,6.0955375708349155,0.0051666196637967232
american_put_k100,crr,280,6.087532402028625,-0.0028385491424938181
american_put_k100,crr,281,6.095503316310749,0.0051323651396302239
american_put_k100,crr,282,6.0875537938173636,-0.0028171573537552064
american_put_k100,crr,283,6.095466942409784,0.0050959912386652206
american_put_k100,crr,284,6.0875740466474282,-0.0027969045236906354
american_put_k100,crr,285,6.0954318769740894,0.0050609258029705728
american_put_k100,crr,286,6.087594517915706,-0.0027764332554127691
american_put_k100,crr,287,6.0953971053827019,0.0050261542115830338
american_put_k100,crr,288,6.087613818056627,-0.0027571331144917721
american_put_k100,crr,289,6.0953636389595083,0.0049926877883894605
american_put_k100,crr,290,6.0876346908781969,-0.0027362602929219548
american_put_k100,crr,291,6.0953286747778144,0.0049577236066955521
american_put_k100,crr,292,6.087651468827465,-0.0027194823436538229
american_put_k100,crr,293,6.0952940831821003,0.0049231320109814902
american_put_k100,crr,294,6.0876708323758102,-0.0027001187953086259
american_put_k100,crr,295,6.0952605681049583,0.0048896169338394913
american_put_k100,crr,296,6.0876881823722879,-0.0026827687988308924
american_put_k100,crr,297,6.0952272052711072,0.0048562540999883552
american_put_k100,crr,298,6.0877049601095914,-0.0026659910615274285
american_put_k100,crr,299,6.0951935930508263,0.0048226418797074899
american_put_k100,crr,300,6.0877226143680581,-0.0026483368030607579
american_put_k100,crr,301,6.0951621774438856,0.0047912262727667354
american_put_k100,crr,302,6.0877408262638557,-0.0026301249072631094
american_put_k100,crr,303,6.0951314602749829,0.0047605091038640523
american_put_k100,crr,304,6.0877598984651513,-0.0026110527059675093
american_put_k100,crr,305,6.0951029317240843,0.0047319805529655312
american_put_k100,crr,306,6.0877777039861201,-0.0025932471849987593
american_put_k100,crr,307,6.0950731295290073,0.0047021783578884424
american_put_k100,crr,308,6.0877970339544847,-0.0025739172166341362
american_put_k100,crr,309,6.0950459207085483,0.0046749695374295186
american_put_k100,crr,310,6.0878169181172703,-0.0025540330538484923
american_put_k100,crr,311,6.0950192265480903,0.0046482753769714336
american_put_k100,crr,312,6.0878368918088324,-0.002534059362286456
american_put_k100,crr,313,6.0949933279606938,0.0046223767895750001
american_put_k100,crr,314,6.0878558861424938,-0.0025150650286249743
american_put_k100,crr,315,6.0949662397577242,0.0045952885866054061
american_put_k100,crr,316,6.0878755083223659,-0.0024954428487529157
american_put_k100,crr,317,6.0949413971575073,0.0045704459863884495
american_put_k100,crr,318,6.087893967495754,-0.0024769836753648633
american_put_k100,crr,319,6.0949133183722104,0.0045423672010915794
american_put_k100,crr,320,6.0879095205193963,-0.0024614306517225515
american_put_k100,crr,321,6.0948854202528082,0.0045144690816893984
american_put_k100,crr,322,6.0879245108910096,-0.0024464402801092078
american_put_k100,crr,323,6.0948567118362238,0.0044857606651049764
american_put_k100,crr,324,6.0879394822229287,-0.0024314689481901297
american_put_k100,crr,325,6.0948285627087353,0.0044576115376164793
american_put_k100,crr,326,6.0879538850433139,-0.002417066127804901
american_put_k100,crr,327,6.0948013399295249,0.0044303887584060675
american_put_k100,crr,328,6.0879687804275449,-0.0024021707435739614
american_put_k100,crr,329,6.0947740504284855,0.0044030992573667049
american_put_k100,crr,330,6.0879834206289587,-0.0023875305421601212
american_put_k100,crr,331,6.0947476085879053,0.0043766574167865002
american_put_k100,crr,332,6.0879971238480612,-0.0023738273230575757
american_put_k100,crr,333,6.0947205188569553,0.0043495676858364973
american_put_k100,crr,334,6.0880113784003944,-0.0023595727707244052
american_put_k100,crr,335,6.0946959057629684,0.0043249545918495613
american_put_k100,crr,336,6.0880261248390433,-0.0023448263320755558
american_put_k100,crr,337,6.0946709114966762,0.0042999603255573504
american_put_k100,crr,338,6.088040334093396,-0.002330617077722863
american_put_k100,crr,339,6.0946450644464774,0.0042741132753585376
american_put_k100,crr,340,6.0880536343786558,-0.0023173167924630533
american_put_k100,crr,341,6.0946211262637995,0.0042501750926806636
american_put_k100,crr,342,6.088068691740494,-0.0023022594306247868
american_put_k100,crr,343,6.0945973969632785,0.0042264457921596943
american_put_k100,crr,344,6.0880823712453029,-0.0022885799258158812
american_put_k100,crr,345,6.094573746380215,0.0042027952090961662
american_put_k100,crr,346,6.0880970186898002,-0.0022739324813185746
american_put_k100,crr,347,6.0945499420262852,0.0041789908551663757
american_put_k100,crr,348,6.0881099012018947,-0.0022610499692241603
american_put_k100,crr,349,6.0945264502211156,0.0041554990499967914
american_put_k100,crr,350,6.0881238440000898,-0.0022471071710290502
american_put_k100,crr,351,6.0945038382814314,0.0041328871103125664
american_put_k100,crr,352,6.0881376971843348,-0.0022332539867839785
american_put_k100,crr,353,6.094481175027358,0.0041102238562391591
american_put_k100,crr,354,6.0881505666452078,-0.0022203845259110011
american_put_k100,crr,355,6.0944579389557632,0.0040869877846443359
american_put_k100,crr,356,6.0881634380209206,-0.0022075131501981815
american_put_k100,crr,357,6.0944347542655848,0.0040638030944659675
american_put_k100,crr,358,6.0881755877863739,-0.0021953633847449083
american_put_k100,crr,359,6.094411763619191,0.0040408124480721952
american_put_k100,crr,360,6.0881860191738202,-0.0021849319972986336
american_put_k100,crr,361,6.0943866519553653,0.004015700784246512
american_put_k100,crr,362,6.0881968866834271,-0.0021740644876917514
american_put_k100,crr,363,6.0943655698924939,0.0039946187213750761
american_put_k100,crr,364,6.0882096913715387,-0.0021612597995801508
american_put_k100,crr,365,6.0943437701386891,0.0039728189675702907
american_put_k100,crr,366,6.0882212771445321,-0.0021496740265867231
american_put_k100,crr,367,6.094321434760154,0.0039504835890351586
american_put_k100,crr,368,6.0882323940024099,-0.0021385571687089211
american_put_k100,crr,369,6.0942998322510089,0.0039288810798900897
american_put_k100,crr,370,6.0882427912002957,-0.0021281599708231624
american_put_k100,crr,371,6.0942773007637729,0.0039063495926541236
american_put_k100,crr,372,6.0882538377858335,-0.0021171133852853075
american_put_k100,crr,373,6.0942564585858729,0.0038855074147541302
american_put_k100,crr,374,6.0882650314664666,-0.0021059197046522371
american_put_k100,crr,375,6.0942353363083077,0.0038643851371888971
american_put_k100,crr,376,6.0882759157193629,-0.0020950354517559333
american_put_k100,crr,377,6.0942153475915113,0.0038443964203924708
american_put_k100,crr,378,6.0882872776175452,-0.0020836735535736395
american_put_k100,crr,379,6.0941948433119357,0.0038238921408169091
american_put_k100,crr,380,6.0882982960460295,-0.0020726551250893621
american_put_k100,crr,381,6.0941759011431387,0.0038049499720198554
american_put_k100,crr,382,6.0883106303682846,-0.0020603208028342479
american_put_k100,crr,383,6.0941573476654725,0.0037863964943536388
american_put_k100,crr,384,6.0883227799448676,-0.0020481712262512275
american_put_k100,crr,385,6.0941391036121662,0.0037681524410473344
american_put_k100,crr,386,6.0883343483581029,-0.0020366028130158753
american_put_k100,crr,387,6.094120231158529,0.0037492799874101479
american_put_k100,crr,388,6.0883457943490971,-0.0020251568220217564
american_put_k100,crr,389,6.0941022381785563,0.0037312870074375226
american_put_k100,crr,390,6.088356829904777,-0.0020141212663418173
american_put_k100,crr,391,6.0940826514390096,0.0037117002678908051
american_put_k100,crr,392,6.0883673512106569,-0.0020035999604619548
american_put_k100,crr,393,6.0940642330492132,0.0036932818780943677
american_put_k100,crr,394,6.0883767958535078,-0.001994155317611046
american_put_k100,crr,395,6.0940447306844652,0.0036737795133463536
american_put_k100,crr,396,6.0883866369885116,-0.0019843141826072497
american_put_k100,crr,397,6.0940258948186354,0.0036549436475166175
american_put_k100,crr,398,6.0883963890107626,-0.0019745621603561858
american_put_k100,crr,399,6.0940074984542285,0.0036365472831096923
american_put_k100,crr,400,6.0884058970390651,-0.0019650541320537229
american_put_k100,crr_averaged,10,6.1090135231433473,0.018642571972228517
american_put_k100,crr_averaged,11,6.1161600662586197,0.025789115087500925
american_put_k100,crr_averaged,12,6.1042420975204355,0.013871146349316632
american_put_k100,crr_averaged,13,6.1076233108340894,0.017252359662970562
american_put_k100,crr_averaged,14,6.1027896200404861,0.012418668869367266
american_put_k100,crr_averaged,15,6.1088415950260275,0.018470643854908708
american_put_k100,crr_averaged,16,6.1051668534624426,0.01479590229132377
american_put_k100,crr_averaged,17,6.1090640555324018,0.018693104361283019
american_put_k100,crr_averaged,18,6.104093353011562,0.013722401840443155
american_put_k100,crr_averaged,19,6.1051384502416726,0.014767499070553747
american_put_k100,crr_averaged,20,6.1006874770083055,0.010316525837186674
american_put_k100,crr_averaged,21,6.1023458827561168,0.011974931584997961
american_put_k100,crr_averaged,22,6.1000496124093537,0.0096786612382349091
american_put_k100,crr_averaged,23,6.1020116433424931,0.011640692171374312
american_put_k100,crr_averaged,24,6.1003646968544114,0.0099937456832925875
american_put_k100,crr_averaged,25,6.1025590390010001,0.012188087829881233
american_put_k100,crr_averaged,26,6.1009270942752973,0.010556143104178517
american_put_k100,crr_averaged,27,6.1022322560440108,0.011861304872891942
american_put_k100,crr_averaged,28,6.1000043466362577,0.0096333954651388609
american_put_k100,crr_averaged,29,6.1004433480963272,0.010072396925208338
american_put_k100,crr_averaged,30,6.0984819077977432,0.0081109566266244215
american_put_k100,crr_averaged,31,6.0990981988732544,0.008727247702135621
american_put_k100,crr_averaged,32,6.0979129058744563,0.0075419547033375167
american_put_k100,crr_averaged,33,6.0988696967397305,0.008498745568611632
american_put_k100,crr_averaged,34,6.097899158565367,0.0075282073942481986
american_put_k100,crr_averaged,35,6.0987791655901482,0.0084082144190293917
american_put_k100,crr_averaged,36,6.0979342166996267,0.0075632655285078343
american_put_k100,crr_averaged,37,6.0987369286987674,0.0083659775276485604
american_put_k100,crr_averaged,38,6.0977382856923112,0.0073673345211924257
american_put_k100,crr_averaged,39,6.0981453879692777,0.0077744367981589235
american_put_k100,crr_averaged,40,6.0969351979483113,0.0065642467771924728
american_put_k100,crr_averaged,41,6.0971431377720391,0.0067721866009202714
american_put_k100,crr_averaged,42,6.0962118691914231,0.0058409180203042865
american_put_k100,crr_averaged,43,6.096534096692487,0.0061631455213682074
american_put_k100,crr_averaged,44,6.0958334386840409,0.0054624875129221095
american_put_k100,crr_averaged,45,6.0963204777857225,0.005949526614603684
american_put_k100,crr_averaged,46,6.0957773278199241,0.0054063766488052778
american_put_k100,crr_averaged,47,6.0962296205853583,0.0058586694142395146
american_put_k100,crr_averaged,48,6.0957463884165808,0.005375437245461967
american_put_k100,crr_averaged,49,6.0962674959831116,0.0058965448119927544
american_put_k100,crr_averaged,50,6.0958413271204055,0.0054703759492866766
american_put_k100,crr_averaged,51,6.0962517049034757,0.0058807537323568582
american_put_k100,crr_averaged,52,6.0956992363368565,0.0053282851657376895
american_put_k100,crr_averaged,53,6.0959583919902895,0.0055874408191707303
american_put_k100,crr_averaged,54,6.0954227556990972,0.0050518045279783763
american_put_k100,crr_averaged,55,6.0956278759008553,0.0052569247297364896
american_put_k100,crr_averaged,56,6.0951403973923348,0.0047694462212160005
american_put_k100,crr_averaged,57,6.0953371634820082,0.0049662123108893397
american_put_k100,crr_averaged,58,6.0949013483476646,0.0045303971765457973
american_put_k100,crr_averaged,59,6.0951590147267485,0.0047880635556296625
american_put_k100,crr_averaged,60,6.094836678305712,0.0044657271345931449
american_put_k100,crr_averaged,61,6.0951039036291128,0.0047329524579939886
american_put_k100,crr_averaged,62,6.094811553436605,0.0044406022654861488
american_put_k100,crr_averaged,63,6.0951142825853522,0.0047433314142333316
american_put_k100,crr_averaged,64,6.0948346646079559,0.0044637134368370468
american_put_k100,crr_averaged,65,6.0950612928441492,0.004690341673030396
american_put_k100,crr_averaged,66,6.0947338807614422,0.0043629295903233611
american_put_k100,crr_averaged,67,6.0949209202526404,0.0045499690815216098
american_put_k100,crr_averaged,68,6.0945918531891099,0.0042209020179910794
american_put_k100,crr_averaged,69,6.0947258629459826,0.0043549117748638011
american_put_k100,crr_averaged,70,6.0943796002434016,0.0040086490722828216
american_put_k100,crr_averaged,71,6.0944967124656513,0.0041257612945324595
american_put_k100,crr_averaged,72,6.0942098386109373,0.003838887439818528
american_put_k100,crr_averaged,73,6.0943410062608034,0.003970055089684621
american_put_k100,crr_averaged,74,6.0940822951889047,0.0037113440177858337
american_put_k100,crr_averaged,75,6.0942306941992417,0.003859743028122864
american_put_k100,crr_averaged,76,6.0939967151288146,0.0036257639576957601
american_put_k100,crr_averaged,77,6.0941603998250091,0.0037894486538903038
american_put_k100,crr_averaged,78,6.0939844214763959,0.0036134703052770334
american_put_k100,crr_averaged,79,6.09417292568022,0.0038019745091011359
american_put_k100,crr_averaged,80,6.0939945907032413,0.0036236395321225245
american_put_k100,crr_averaged,81,6.0941597896749524,0.0037888385038336025
american_put_k100,crr_averaged,82,6.0939763689780868,0.0036054178069679921
american_put_k100,crr_averaged,83,6.0941017156380948,0.0037307644669759554
american_put_k100,crr_averaged,84,6.093875499775713,0.0035045486045941487
american_put_k100,crr_averaged,85,6.093973102405899,0.0036021512347801377
american_put_k100,crr_averaged,86,6.0937762246691838,0.0034052734980649646
american_put_k100,crr_averaged,87,6.093873677104769,0.003502725933650197
american_put_k100,crr_averaged,88,6.093676507459878,0.0033055562887591705
american_put_k100,crr_averaged,89,6.0937587222273164,0.003387771056197586
american_put_k100,crr_averaged,90,6.0935723162676325,0.0032013650965136975
american_put_k100,crr_averaged,91,6.0936706171128439,0.0032996659417250385
american_put_k100,crr_averaged,92,6.0935108290375251,0.0031398778664062377
american_put_k100,crr_averaged,93,6.0936035961049981,0.003232644933879314
american_put_k100,crr_averaged,94,6.0934605414661203,0.0030895902950014431
american_put_k100,crr_averaged,95,6.0935809984761864,0.003210047305067576
american_put_k100,crr_averaged,96,6.0934626265176233,0.0030916753465044522
american_put_k100,crr_averaged,97,6.0935892328844679,0.003218281713349036
american_put_k100,crr_averaged,98,6.0934797041613527,0.0031087529902338318
american_put_k100,crr_averaged,99,6.0935913832697004,0.0032204320985815826
american_put_k100,crr_averaged,100,6.0934607317835869,0.0030897806124681182
american_put_k100,crr_averaged,101,6.0935477748046214,0.003176823633502579
american_put_k100,crr_averaged,102,6.0934112262400806,0.0030402750689617619
american_put_k100,crr_averaged,103,6.0934848000392243,0.0031138488681055065
american_put_k100,crr_averaged,104,6.0933383279470625,0.0029673767759437197
american_put_k100,crr_averaged,105,6.0933936366605508,0.0030226854894319644
american_put_k100,crr_averaged,106,6.0932548947488687,0.0028839435777499034
american_put_k100,crr_averaged,107,6.0933158709947683,0.0029449198236495278
american_put_k100,crr_averaged,108,6.0931787456098441,0.0028077944387252529
american_put_k100,crr_averaged,109,6.0932293399139077,0.0028583887427888754
american_put_k100,crr_averaged,110,6.0931073667970219,0.0027364156259030992
american_put_k100,crr_averaged,111,6.0931743668104401,0.0028034156393212939
american_put_k100,crr_averaged,112,6.093068526491856,0.0026975753207372222
american_put_k100,crr_averaged,113,6.0931382039906232,0.0027672528195044066
american_put_k100,crr_averaged,114,6.0930313508656075,0.0026603996944887243
american_put_k100,crr_averaged,115,6.0930971520610324,0.0027262008899135992
american_put_k100,crr_averaged,116,6.0930039342763607,0.0026329831052418484
american_put_k100,crr_averaged,117,6.093071343859088,0.0027003926879691775
american_put_k100,crr_averaged,118,6.0929722548484095,0.0026013036772907228
american_put_k100,crr_averaged,119,6.0930359470168884,0.0026649958457696243
american_put_k100,crr_averaged,120,6.0929448578899166,0.0025739067187977582
american_put_k100,crr_averaged,121,6.0930081193273988,0.002637168156280012
american_put_k100,crr_averaged,122,6.0929195007287866,0.0025485495576678119
american_put_k100,crr_averaged,123,6.0929808347699641,0.0026098835988452862
american_put_k100,crr_averaged,124,6.0928870870397436,0.0025161358686247581
american_put_k100,crr_averaged,125,6.0929303205749052,0.0025593694037864267
american_put_k100,crr_averaged,126,6.0928270250590586,0.0024560738879397803
american_put_k100,crr_averaged,127,6.0928644644862837,0.0024935133151648969
american_put_k100,crr_averaged,128,6.0927670623666019,0.0023961111954831082
american_put_k100,crr_averaged,129,6.0928063527295517,0.0024354015584329147
american_put_k100,crr_averaged,130,6.0927120532257373,0.0023411020546184602
american_put_k100,crr_averaged,131,6.0927528916778311,0.0023819405067122545
american_put_k100,crr_averaged,132,6.0926736993593043,0.0023027481881854328
american_put_k100,crr_averaged,133,6.0927210157270615,0.0023500645559426658
american_put_k100,crr_averaged,134,6.0926433512578315,0.0022724000867127003
american_put_k100,crr_averaged,135,6.0926900805790556,0.0023191294079367708
american_put_k100,crr_averaged,136,6.0926229893761406,0.0022520382050217336
american_put_k100,crr_averaged,137,6.0926767566685012,0.0023058054973823516
american_put_k100,crr_averaged,138,6.0926125283236923,0.0022415771525734485
american_put_k100,crr_averaged,139,6.0926632584454898,0.0022923072743710193
american_put_k100,crr_averaged,140,6.0925938853846873,0.0022229342135684504
american_put_k100,crr_averaged,141,6.0926379208860455,0.002266969714926681
american_put_k100,crr_averaged,142,6.092573283731177,0.0022023325600581956
american_put_k100,crr_averaged,143,6.0926174523892502,0.0022465012181314137
american_put_k100,crr_averaged,144,6.0925488108646046,0.0021778596934858285
american_put_k100,crr_averaged,145,6.0925908855818296,0.0022199344107107777
american_put_k100,crr_averaged,146,6.0925255067982116,0.002154555627092769
american_put_k100,crr_averaged,147,6.092562215191947,0.0021912640208281431
american_put_k100,crr_averaged,148,6.0924937498652003,0.0021227986940814958
american_put_k100,crr_averaged,149,6.0925261728791549,0.0021552217080360592
american_put_k100,crr_averaged,150,6.0924584329865699,0.0020874818154510422
american_put_k100,crr_averaged,151,6.0924863501066486,0.0021153989355298108
american_put_k100,crr_averaged,152,6.092413860381602,0.0020429092104832236
american_put_k100,crr_averaged,153,6.0924395728066436,0.0020686216355247922
american_put_k100,crr_averaged,154,6.092377511015636,0.0020065598445171418
american_put_k100,crr_averaged,155,6.0924100352020671,0.0020390840309483238
american_put_k100,crr_averaged,156,6.0923511286769267,0.001980177505807923
american_put_k100,crr_averaged,157,6.0923824457488891,0.0020114945777702786
american_put_k100,crr_averaged,158,6.0923252042862677,0.0019542531151488518
american_put_k100,crr_averaged,159,6.0923589802863667,0.0019880291152478691
american_put_k100,crr_averaged,160,6.0923064605397155,0.0019355093685966551
american_put_k100,crr_averaged,161,6.092340533956401,0.0019695827852821424
american_put_k100,crr_averaged,162,6.0922933453811279,0.0019223942100090596
american_put_k100,crr_averaged,163,6.0923330134257565,0.0019620622546376865
american_put_k100,crr_averaged,164,6.0922865199346088,0.0019155687634899721
american_put_k100,crr_averaged,165,6.0923204592986693,0.0019495081275504589
american_put_k100,crr_averaged,166,6.0922725256303316,0.0019015744592127959
american_put_k100,crr_averaged,167,6.0923043049821892,0.001933353811070404
american_put_k100,crr_averaged,168,6.0922544236428955,0.0018834724717766704
american_put_k100,crr_averaged,169,6.0922859256214874,0.0019149744503685895
american_put_k100,crr_averaged,170,6.092238043385545,0.0018670922144261581
american_put_k100,crr_averaged,171,6.0922635972797439,0.0018926461086250512
american_put_k100,crr_averaged,172,6.0922106218661405,0.0018396706950216668
american_put_k100,crr_averaged,173,6.0922346413109238,0.0018636901398050298
american_put_k100,crr_averaged,174,6.092185022202969,0.0018140710318501618
american_put_k100,crr_averaged,175,6.0922066620130444,0.0018357108419255752
american_put_k100,crr_averaged,176,6.0921547408346468,0.0017837896635279904
american_put_k100,crr_averaged,177,6.0921750592814776,0.0018041081103588041
american_put_k100,crr_averaged,178,6.0921260271031237,0.001755075932004857
american_put_k100,crr_averaged,179,6.0921476837855089,0.0017767326143900419
american_put_k100,crr_averaged,180,6.0921022232877879,0.0017312721166691247
american_put_k100,crr_averaged,181,6.0921281736332071,0.0017572224620883148
american_put_k100,crr_averaged,182,6.0920879158853776,0.0017169647142587507
american_put_k100,crr_averaged,183,6.0921133078555716,0.0017423566844527727
american_put_k100,crr_averaged,184,6.0920727871026301,0.0017018359315112974
american_put_k100,crr_averaged,185,6.0920983369255257,0.001727385754406896
american_put_k100,crr_averaged,186,6.0920605378145094,0.0016895866433905837
american_put_k100,crr_averaged,187,6.0920879392423917,0.0017169880712728514
american_put_k100,crr_averaged,188,6.0920529259062182,0.0016819747350993453
american_put_k100,crr_averaged,189,6.0920795073430636,0.0017085561719447639
american_put_k100,crr_averaged,190,6.092043331988533,0.0016723808174141652
american_put_k100,crr_averaged,191,6.0920695918403887,0.0016986406692698353
american_put_k100,crr_averaged,192,6.0920326818039552,0.0016617306328363668
american_put_k100,crr_averaged,193,6.0920537280753724,0.0016827769042535579
american_put_k100,crr_averaged,194,6.0920144797733986,0.0016435286022797868
american_put_k100,crr_averaged,195,6.0920356739494537,0.0016647227783348484
american_put_k100,crr_averaged,196,6.0919972996808713,0.0016263485097525177
american_put_k100,crr_averaged,197,6.0920158871387731,0.0016449359676542485
american_put_k100,crr_averaged,198,6.0919759435733685,0.0016049924022496498
american_put_k100,crr_averaged,199,6.0919923267759986,0.0016213756048797379
american_put_k100,crr_averaged,200,6.0919519323886666,0.0015809812175477944
american_put_k100,crr_averaged,201,6.0919684128789768,0.0015974617078580167
american_put_k100,crr_averaged,202,6.0919314848447463,0.0015605336736275177
american_put_k100,crr_averaged,203,6.0919487163233681,0.0015777651522492775
american_put_k100,crr_averaged,204,6.0919103111378279,0.0015393599667090641
american_put_k100,crr_averaged,205,6.0919246337794313,0.0015536826083124566
american_put_k100,crr_averaged,206,6.0918879391965293,0.0015169880254104484
american_put_k100,crr_averaged,207,6.0919037479629328,0.0015327967918139507
american_put_k100,crr_averaged,208,6.0918673736710787,0.0014964224999598486
american_put_k100,crr_averaged,209,6.0918820384628987,0.0015110872917798446
american_put_k100,crr_averaged,210,6.0918468486043196,0.0014758974332007568
american_put_k100,crr_averaged,211,6.0918635772472687,0.0014926260761498611
american_put_k100,crr_averaged,212,6.0918324370093142,0.0014614858381953866
american_put_k100,crr_averaged,213,6.0918511233184569,0.001480172147338088
american_put_k100,crr_averaged,214,6.091822218489674,0.0014512673185551606
american_put_k100,crr_averaged,215,6.0918425219377559,0.0014715707666370648
american_put_k100,crr_averaged,216,6.0918142439151906,0.0014432927440717336
american_put_k100,crr_averaged,217,6.0918334433777757,0.0014624922066568402
american_put_k100,crr_averaged,218,6.091805379588056,0.0014344284169371946
american_put_k100,crr_averaged,219,6.0918252995427276,0.001454348371608738
american_put_k100,crr_averaged,220,6.0917995358885992,0.0014285847174804189
american_put_k100,crr_averaged,221,6.0918197758675419,0.0014488246964230456
american_put_k100,crr_averaged,222,6.0917924555180187,0.0014215043468999156
american_put_k100,crr_averaged,223,6.091808795320599,0.0014378441494802274
american_put_k100,crr_averaged,224,6.0917800776626372,0.0014091264915183643
american_put_k100,crr_averaged,225,6.0917953765808495,0.0014244254097306452
american_put_k100,crr_averaged,226,6.0917651968054614,0.0013942456343425391
american_put_k100,crr_averaged,227,6.0917788051459052,0.0014078539747863772
american_put_k100,crr_averaged,228,6.0917499342705286,0.0013789830994097585
american_put_k100,crr_averaged,229,6.0917642740756088,0.0013933229044900131
american_put_k100,crr_averaged,230,6.0917352608808457,0.0013643097097268964
american_put_k100,crr_averaged,231,6.0917483857034913,0.0013774345323724901
american_put_k100,crr_averaged,232,6.09172023948841,0.0013492883172911974
american_put_k100,crr_averaged,233,6.0917323310621638,0.0013613798910450114
american_put_k100,crr_averaged,234,6.0917045217738366,0.0013335706027177707
american_put_k100,crr_averaged,235,6.0917191345209378,0.0013481833498190099
american_put_k100,crr_averaged,236,6.0916939978980418,0.0013230467269229607
american_put_k100,crr_averaged,237,6.0917082520655486,0.0013373008944297382
american_put_k100,crr_averaged,238,6.0916819318917952,0.0013109807206763691
american_put_k100,crr_averaged,239,6.0916946121571556,0.0013236609860367565
american_put_k100,crr_averaged,240,6.0916704935944903,0.0012995424233714914
american_put_k100,crr_averaged,241,6.0916853286712502,0.001314377500131414
american_put_k100,crr_averaged,242,6.0916619731107797,0.0012910219396609079
american_put_k100,crr_averaged,243,6.0916776683549854,0.0013067171838665459
american_put_k100,crr_averaged,244,6.0916565522468913,0.001285601075772469
american_put_k100,crr_averaged,245,6.0916730024891796,0.0013020513180608262
american_put_k100,crr_averaged,246,6.0916525857310635,0.0012816345599446777
american_put_k100,crr_averaged,247,6.0916683581406401,0.0012974069695212975
american_put_k100,crr_averaged,248,6.0916470720795131,0.0012761209083942404
american_put_k100,crr_averaged,249,6.0916626528435343,0.0012917016724154351
american_put_k100,crr_averaged,250,6.091641344838882,0.0012703936677631589
american_put_k100,crr_averaged,251,6.0916543782036605,0.0012834270325416952
american_put_k100,crr_averaged,252,6.0916324698737441,0.0012615187026252528
american_put_k100,crr_averaged,253,6.0916468594473052,0.0012759082761863993
american_put_k100,crr_averaged,254,6.0916252923873007,0.0012543412161818424
american_put_k100,crr_averaged,255,6.0916373882008656,0.0012664370297468253
american_put_k100,crr_averaged,256,6.0916149256294414,0.0012439744583225831
american_put_k100,crr_averaged,257,6.0916259563943198,0.001255005223200989
american_put_k100,crr_averaged,258,6.0916025201436623,0.0012315689725435064
american_put_k100,crr_averaged,259,6.0916133135540775,0.0012423623829587171
american_put_k100,crr_averaged,260,6.0915910501384243,0.0012200989673054607
american_put_k100,crr_averaged,261,6.0916011884682222,0.0012302372971033648
american_put_k100,crr_averaged,262,6.0915786981080577,0.0012077469369389249
american_put_k100,crr_averaged,263,6.0915891069973611,0.0012181558262422953
american_put_k100,crr_averaged,264,6.0915680175450673,0.0011970663739484522
american_put_k100,crr_averaged,265,6.0915781400505047,0.0012071888793858676
american_put_k100,crr_averaged,266,6.0915565921505817,0.001185640979462832
american_put_k100,crr_averaged,267,6.091567440207406,0.0011964890362872183
american_put_k100,crr_averaged,268,6.0915478630919857,0.0011769119208668855
american_put_k100,crr_averaged,269,6.0915592016518199,0.0011882504807010363
american_put_k100,crr_averaged,270,6.0915404840195855,0.0011695328484666589
american_put_k100,crr_averaged,271,6.0915528848955951,0.0011819337244762806
american_put_k100,crr_averaged,272,6.0915354022314716,0.0011644510603527891
american_put_k100,crr_averaged,273,6.0915478890383747,0.0011769378672559228
american_put_k100,crr_averaged,274,6.0915308717350038,0.0011599205638850307
american_put_k100,crr_averaged,275,6.0915446246856959,0.0011736735145770893
american_put_k100,crr_averaged,276,6.0915288703432608,0.0011579191721420301
american_put_k100,crr_averaged,277,6.0915410080686696,0.0011700568975507863
american_put_k100,crr_averaged,278,6.091523408147582,0.0011524569764631565
american_put_k100,crr_averaged,279,6.0915349864317703,0.0011640352606514526
american_put_k100,crr_averaged,280,6.091517859169687,0.0011469079985682029
american_put_k100,crr_averaged,281,6.0915285550640563,0.0011576038929375088
american_put_k100,crr_averaged,282,6.0915103681135738,0.0011394169424550071
american_put_k100,crr_averaged,283,6.0915204945286057,0.0011495433574868485
american_put_k100,crr_averaged,284,6.0915029618107592,0.0011320106396404128
american_put_k100,crr_averaged,285,6.0915131974448977,0.0011422462737789019
american_put_k100,crr_averaged,286,6.091495811649204,0.0011248604780851323
american_put_k100,crr_averaged,287,6.0915054617196649,0.0011345105485460749
american_put_k100,crr_averaged,288,6.0914887285080681,0.0011177773369492883
american_put_k100,crr_averaged,289,6.0914991649188526,0.0011282137477337528
american_put_k100,crr_averaged,290,6.0914816828280056,0.0011107316568867986
american_put_k100,crr_averaged,291,6.0914900718026397,0.0011191206315208646
american_put_k100,crr_averaged,292,6.0914727760047827,0.0011018248336638337
american_put_k100,crr_averaged,293,6.0914824577789553,0.0011115066078364322
american_put_k100,crr_averaged,294,6.0914657002403843,0.0010947490692654327
american_put_k100,crr_averaged,295,6.0914743752386231,0.0011034240675042994
american_put_k100,crr_averaged,296,6.0914576938216971,0.0010867426505782873
american_put_k100,crr_averaged,297,6.0914660826903493,0.0010951315192304634
american_put_k100,crr_averaged,298,6.0914492765802084,0.0010783254090895866
american_put_k100,crr_averaged,299,6.0914581037094422,0.001087152538323366
american_put_k100,crr_averaged,300,6.0914423959059718,0.0010714447348529887
american_put_k100,crr_averaged,301,6.0914515018538706,0.001080550682751813
american_put_k100,crr_averaged,302,6.0914361432694193,0.0010651920983004715
american_put_k100,crr_averaged,303,6.0914456793700671,0.0010747281989482715
american_put_k100,crr_averaged,304,6.0914314150946183,0.0010604639234994551
american_put_k100,crr_averaged,305,6.0914403178551026,0.0010693666839838301
american_put_k100,crr_averaged,306,6.0914254167575637,0.0010544655864448416
american_put_k100,crr_averaged,307,6.0914350817417464,0.0010641305706275972
american_put_k100,crr_averaged,308,6.091421477331517,0.0010505261603981353
american_put_k100,crr_averaged,309,6.0914314194129098,0.0010604682417909572
american_put_k100,crr_averaged,310,6.0914180723326803,0.0010471211615614706
american_put_k100,crr_averaged,311,6.0914280591784618,0.0010571080073429329
american_put_k100,crr_averaged,312,6.0914151098847631,0.001044158713644272
american_put_k100,crr_averaged,313,6.0914246070515938,0.0010536558804750129
american_put_k100,crr_averaged,314,6.091411062950109,0.0010401117789902159
american_put_k100,crr_averaged,315,6.0914208740400451,0.0010499228689262452
american_put_k100,crr_averaged,316,6.0914084527399366,0.0010375015688177669
american_put_k100,crr_averaged,317,6.0914176823266306,0.0010467311555117931
american_put_k100,crr_averaged,318,6.0914036429339822,0.0010326917628633581
american_put_k100,crr_averaged,319,6.0914114194458033,0.001040468274684514
american_put_k100,crr_averaged,320,6.0913974703861022,0.0010265192149834235
american_put_k100,crr_averaged,321,6.0914049655719094,0.0010340144007905394
american_put_k100,crr_averaged,322,6.0913906113636163,0.0010196601924974402
american_put_k100,crr_averaged,323,6.0913980970295762,0.0010271458584574233
american_put_k100,crr_averaged,324,6.0913840224658315,0.0010130712947127307
american_put_k100,crr_averaged,325,6.0913912238760251,0.0010202727049062332
american_put_k100,crr_averaged,326,6.0913776124864194,0.0010066613153005832
american_put_k100,crr_averaged,327,6.0913850601785349,0.001014109007416053
american_put_k100,crr_averaged,328,6.0913714154280152,0.0010004642568963718
american_put_k100,crr_averaged,329,6.0913787355287221,0.0010077843576032919
american_put_k100,crr_averaged,330,6.091365514608432,0.00099456343731318952
american_put_k100,crr_averaged,331,6.0913723662179837,0.0010014150468649063
american_put_k100,crr_averaged,332,6.0913588213525083,0.00098787018138946081
american_put_k100,crr_averaged,333,6.0913659486286749,0.00099499745755604607
american_put_k100,crr_averaged,334,6.0913536420816818,0.00098269091056302216
american_put_k100,crr_averaged,335,6.0913610153010058,0.00099006412988700276
american_put_k100,crr_averaged,336,6.0913485181678597,0.00097756699674089731
american_put_k100,crr_averaged,337,6.0913556227950361,0.00098467162391724372
american_put_k100,crr_averaged,338,6.0913426992699371,0.00097174809881828139
american_put_k100,crr_averaged,339,6.0913493494125666,0.00097839824144774212
american_put_k100,crr_averaged,340,6.0913373803212281,0.00096642915010924924
american_put_k100,crr_averaged,341,6.0913449090021468,0.00097395783102793843
american_put_k100,crr_averaged,342,6.0913330443518863,0.00096209318076745376
american_put_k100,crr_averaged,343,6.0913398841042907,0.00096893293317190654
american_put_k100,crr_averaged,344,6.091328058812759,0.0009571076416401425
american_put_k100,crr_averaged,345,6.0913353825350072,0.00096443136388835171
american_put_k100,crr_averaged,346,6.0913234803580423,0.00095252918692345645
american_put_k100,crr_averaged,347,6.0913299216140899,0.00095897044297110767
american_put_k100,crr_averaged,348,6.0913181757115051,0.00094722454038631554
american_put_k100,crr_averaged,349,6.0913251471106022,0.00095419593948342651
american_put_k100,crr_averaged,350,6.0913138411407601,0.000942889969641314
american_put_k100,crr_averaged,351,6.0913207677328831,0.00094981656176429397
american_put_k100,crr_averaged,352,6.0913094361058464,0.00093848493472759031
american_put_k100,crr_averaged,353,6.0913158708362829,0.00094491966516407899
american_put_k100,crr_averaged,354,6.0913042528004855,0.00093330162936666738
american_put_k100,crr_averaged,355,6.0913106884883419,0.00093973731722307718
american_put_k100,crr_averaged,356,6.0912990961432527,0.00092814497213389302
american_put_k100,crr_averaged,357,6.0913051710259793,0.00093421985486052961
american_put_k100,crr_averaged,358,6.0912936757027829,0.00092272453166408752
american_put_k100,crr_averaged,359,6.0912988913965052,0.00092794022538633669
american_put_k100,crr_averaged,360,6.0912863355645932,0.00091538439347438327
american_put_k100,crr_averaged,361,6.0912917693193958,0.0009208181482769362
american_put_k100,crr_averaged,362,6.0912812282879605,0.00091027711684166235
american_put_k100,crr_averaged,363,6.0912876306320163,0.00091667946089746266
american_put_k100,crr_averaged,364,6.0912767307551139,0.00090577958399506997
american_put_k100,crr_averaged,365,6.0912825236416106,0.0009115724704917838
american_put_k100,crr_averaged,366,6.091271355952343,0.00090040478122421774
american_put_k100,crr_averaged,367,6.0912769143812824,0.00090596321016356285
american_put_k100,crr_averaged,368,6.091266113126709,0.00089516195559014022
american_put_k100,crr_averaged,369,6.0912713117256523,0.00090036055453346364
american_put_k100,crr_averaged,370,6.0912600459820343,0.00088909481091548059
american_put_k100,crr_averaged,371,6.0912655692748032,0.00089461810368440808
american_put_k100,crr_averaged,372,6.0912551481858532,0.00088419701473441137
american_put_k100,crr_averaged,373,6.0912607450261698,0.00088979385505094655
american_put_k100,crr_averaged,374,6.0912501838873876,0.00087923271626877408
american_put_k100,crr_averaged,375,6.0912556260138349,0.0008846748427160378
american_put_k100,crr_averaged,376,6.0912456316554371,0.00087468048431826873
american_put_k100,crr_averaged,377,6.0912513126045287,0.00088036143340985973
american_put_k100,crr_averaged,378,6.0912410604647409,0.00087010929362207889
american_put_k100,crr_averaged,379,6.091246569678983,0.00087561850786421758
american_put_k100,crr_averaged,380,6.0912370985945845,0.00086614742346569074
american_put_k100,crr_averaged,381,6.0912432657557112,0.00087231458459235967
american_put_k100,crr_averaged,382,6.0912339890168781,0.00086303784575925135
american_put_k100,crr_averaged,383,6.09124006380517,0.00086911263405120565
american_put_k100,crr_averaged,384,6.0912309417785169,0.00085999060739805344
american_put_k100,crr_averaged,385,6.0912367259851345,0.00086577481401572953
american_put_k100,crr_averaged,386,6.091227289758316,0.00085633858719713629
american_put_k100,crr_averaged,387,6.091233012753813,0.00086206158269419575
american_put_k100,crr_averaged,388,6.0912240162638263,0.00085306509270743902
american_put_k100,crr_averaged,389,6.0912295340416662,0.00085858287054740856
american_put_k100,crr_averaged,390,6.0912197406718933,0.00084878950077449389
american_put_k100,crr_averaged,391,6.0912250013248332,0.00085405015371442516
american_put_k100,crr_averaged,392,6.091215792129935,0.00084484095881620647
american_put_k100,crr_averaged,393,6.0912205144513605,0.00084956328024166083
american_put_k100,crr_averaged,394,6.091210763268986,0.00083981209786720967
american_put_k100,crr_averaged,395,6.0912156838364879,0.00084473266536910785
american_put_k100,crr_averaged,396,6.0912062659035735,0.00083531473245468391
american_put_k100,crr_averaged,397,6.091211141914699,0.00084019074358021584
american_put_k100,crr_averaged,398,6.0912019437324956,0.00083099256137675326
american_put_k100,crr_averaged,399,6.0912066977466468,0.0008357465755279847
american_put_k100,crr_averaged,400,6.09119723791287,0.00082628674175122541
american_put_k100,leisen_reimer,11,6.0528168789134886,-0.037554072257630189
american_put_k100,leisen_reimer,13,6.0536572229942136,-0.036713728176905214
american_put_k100,leisen_reimer,15,6.0620596712927526,-0.028311279878366236
american_put_k100,leisen_reimer,17,6.0688892665026923,-0.021481684668426482
american_put_k100,leisen_reimer,19,6.0701730748029998,-0.020197876368118983
american_put_k100,leisen_reimer,21,6.0700669965553349,-0.020303954615783937
american_put_k100,leisen_reimer,23,6.0728091990301198,-0.017561752140998976
american_put_k100,leisen_reimer,25,6.0756675776849978,-0.014703373486121052
american_put_k100,leisen_reimer,27,6.0777204883649487,-0.012650462806170104
american_put_k100,leisen_reimer,29,6.0777790381892629,-0.012591912981855913
american_put_k100,leisen_reimer,31,6.0778093700580209,-0.012561581113097908
american_put_k100,leisen_reimer,33,6.0788112516010129,-0.011559699570105941
american_put_k100,leisen_reimer,35,6.0799401693441872,-0.010430781826931579
american_put_k100,leisen_reimer,37,6.0809750113377081,-0.0093959398334106936
american_put_k100,leisen_reimer,39,6.0814568274511087,-0.0089141237200101031
american_put_k100,leisen_reimer,41,6.0812527241095591,-0.0091182270615597361
american_put_k100,leisen_reimer,43,6.0813532666173771,-0.0090176845537417449
american_put_k100,leisen_reimer,45,6.0817794378375414,-0.0085915133335774385
american_put_k100,leisen_reimer,47,6.0823950075449975,-0.0079759436261213068
american_put_k100,leisen_reimer,49,6.0829884415002313,-0.0073825096708874938
american_put_k100,leisen_reimer,51,6.0835724303346588,-0.0067985208364600425
american_put_k100,leisen_reimer,53,6.0837717014806394,-0.0065992496904794251
american_put_k100,leisen_reimer,55,6.083905255464451,-0.0064656957066677734
american_put_k100,leisen_reimer,57,6.0840303904847683,-0.0063405606863504715
american_put_k100,leisen_reimer,59,6.0841844799571447,-0.0061864712139740874
american_put_k100,leisen_reimer,61,6.0845205579691513,-0.0058503932019675631
american_put_k100,leisen_reimer,63,6.0848580013729006,-0.0055129497982182585
american_put_k100,leisen_reimer,65,6.085162511614846,-0.0052084395562728147
american_put_k100,leisen_reimer,67,6.0853148351522162,-0.0050561160189026566
american_put_k100,leisen_reimer,69,6.0854223496920596,-0.0049486014790591781
american_put_k100,leisen_reimer,71,6.0854399126112995,-0.0049310385598193562
american_put_k100,leisen_reimer,73,6.0855388623303348,-0.0048320888407840101
american_put_k100,leisen_reimer,75,6.085664829640363,-0.0047061215307557802
american_put_k100,leisen_reimer,77,6.0858149184418053,-0.0045560327293134861
american_put_k100,leisen_reimer,79,6.0860411458700145,-0.0043298053011042725
american_put_k100,leisen_reimer,81,6.0862346531206368,-0.0041362980504819902
american_put_k100,leisen_reimer,83,6.0863886643222571,-0.0039822868488617047
american_put_k100,leisen_reimer,85,6.0864431672332096,-0.0039277839379092683
american_put_k100,leisen_reimer,87,6.08652672393284,-0.003844227238278819
american_put_k100,leisen_reimer,89,6.0865803116573378,-0.0037906395137810023
american_put_k100,leisen_reimer,91,6.0866326139504237,-0.0037383372206951648
american_put_k100,leisen_reimer,93,6.0867276138466089,-0.0036433373245099432
american_put_k100,leisen_reimer,95,6.0868430908618079,-0.0035278603093109595
american_put_k100,leisen_reimer,97,6.0869875281747374,-0.0033834229963813911
american_put_k100,leisen_reimer,99,6.0871307039854932,-0.0032402471856256554
american_put_k100,leisen_reimer,101,6.0872221494815104,-0.0031488016896084048
american_put_k100,leisen_reimer,103,6.087285466567165,-0.0030854846039538586
american_put_k100,leisen_reimer,105,6.0873168703804712,-0.0030540807906476175
american_put_k100,leisen_reimer,107,6.0873504565171261,-0.003020494653992678
american_put_k100,leisen_reimer,109,6.0873766104029929,-0.0029943407681258805
american_put_k100,leisen_reimer,111,6.0874193681333715,-0.0029515830377473407
american_put_k100,leisen_reimer,113,6.087483959748174,-0.0028869914229447957
american_put_k100,leisen_reimer,115,6.0875405849887958,-0.0028303661823230186
american_put_k100,leisen_reimer,117,6.0876115319602953,-0.002759419210823566
american_put_k100,leisen_reimer,119,6.0876682069700045,-0.002702744201114271
american_put_k100,leisen_reimer,121,6.0877329737244299,-0.0026379774466889216
american_put_k100,leisen_reimer,123,6.0877929598113134,-0.0025779913598054094
american_put_k100,leisen_reimer,125,6.0878340630424059,-0.0025368881287128886
american_put_k100,leisen_reimer,127,6.087845867696192,-0.0025250834749268591
american_put_k100,leisen_reimer,129,6.0878643624422972,-0.0025065887288215905
american_put_k100,leisen_reimer,131,6.0878846419873467,-0.0024863091837721285
american_put_k100,leisen_reimer,133,6.0879300570496326,-0.0024408941214861812
american_put_k100,leisen_reimer,135,6.0879678447734165,-0.0024031063977023592
american_put_k100,leisen_reimer,137,6.0880233319212689,-0.0023476192498499415
american_put_k100,leisen_reimer,139,6.0880773191119779,-0.0022936320591409043
american_put_k100,leisen_reimer,141,6.0881180780613384,-0.0022528731097803956
american_put_k100,leisen_reimer,143,6.0881638121995243,-0.0022071389715945244
american_put_k100,leisen_reimer,145,6.0881990432574753,-0.0021719079136435226
american_put_k100,leisen_reimer,147,6.0882316679870776,-0.0021392831840412185
american_put_k100,leisen_reimer,149,6.0882541160704768,-0.0021168351006419783
american_put_k100,leisen_reimer,151,6.0882728281068461,-0.0020981230642727056
american_put_k100,leisen_reimer,153,6.0882791704549382,-0.0020917807161806579
american_put_k100,leisen_reimer,155,6.0883022880012145,-0.0020686631699042834
american_put_k100,leisen_reimer,157,6.0883272130045665,-0.0020437381665523446
american_put_k100,leisen_reimer,159,6.0883538353643436,-0.002017115806775216
american_put_k100,leisen_reimer,161,6.0883869100318568,-0.0019840411392619828
american_put_k100,leisen_reimer,163,6.088425814367957,-0.0019451368031617733
american_put_k100,leisen_reimer,165,6.0884636033502311,-0.0019073478208877503
american_put_k100,leisen_reimer,167,6.0884951419692612,-0.0018758092018575923
american_put_k100,leisen_reimer,169,6.0885194308037178,-0.0018515203674009939
american_put_k100,leisen_reimer,171,6.0885449253633936,-0.0018260258077251734
american_put_k100,leisen_reimer,173,6.0885588354518667,-0.0018121157192521054
american_put_k100,leisen_reimer,175,6.0885749558739466,-0.0017959952971722259
american_put_k100,leisen_reimer,177,6.0885828560547903,-0.0017880951163284919
american_put_k100,leisen_reimer,179,6.0885951564250416,-0.0017757947460772527
american_put_k100,leisen_reimer,181,6.0886127890328705,-0.0017581621382483092
american_put_k100,leisen_reimer,183,6.0886386686201188,-0.0017322825509999973
american_put_k100,leisen_reimer,185,6.0886602777611776,-0.0017106734099412435
american_put_k100,leisen_reimer,187,6.0886857311489315,-0.0016852200221872948
american_put_k100,leisen_reimer,189,6.0887146952325573,-0.0016562559385615572
american_put_k100,leisen_reimer,191,6.0887383917836724,-0.0016325593874464417
american_put_k100,leisen_reimer,193,6.0887600489364404,-0.001610902234678413
american_put_k100,leisen_reimer,195,6.0887743856741121,-0.0015965654970067078
american_put_k100,leisen_reimer,197,6.0887898201796897,-0.0015811309914290916
american_put_k100,leisen_reimer,199,6.0887989720217064,-0.001571979149412428
american_put_k100,leisen_reimer,201,6.0888057445673143,-0.0015652066038045476
american_put_k100,leisen_reimer,203,6.088817032719172,-0.0015539184519468563
american_put_k100,leisen_reimer,205,6.0888246150847314,-0.0015463360863874342
american_put_k100,leisen_reimer,207,6.088832637053736,-0.0015383141173828108
american_put_k100,leisen_reimer,209,6.0888403677816543,-0.001530583389464546
american_put_k100,leisen_reimer,211,6.0888503387750994,-0.0015206123960194162
american_put_k100,leisen_reimer,213,6.0888662588379221,-0.0015046923331967221
american_put_k100,leisen_reimer,215,6.0888847017849006,-0.0014862493862182191
american_put_k100,leisen_reimer,217,6.0889072314765276,-0.0014637196945912478
american_put_k100,leisen_reimer,219,6.0889252999036643,-0.0014456512674545507
american_put_k100,leisen_reimer,221,6.0889461455069132,-0.0014248056642056639
american_put_k100,leisen_reimer,223,6.0889628520438155,-0.0014080991273033305
american_put_k100,leisen_reimer,225,6.0889745485003566,-0.0013964026707622423
american_put_k100,leisen_reimer,227,6.0889835134391275,-0.0013874377319913478
american_put_k100,leisen_reimer,229,6.0889923341832048,-0.001378616987913972
american_put_k100,leisen_reimer,231,6.0890010532888779,-0.0013698978822409558
american_put_k100,leisen_reimer,233,6.089009117884336,-0.0013618332867828542
american_put_k100,leisen_reimer,235,6.0890186921117415,-0.0013522590593773032
american_put_k100,leisen_reimer,237,6.0890306451744491,-0.0013403059966696773
american_put_k100,leisen_reimer,239,6.0890399417868801,-0.0013310093842386905
american_put_k100,leisen_reimer,241,6.0890524022480097,-0.0013185489231091196
american_put_k100,leisen_reimer,243,6.0890656497313955,-0.0013053014397232943
american_put_k100,leisen_reimer,245,6.0890826180542668,-0.0012883331168520584
american_put_k100,leisen_reimer,247,6.0890992822840033,-0.0012716688871154957
american_put_k100,leisen_reimer,249,6.0891140119239546,-0.0012569392471641905
american_put_k100,leisen_reimer,251,6.0891276357733997,-0.001243315397719158
american_put_k100,leisen_reimer,253,6.089138662387823,-0.0012322887832958429
american_put_k100,leisen_reimer,255,6.0891499579624266,-0.0012209932086921782
american_put_k100,leisen_reimer,257,6.0891584624669175,-0.0012124887042013199
american_put_k100,leisen_reimer,259,6.0891639577157628,-0.0012069934553560202
american_put_k100,leisen_reimer,261,6.0891711142284892,-0.0011998369426295952
american_put_k100,leisen_reimer,263,6.0891766493711668,-0.0011943017999520578
american_put_k100,leisen_reimer,265,6.0891854817229625,-0.0011854694481563399
american_put_k100,leisen_reimer,267,6.0891927037729019,-0.001178247398216925
american_put_k100,leisen_reimer,269,6.0892024091214791,-0.0011685420496396759
american_put_k100,leisen_reimer,271,6.0892134529494077,-0.001157498221711073
american_put_k100,leisen_reimer,273,6.0892257690409757,-0.0011451821301431409
american_put_k100,leisen_reimer,275,6.0892382279805677,-0.0011327231905511326
american_put_k100,leisen_reimer,277,6.0892524278313047,-0.0011185233398141037
american_put_k100,leisen_reimer,279,6.0892620546491454,-0.0011088965219734348
american_put_k100,leisen_reimer,281,6.0892725690350531,-0.0010983821360657231
american_put_k100,leisen_reimer,283,6.0892801213524415,-0.0010908298186773635
american_put_k100,leisen_reimer,285,6.089289260629581,-0.0010816905415378386
american_put_k100,leisen_reimer,287,6.0892977662053669,-0.0010731849657519277
american_put_k100,leisen_reimer,289,6.0893065282628314,-0.0010644229082874546
american_put_k100,leisen_reimer,291,6.0893131885108023,-0.0010577626603165413
american_put_k100,leisen_reimer,293,6.089319282273145,-0.001051668897973812
american_put_k100,leisen_reimer,295,6.0893263250437544,-0.0010446261273644453
american_put_k100,leisen_reimer,297,6.089332801189026,-0.0010381499820928397
american_put_k100,leisen_reimer,299,6.0893381723870883,-0.0010327787840305191
american_put_k100,leisen_reimer,301,6.0893461705594945,-0.0010247806116243652
american_put_k100,leisen_reimer,303,6.0893536720696755,-0.0010172791014433358
american_put_k100,leisen_reimer,305,6.0893628396869754,-0.0010081114841433703
american_put_k100,leisen_reimer,307,6.0893704786877612,-0.0010004724833576617
american_put_k100,leisen_reimer,309,6.0893806564278723,-0.00099029474324652256
american_put_k100,leisen_reimer,311,6.0893902528303752,-0.00098069834074365758
american_put_k100,leisen_reimer,313,6.0894003036547639,-0.00097064751635489444
american_put_k100,leisen_reimer,315,6.0894088536174662,-0.00096209755365261884
american_put_k100,leisen_reimer,317,6.0894191508182427,-0.00095180035287611986
american_put_k100,leisen_reimer,319,6.0894255159081858,-0.00094543526293300317
american_put_k100,leisen_reimer,321,6.0894316826793791,-0.00093926849173975313
american_put_k100,leisen_reimer,323,6.0894367484412495,-0.00093420272986932673
american_put_k100,leisen_reimer,325,6.0894419077395732,-0.00092904343154565083
american_put_k100,leisen_reimer,327,6.08944776161084,-0.00092318956027881427
american_put_k100,leisen_reimer,329,6.0894529283497745,-0.00091802282134434421
american_put_k100,leisen_reimer,331,6.0894584003879269,-0.0009125507831919677
american_put_k100,leisen_reimer,333,6.0894629883449722,-0.00090796282614657997
american_put_k100,leisen_reimer,335,6.0894697150741512,-0.00090123609696757256
american_put_k100,leisen_reimer,337,6.0894754073752111,-0.00089554379590772726
american_put_k100,leisen_reimer,339,6.0894800253336676,-0.00089092583745120635
american_put_k100,leisen_reimer,341,6.0894863354610145,-0.0008846157101043417
american_put_k100,leisen_reimer,343,6.0894926379874619,-0.00087831318365694244
american_put_k100,leisen_reimer,345,6.0894982072426433,-0.00087274392847547233
american_put_k100,leisen_reimer,347,6.089503766665139,-0.00086718450597977892
american_put_k100,leisen_reimer,349,6.0895092287912806,-0.00086172237983817013
american_put_k100,leisen_reimer,351,6.0895154065953658,-0.0008555445757529867
american_put_k100,leisen_reimer,353,6.0895211631655055,-0.00084978800561330559
american_put_k100,leisen_reimer,355,6.089525764064792,-0.00084518710632686123
american_put_k100,leisen_reimer,357,6.0895305611264288,-0.00084039004469005363
american_put_k100,leisen_reimer,359,6.089534727593918,-0.00083622357720081197
american_put_k100,leisen_reimer,361,6.0895365275845466,-0.00083442358657226379
american_put_k100,leisen_reimer,363,6.0895424703770864,-0.0008284807940324157
american_put_k100,leisen_reimer,365,6.0895468741327239,-0.00082407703839493252
american_put_k100,leisen_reimer,367,6.089550637823125,-0.00082031334799381739
american_put_k100,leisen_reimer,369,6.0895546387158106,-0.00081631245530822127
american_put_k100,leisen_reimer,371,6.0895575739372463,-0.00081337723387253646
american_put_k100,leisen_reimer,373,6.0895619653123152,-0.00080898585880362361
american_put_k100,leisen_reimer,375,6.0895658773679155,-0.00080507380320327115
american_put_k100,leisen_reimer,377,6.0895709512133998,-0.0007999999577190664
american_put_k100,leisen_reimer,379,6.089574758091282,-0.00079619307983680443
american_put_k100,leisen_reimer,381,6.0895803396003831,-0.00079061157073567756
american_put_k100,leisen_reimer,383,6.0895857495682346,-0.00078520160288420016
american_put_k100,leisen_reimer,385,6.0895912844709077,-0.0007796667002111235
american_put_k100,leisen_reimer,387,6.0895958197797562,-0.00077513139136264897
american_put_k100,leisen_reimer,389,6.0896010604753972,-0.00076989069572164226
american_put_k100,leisen_reimer,391,6.0896046036101374,-0.00076634756098137302
american_put_k100,leisen_reimer,393,6.0896089770143487,-0.00076197415677015101
american_put_k100,leisen_reimer,395,6.0896121010491218,-0.0007588501219970567
american_put_k100,leisen_reimer,397,6.0896155956189801,-0.00075535555213868122
american_put_k100,leisen_reimer,399,6.089619396479689,-0.00075155469142984543
american_put_k100,bbs,10,6.1202008458576973,0.029829894686578484
american_put_k100,bbs,11,6.1173665024146553,0.026995551243536475
american_put_k100,bbs,12,6.1139838605315431,0.023612909360424261
american_put_k100,bbs,13,6.1072782017868139,0.016907250615695091
american_put_k100,bbs,14,6.110910021015318,0.020539069844199176
american_put_k100,bbs,15,6.1050546683933051,0.01468371722218631
american_put_k100,bbs,16,6.1123023152705258,0.021931364099406991
american_put_k100,bbs,17,6.1091698006117063,0.018798849440587517
american_put_k100,bbs,18,6.1112343210337725,0.020863369862653691
american_put_k100,bbs,19,6.1082362504800827,0.017865299308963856
american_put_k100,bbs,20,6.1080579778322113,0.017687026661092453
american_put_k100,bbs,21,6.1046666391203974,0.014295687949278602
american_put_k100,bbs,22,6.1061544017092624,0.015783450538143562
american_put_k100,bbs,23,6.1043226142955866,0.013951663124467828
american_put_k100,bbs,24,6.1060678956364072,0.015696944465288354
american_put_k100,bbs,25,6.1043394029129487,0.013968451741829924
american_put_k100,bbs,26,6.1061787744213927,0.015807823250273856
american_put_k100,bbs,27,6.1048606217396539,0.014489670568535118
american_put_k100,bbs,28,6.1049874185671502,0.014616467396031396
american_put_k100,bbs,29,6.103776482222651,0.013405531051532193
american_put_k100,bbs,30,6.1031489367126319,0.012777985541513104
american_put_k100,bbs,31,6.1024840057628493,0.01211305459173051
american_put_k100,bbs,32,6.1021033710782122,0.011732419907093394
american_put_k100,bbs,33,6.1017521974097635,0.011381246238644671
american_put_k100,bbs,34,6.1015576384739472,0.011186687302828346
american_put_k100,bbs,35,6.101986681428027,0.011615730256908208
american_put_k100,bbs,36,6.1014272976805577,0.011056346509438875
american_put_k100,bbs,37,6.1019578001174448,0.011586848946326
american_put_k100,bbs,38,6.1010836545222968,0.010712703351178021
american_put_k100,bbs,39,6.1017286520179397,0.011357700846820862
american_put_k100,bbs,40,6.100361894603159,0.0099909434320402113
american_put_k100,bbs,41,6.1008558985355688,0.010484947364449937
american_put_k100,bbs,42,6.0997743500876549,0.0094033989165360765
american_put_k100,bbs,43,6.1000320064723024,0.009661055301183552
american_put_k100,bbs,44,6.0992915206514278,0.0089205694803089486
american_put_k100,bbs,45,6.0996289975731077,0.0092580464019889064
american_put_k100,bbs,46,6.0990587605838718,0.0086878094127529337
american_put_k100,bbs,47,6.099510715759628,0.0091397645885091805
american_put_k100,bbs,48,6.099005340505478,0.0086343893343592271
american_put_k100,bbs,49,6.0993132154954193,0.0089422643243004529
american_put_k100,bbs,50,6.0989887768730151,0.0086178257018962867
american_put_k100,bbs,51,6.0992112407102752,0.0088402895391563874
american_put_k100,bbs,52,6.0987231852025001,0.0083522340313813004
american_put_k100,bbs,53,6.0988537309082798,0.0084827797371609392
american_put_k100,bbs,54,6.0982932544100965,0.0079223032389776904
american_put_k100,bbs,55,6.098426074078251,0.0080551229071321728
american_put_k100,bbs,56,6.0977983308361381,0.0074273796650192736
american_put_k100,bbs,57,6.0981009392697354,0.0077299880986165803
american_put_k100,bbs,58,6.0973997502720252,0.0070287991009063688
american_put_k100,bbs,59,6.0978247753207295,0.0074538241496107105
american_put_k100,bbs,60,6.0972628235744013,0.0068918724032824841
american_put_k100,bbs,61,6.097680588964554,0.0073096377934351864
american_put_k100,bbs,62,6.0971804966778107,0.0068095455066918831
american_put_k100,bbs,63,6.0975887913600202,0.0072178401889013699
american_put_k100,bbs,64,6.0970737688160099,0.0067028176448911125
american_put_k100,bbs,65,6.097503364574461,0.0071324134033421416
american_put_k100,bbs,66,6.0969790445207455,0.0066080933496266425
american_put_k100,bbs,67,6.0972629465938635,0.0068919954227446567
american_put_k100,bbs,68,6.0968135079397987,0.0064425567686798857
american_put_k100,bbs,69,6.0970058623365526,0.0066349111654337989
american_put_k100,bbs,70,6.0965223002231541,0.0061513490520352931
american_put_k100,bbs,71,6.0967375917049083,0.0063666405337894361
american_put_k100,bbs,72,6.0963012725424077,0.0059303213712889047
american_put_k100,bbs,73,6.0965214983186815,0.0061505471475626905
american_put_k100,bbs,74,6.0961178693623594,0.0057469181912406242
american_put_k100,bbs,75,6.0963769284009235,0.006005977229804671
american_put_k100,bbs,76,6.0959948055785285,0.0056238544074096453
american_put_k100,bbs,77,6.0962740398367865,0.0059030886656676884
american_put_k100,bbs,78,6.0959912311242714,0.0056202799531526182
american_put_k100,bbs,79,6.0961937907589991,0.0058228395878803241
american_put_k100,bbs,80,6.0959725057106064,0.0056015545394876298
american_put_k100,bbs,81,6.0961395537582135,0.0057686025870946622
american_put_k100,bbs,82,6.0959449652869413,0.0055740141158224787
american_put_k100,bbs,83,6.0960594063597036,0.0056884551885847401
american_put_k100,bbs,84,6.0958507844263901,0.0054798332552712381
american_put_k100,bbs,85,6.0959188276520901,0.0055478764809713255
american_put_k100,bbs,86,6.0957355785005172,0.0053646273293983526
american_put_k100,bbs,87,6.0957327341140255,0.0053617829429066788
american_put_k100,bbs,88,6.0955684379920658,0.005197486820947006
american_put_k100,bbs,89,6.0955865954845461,0.0052156443134272479
american_put_k100,bbs,90,6.0954178407978192,0.0050468896267004126
american_put_k100,bbs,91,6.0954350431201005,0.0050640919489817193
american_put_k100,bbs,92,6.0953357691952617,0.0049648180241428364
american_put_k100,bbs,93,6.0953357148261214,0.0049647636550025354
american_put_k100,bbs,94,6.0952767619654376,0.0049058107943187323
american_put_k100,bbs,95,6.0952568810804308,0.0048859299093120256
american_put_k100,bbs,96,6.0952439656770583,0.0048730145059394658
american_put_k100,bbs,97,6.095213390724024,0.0048424395529051978
american_put_k100,bbs,98,6.0952163677604076,0.0048454165892888312
american_put_k100,bbs,99,6.0951981749997319,0.0048272238286131142
american_put_k100,bbs,100,6.0951468663603121,0.0047759151891932916
american_put_k100,bbs,101,6.0951738211723709,0.0048028700012521242
american_put_k100,bbs,102,6.0950826357018375,0.004711684530718685
american_put_k100,bbs,103,6.0951085946663373,0.0047376434952184354
american_put_k100,bbs,104,6.0949867799458843,0.004615828774765518
american_put_k100,bbs,105,6.0950181742546317,0.0046472230835128414
american_put_k100,bbs,106,6.0948823135570533,0.0045113623859345253
american_put_k100,bbs,107,6.0949179212450124,0.004546970073893597
american_put_k100,bbs,108,6.0947546267277524,0.0043836755566335484
american_put_k100,bbs,109,6.0948261487460051,0.0044551975748863271
american_put_k100,bbs,110,6.0946672628598044,0.0042963116886856056
american_put_k100,bbs,111,6.0947487399745235,0.0043777888034046697
american_put_k100,bbs,112,6.094590227947835,0.0042192767767161854
american_put_k100,bbs,113,6.0946982502652176,0.004327299094098791
american_put_k100,bbs,114,6.0945216481678957,0.004150696996776837
american_put_k100,bbs,115,6.0946653604904055,0.0042944093192867072
american_put_k100,bbs,116,6.094480399060533,0.0041094478894141417
american_put_k100,bbs,117,6.094627848023892,0.0042568968527731954
american_put_k100,bbs,118,6.0944471178004163,0.0040761666292974397
american_put_k100,bbs,119,6.0945931348705145,0.004222183699395643
american_put_k100,bbs,120,6.0944292675370146,0.0040583163658958199
american_put_k100,bbs,121,6.0945440423625357,0.0041730911914168445
american_put_k100,bbs,122,6.0943979159363728,0.0040269647652539931
american_put_k100,bbs,123,6.0944738995342362,0.0041029483631174202
american_put_k100,bbs,124,6.0943423874525404,0.0039714362814216031
american_put_k100,bbs,125,6.0944106891674075,0.0040397379962886504
american_put_k100,bbs,126,6.0942597770059859,0.003888825834867049
american_put_k100,bbs,127,6.0943328007048132,0.0039618495336943838
american_put_k100,bbs,128,6.0941901958052469,0.0038192446341280828
american_put_k100,bbs,129,6.0942650423133609,0.0038940911422420399
american_put_k100,bbs,130,6.0941228863250547,0.0037519351539359036
american_put_k100,bbs,131,6.0942053780390948,0.0038344268679759708
american_put_k100,bbs,132,6.094064299695729,0.0036933485246102293
american_put_k100,bbs,133,6.0941514226724909,0.0037804715013720624
american_put_k100,bbs,134,6.094002995458724,0.0036320442876052184
american_put_k100,bbs,135,6.0941108626412195,0.0037399114701006653
american_put_k100,bbs,136,6.0939658624935316,0.0035949113224127416
american_put_k100,bbs,137,6.0940716936307995,0.0037007424596806615
american_put_k100,bbs,138,6.0939344427004993,0.0035634915293805136
american_put_k100,bbs,139,6.0940488082158115,0.0036778570446927006
american_put_k100,bbs,140,6.0938949174757848,0.0035239663046660041
american_put_k100,bbs,141,6.094021292909753,0.0036503417386342107
american_put_k100,bbs,142,6.0938708765709837,0.0034999253998648783
american_put_k100,bbs,143,6.0939818234646896,0.0036108722935708215
american_put_k100,bbs,144,6.0938368577061865,0.0034659065350677309
american_put_k100,bbs,145,6.0939355505491859,0.0035645993780670793
american_put_k100,bbs,146,6.0937958330057853,0.0034248818346664933
american_put_k100,bbs,147,6.0938762134976159,0.0035052623264970606
american_put_k100,bbs,148,6.0937464085581601,0.0033754573870412585
american_put_k100,bbs,149,6.0938210681070428,0.003450116935924008
american_put_k100,bbs,150,6.0936928933141328,0.0033219421430139562
american_put_k100,bbs,151,6.0937747388365588,0.0034037876654400279
american_put_k100,bbs,152,6.0936305956035435,0.0032596444324246576
american_put_k100,bbs,153,6.0937239721331551,0.0033530209620362683
american_put_k100,bbs,154,6.0935914130245354,0.0032204618534166229
american_put_k100,bbs,155,6.093677715064902,0.0033067638937831489
american_put_k100,bbs,156,6.0935446196244225,0.0031736684533036907
american_put_k100,bbs,157,6.0936433661686991,0.0032724149975802419
american_put_k100,bbs,158,6.0935101706537491,0.0031392194826302955
american_put_k100,bbs,159,6.0936134293931428,0.0032424782220239479
american_put_k100,bbs,160,6.0934861215638785,0.0031151703927596586
american_put_k100,bbs,161,6.0935896636486575,0.0032187124775386877
american_put_k100,bbs,162,6.0934626136724397,0.0030916625013208687
american_put_k100,bbs,163,6.0935593112191926,0.0031883600480737684
american_put_k100,bbs,164,6.093445552594015,0.0030746014228961727
american_put_k100,bbs,165,6.0935371448238023,0.0031661936526834467
american_put_k100,bbs,166,6.0934258740274769,0.003054922856358111
american_put_k100,bbs,167,6.0935103789196781,0.0031394277485592426
american_put_k100,bbs,168,6.0934066685961934,0.00303571742507458
american_put_k100,bbs,169,6.0934736989962506,0.0031027478251317575
american_put_k100,bbs,170,6.0933808786665615,0.0030099274954427102
american_put_k100,bbs,171,6.0934431151944661,0.0030721640233473124
american_put_k100,bbs,172,6.0933407553575396,0.002969804186420788
american_put_k100,bbs,173,6.0934064105615144,0.0030354593903956228
american_put_k100,bbs,174,6.0933023826895623,0.0029314315184434392
american_put_k100,bbs,175,6.0933696425581552,0.0029986913870363452
american_put_k100,bbs,176,6.0932594009168586,0.0028884497457397629
american_put_k100,bbs,177,6.0933318279676918,0.0029608767965729754
american_put_k100,bbs,178,6.0932279168542021,0.0028569656830832457
american_put_k100,bbs,179,6.0932930473544618,0.0029220961833429371
american_put_k100,bbs,180,6.0932000028498923,0.0028290516787734532
american_put_k100,bbs,181,6.0932582637511157,0.0028873125799968591
american_put_k100,bbs,182,6.0931744140397655,0.0028034628686466334
american_put_k100,bbs,183,6.0932357791830993,0.0028648280119805136
american_put_k100,bbs,184,6.0931428811225601,0.0027719299514412654
american_put_k100,bbs,185,6.0932148336836329,0.0028438825125141065
american_put_k100,bbs,186,6.0931248685705253,0.002753917399406447
american_put_k100,bbs,187,6.0931941776363718,0.0028232264652530148
american_put_k100,bbs,188,6.0931054256733503,0.0027344745022315209
american_put_k100,bbs,189,6.0931768563560462,0.0028059051849274042
american_put_k100,bbs,190,6.0930831429262566,0.0027121917551378161
american_put_k100,bbs,191,6.0931598802949889,0.0027889291238700764
american_put_k100,bbs,192,6.0930613074750219,0.0026903563039031297
american_put_k100,bbs,193,6.0931464227855248,0.0027754716144059444
american_put_k100,bbs,194,6.0930384186201865,0.0026674674490676509
american_put_k100,bbs,195,6.0931214042252488,0.0027504530541300198
american_put_k100,bbs,196,6.0930123780662715,0.0026414268951526765
american_put_k100,bbs,197,6.0930979428002576,0.0027269916291388085
american_put_k100,bbs,198,6.0929829367573367,0.0026119855862178909
american_put_k100,bbs,199,6.0930688217918476,0.0026978706207287928
american_put_k100,bbs,200,6.0929502691703483,0.0025793179992295023
american_put_k100,bbs,201,6.093036174432962,0.0026652232618431526
american_put_k100,bbs,202,6.0929201289227741,0.0025491777516553071
american_put_k100,bbs,203,6.0930067157097483,0.0026357645386294593
american_put_k100,bbs,204,6.0928891541643049,0.0025182029931860583
american_put_k100,bbs,205,6.0929832722357817,0.0026123210646629147
american_put_k100,bbs,206,6.092863493510734,0.0024925423396151558
american_put_k100,bbs,207,6.092956957702329,0.0025860065312102165
american_put_k100,bbs,208,6.0928353785190836,0.0024644273479648149
american_put_k100,bbs,209,6.0929332464010706,0.0025622952299517721
american_put_k100,bbs,210,6.0928152841612206,0.0024443329901018274
american_put_k100,bbs,211,6.0929093197513726,0.0025383685802538025
american_put_k100,bbs,212,6.0928024948854755,0.0024315437143567209
american_put_k100,bbs,213,6.0928871879267366,0.0025162367556177401
american_put_k100,bbs,214,6.0927901386916581,0.0024191875205392677
american_put_k100,bbs,215,6.0928654050830104,0.0024944539118916254
american_put_k100,bbs,216,6.092774583478251,0.0024036323071321419
american_put_k100,bbs,217,6.0928509913489286,0.0024800401778097836
american_put_k100,bbs,218,6.0927629819821387,0.0023920308110199073
american_put_k100,bbs,219,6.0928311267898074,0.0024601756186886092
american_put_k100,bbs,220,6.0927519813974023,0.0023810302262834426
american_put_k100,bbs,221,6.0928115888585914,0.0024406376874726021
american_put_k100,bbs,222,6.092735547676547,0.0023645965054281959
american_put_k100,bbs,223,6.0927956194550577,0.0024246682839388356
american_put_k100,bbs,224,6.0927188801097127,0.0023479289385939239
american_put_k100,bbs,225,6.0927743523905846,0.0024034012194658061
american_put_k100,bbs,226,6.0927000690753728,0.0023291179042539412
american_put_k100,bbs,227,6.0927522748007723,0.0023813236296534868
american_put_k100,bbs,228,6.0926799255188451,0.0023089743477262559
american_put_k100,bbs,229,6.0927266542034353,0.0023557030323164696
american_put_k100,bbs,230,6.0926584710145288,0.0022875198434100241
american_put_k100,bbs,231,6.0927052355796754,0.0023342844085565417
american_put_k100,bbs,232,6.0926357449678399,0.0022647937967210652
american_put_k100,bbs,233,6.0926833770283411,0.0023124258572222445
american_put_k100,bbs,234,6.0926166004502891,0.0022456492791702587
american_put_k100,bbs,235,6.0926621758599779,0.002291224688859117
american_put_k100,bbs,236,6.0925984125450423,0.0022274613739234894
american_put_k100,bbs,237,6.0926447696414288,0.0022738184703099407
american_put_k100,bbs,238,6.0925779323813876,0.0022069812102687436
american_put_k100,bbs,239,6.0926280800206509,0.0022571288495321085
american_put_k100,bbs,240,6.0925663330465412,0.002195381875422342
american_put_k100,bbs,241,6.092608964134671,0.0022380129635521939
american_put_k100,bbs,242,6.0925559689336231,0.0021850177625042377
american_put_k100,bbs,243,6.0925919610193597,0.002221009848240918
american_put_k100,bbs,244,6.0925455029698607,0.0021745517987419305
american_put_k100,bbs,245,6.0925746880491429,0.0022037368780241096
american_put_k100,bbs,246,6.0925354262453588,0.0021644750742400021
american_put_k100,bbs,247,6.0925611594302129,0.0021902082590941063
american_put_k100,bbs,248,6.0925224807643357,0.0021515295932168499
american_put_k100,bbs,249,6.0925479709823351,0.0021770198112163186
american_put_k100,bbs,250,6.0925091785102641,0.00213822733914526
american_put_k100,bbs,251,6.09253580696193,0.0021648557908111599
american_put_k100,bbs,252,6.0924956745425867,0.0021247233714678515
american_put_k100,bbs,253,6.0925172527678786,0.0021463015967597698
american_put_k100,bbs,254,6.092481475448893,0.0021105242777741395
american_put_k100,bbs,255,6.0925016280364499,0.0021306768653310826
american_put_k100,bbs,256,6.0924630363141974,0.0020920851430785703
american_put_k100,bbs,257,6.0924832692183575,0.0021123180472386593
american_put_k100,bbs,258,6.0924436569078741,0.0020727057367553314
american_put_k100,bbs,259,6.0924622746962864,0.0020913235251676099
american_put_k100,bbs,260,6.0924281033757168,0.0020571522045980117
american_put_k100,bbs,261,6.0924447440434486,0.0020737928723297827
american_put_k100,bbs,262,6.0924110752538105,0.0020401240826917189
american_put_k100,bbs,263,6.0924270574315846,0.0020561062604658176
american_put_k100,bbs,264,6.0923961713455377,0.0020252201744188625
american_put_k100,bbs,265,6.0924122759432855,0.002041324772166675
american_put_k100,bbs,266,6.0923808830892678,0.0020099319181490216
american_put_k100,bbs,267,6.0923955555784115,0.002024604407292685
american_put_k100,bbs,268,6.0923689427607801,0.0019979915896612965
american_put_k100,bbs,269,6.0923803193892452,0.0020093682181263617
american_put_k100,bbs,270,6.0923574359042156,0.0019864847330968161
american_put_k100,bbs,271,6.0923677200298263,0.0019967688587074761
american_put_k100,bbs,272,6.0923450424597885,0.0019740912886696549
american_put_k100,bbs,273,6.0923545918221436,0.0019836406510247429
american_put_k100,bbs,274,6.0923355562222827,0.0019646050511639146
american_put_k100,bbs,275,6.0923415234339107,0.0019705722627918476
american_put_k100,bbs,276,6.092325361688002,0.0019544105168831649
american_put_k100,bbs,277,6.0923330874880222,0.0019621363169033401
american_put_k100,bbs,278,6.0923120796401928,0.001941128469074016
american_put_k100,bbs,279,6.092323283613867,0.0019523324427481725
american_put_k100,bbs,280,6.0923000175899888,0.0019290664188700291
american_put_k100,bbs,281,6.0923127805052477,0.0019418293341288972
american_put_k100,bbs,282,6.0922896268215023,0.0019186756503835056
american_put_k100,bbs,283,6.0923011383044692,0.0019301871333503584
american_put_k100,bbs,284,6.0922793985971406,0.0019084474260218087
american_put_k100,bbs,285,6.0922868892724757,0.0019159381013569288
american_put_k100,bbs,286,6.0922691425017348,0.0018981913306159726
american_put_k100,bbs,287,6.0922734881913385,0.0019025370202196967
american_put_k100,bbs,288,6.092256946869643,0.0018859956985242121
american_put_k100,bbs,289,6.0922588332462739,0.0018878820751551117
american_put_k100,bbs,290,6.0922428238031632,0.0018718726320443579
american_put_k100,bbs,291,6.0922445295060701,0.0018735783349512758
american_put_k100,bbs,292,6.0922297376140264,0.0018587864429076006
american_put_k100,bbs,293,6.0922279661714587,0.0018570150003398567
american_put_k100,bbs,294,6.0922165663626808,0.0018456151915620111
american_put_k100,bbs,295,6.0922150340749575,0.0018440829038386397
american_put_k100,bbs,296,6.0922025720674657,0.0018316208963469194
american_put_k100,bbs,297,6.0922022660016584,0.0018313148305395544
american_put_k100,bbs,298,6.0921897284767201,0.0018187773056013157
american_put_k100,bbs,299,6.0921876329754179,0.0018166818042990585
american_put_k100,bbs,300,6.0921789675425675,0.001808016371448673
american_put_k100,bbs,301,6.0921753862055343,0.0018044350344155191
american_put_k100,bbs,302,6.0921681592322976,0.0017972080611787788
american_put_k100,bbs,303,6.092163276266362,0.0017923250952431857
american_put_k100,bbs,304,6.0921582495569053,0.0017872983857865066
american_put_k100,bbs,305,6.0921527225569791,0.0017817713858603312
american_put_k100,bbs,306,6.0921475575307333,0.0017766063596145187
american_put_k100,bbs,307,6.0921412451135808,0.0017702939424619757
american_put_k100,bbs,308,6.0921394457459765,0.0017684945748577263
american_put_k100,bbs,309,6.0921307074537028,0.0017597562825839574
american_put_k100,bbs,310,6.092132139033307,0.0017611878621881516
american_put_k100,bbs,311,6.0921209102940868,0.0017499591229679368
american_put_k100,bbs,312,6.0921235404793066,0.0017525893081877797
american_put_k100,bbs,313,6.092110422834768,0.0017394716636491836
american_put_k100,bbs,314,6.0921155042922823,0.0017445531211635057
american_put_k100,bbs,315,6.0921003313556525,0.0017293801845337242
american_put_k100,bbs,316,6.0921067575147134,0.0017358063435946036
american_put_k100,bbs,317,6.092091852142036,0.0017209009709171497
american_put_k100,bbs,318,6.0920941480129729,0.0017231968418540689
american_put_k100,bbs,319,6.0920828043128035,0.0017118531416846494
american_put_k100,bbs,320,6.0920832198996848,0.0017122687285660021
american_put_k100,bbs,321,6.0920719763143714,0.0017010251432525436
american_put_k100,bbs,322,6.0920731400197408,0.0017021888486219439
american_put_k100,bbs,323,6.0920608801281428,0.0016899289570240228
american_put_k100,bbs,324,6.0920624836963171,0.0016915325251982694
american_put_k100,bbs,325,6.0920494727952672,0.001678521624148388
american_put_k100,bbs,326,6.0920518660641383,0.0016809148930194695
american_put_k100,bbs,327,6.092039512899845,0.0016685617287262033
american_put_k100,bbs,328,6.0920392638482577,0.0016683126771388501
american_put_k100,bbs,329,6.0920286011273586,0.0016576499562397373
american_put_k100,bbs,330,6.0920277564941623,0.0016568053230434643
american_put_k100,bbs,331,6.09201875211616,0.0016478009450411335
american_put_k100,bbs,332,6.0920159983812159,0.0016450472100970615
american_put_k100,bbs,333,6.0920080259705722,0.0016370747994534085
american_put_k100,bbs,334,6.0920061207781107,0.0016351696069918376
american_put_k100,bbs,335,6.0919994176033079,0.0016284664321890574
american_put_k100,bbs,336,6.0919944400629547,0.0016234888918358337
american_put_k100,bbs,337,6.0919907465267649,0.0016197953556460476
american_put_k100,bbs,338,6.0919830899186769,0.0016121387475580562
american_put_k100,bbs,339,6.0919826655010443,0.0016117143299254622
american_put_k100,bbs,340,6.0919749632989717,0.0016040121278528829
american_put_k100,bbs,341,6.0919742336214213,0.0016032824503025012
american_put_k100,bbs,342,6.0919661742898175,0.001595223118698641
american_put_k100,bbs,343,6.0919676687609901,0.0015967175898712327
american_put_k100,bbs,344,6.0919585471231947,0.0015875959520759153
american_put_k100,bbs,345,6.0919594459846298,0.0015884948135109767
american_put_k100,bbs,346,6.0919524280847384,0.0015814769136195395
american_put_k100,bbs,347,6.0919526384289213,0.0015816872578024999
american_put_k100,bbs,348,6.0919459878611848,0.0015750366900659785
american_put_k100,bbs,349,6.0919448030344565,0.0015738518633376941
american_put_k100,bbs,350,6.0919394305480736,0.0015684793769548122
american_put_k100,bbs,351,6.0919377459159607,0.0015667947448418929
american_put_k100,bbs,352,6.0919314605434636,0.0015605093723447538
american_put_k100,bbs,353,6.0919304640514715,0.0015595128803527203
american_put_k100,bbs,354,6.0919237603827305,0.0015528092116117165
american_put_k100,bbs,355,6.0919223128766147,0.0015513617054958573
american_put_k100,bbs,356,6.0919150175230374,0.001544066351918616
american_put_k100,bbs,357,6.0919135811336425,0.0015426299625236339
american_put_k100,bbs,358,6.0919069317411116,0.0015359805699928231
american_put_k100,bbs,359,6.0919058173811731,0.0015348662100542754
american_put_k100,bbs,360,6.0918984933091398,0.0015275421380209764
american_put_k100,bbs,361,6.091896665450923,0.0015257142798041912
american_put_k100,bbs,362,6.0918915316894306,0.0015205805183118315
american_put_k100,bbs,363,6.091887356736267,0.0015164055651482045
american_put_k100,bbs,364,6.0918823510684827,0.0015113998973639298
american_put_k100,bbs,365,6.0918791800167789,0.0015082288456600423
american_put_k100,bbs,366,6.0918736407847263,0.0015026896136074441
american_put_k100,bbs,367,6.0918717650711649,0.0015008139000460829
american_put_k100,bbs,368,6.0918649857412479,0.001494034570129088
american_put_k100,bbs,369,6.0918644889868467,0.0014935378157279189
american_put_k100,bbs,370,6.0918570031474388,0.0014860519763200131
american_put_k100,bbs,371,6.0918572277971714,0.0014862766260526072
american_put_k100,bbs,372,6.0918493153846613,0.0014783642135425268
american_put_k100,bbs,373,6.0918503793708059,0.0014794281996870495
american_put_k100,bbs,374,6.0918424811889622,0.0014715300178433921
american_put_k100,bbs,375,6.0918437798019731,0.0014728286308542948
american_put_k100,bbs,376,6.0918362206718264,0.0014652695007075778
american_put_k100,bbs,377,6.0918378740110564,0.0014669228399375456
american_put_k100,bbs,378,6.0918293877221981,0.0014584365510792452
american_put_k100,bbs,379,6.0918312451297405,0.0014602939586216834
american_put_k100,bbs,380,6.0918248911844586,0.0014539400133397606
american_put_k100,bbs,381,6.0918242671417344,0.0014533159706155985
american_put_k100,bbs,382,6.0918201003002972,0.0014491491291783731
american_put_k100,bbs,383,6.0918187399674366,0.0014477887963177949
american_put_k100,bbs,384,6.0918139873261037,0.0014430361549848669
american_put_k100,bbs,385,6.0918124992928968,0.0014415481217779913
american_put_k100,bbs,386,6.0918083884762879,0.0014374373051690981
american_put_k100,bbs,387,6.0918052923414603,0.0014343411703414688
american_put_k100,bbs,388,6.0918027417533249,0.001431790582206105
american_put_k100,bbs,389,6.0917994324021816,0.0014284812310627615
american_put_k100,bbs,390,6.0917958553717853,0.0014249042006664325
american_put_k100,bbs,391,6.0917931511079129,0.0014221999367940441
american_put_k100,bbs,392,6.0917891576572067,0.0014182064860879251
american_put_k100,bbs,393,6.0917868762857559,0.0014159251146370622
american_put_k100,bbs,394,6.0917820700808356,0.0014111189097167909
american_put_k100,bbs,395,6.0917792980097918,0.0014083468386729692
american_put_k100,bbs,396,6.0917751751483031,0.0014042239771843157
american_put_k100,bbs,397,6.0917714233705063,0.0014004721993874369
american_put_k100,bbs,398,6.0917676323214351,0.0013966811503163257
american_put_k100,bbs,399,6.0917642028367034,0.0013932516655845717
american_put_k100,bbs,400,6.0917595998838205,0.0013886487127017233
american_put_k100,bbs_richardson,10,6.1164433560344351,0.026072404863316301
american_put_k100,bbs_richardson,12,6.1084712551533951,0.018100303982276245
american_put_k100,bbs_richardson,14,6.1152788002790146,0.024907849107895785
american_put_k100,bbs_richardson,16,6.1198986839910843,0.029527732819965458
american_put_k100,bbs_richardson,18,6.1046375021255788,0.014266550954459944
american_put_k100,bbs_richardson,20,6.0959151098067252,0.0055441586356064221
american_put_k100,bbs_richardson,22,6.0949423010038695,0.0045713498327506485
american_put_k100,bbs_richardson,24,6.0981519307412713,0.0077809795701524465
american_put_k100,bbs_richardson,26,6.1050793470559714,0.014708395884852621
american_put_k100,bbs_richardson,28,6.0990648161189824,0.0086938649478636165
american_put_k100,bbs_richardson,30,6.1012432050319587,0.010872253860839898
american_put_k100,bbs_richardson,32,6.0919044268858986,0.0015334757147797973
american_put_k100,bbs_richardson,34,6.093945476336188,0.0035745251650691756
american_put_k100,bbs_richardson,36,6.0916202743273429,0.0012493231562240581
american_put_k100,bbs_richardson,38,6.093931058564511,0.0035601073933921867
american_put_k100,bbs_richardson,40,6.0926658113741068,0.0022948602029879694
american_put_k100,bbs_richardson,42,6.0948820610549124,0.0045111098837935515
american_put_k100,bbs_richardson,44,6.0924286395935932,0.0020576884224743353
american_put_k100,bbs_richardson,46,6.0937949068721569,0.0034239557010380395
american_put_k100,bbs_richardson,48,6.0919427853745489,0.0015718342034301003
american_put_k100,bbs_richardson,50,6.0936381508330815,0.0032671996619626498
american_put_k100,bbs_richardson,52,6.0912675959836076,0.00089664481248874495
american_put_k100,bbs_richardson,54,6.0917258870805391,0.0013549359094202629
american_put_k100,bbs_richardson,56,6.090609243105126,0.00023829193400715099
american_put_k100,bbs_richardson,58,6.0910230183213994,0.00065206715028054418
american_put_k100,bbs_richardson,60,6.0913767104361707,0.0010057592650518643
american_put_k100,bbs_richardson,62,6.0918769875927721,0.0015060364216532562
american_put_k100,bbs_richardson,64,6.0920441665538076,0.0016732153826888307
american_put_k100,bbs_richardson,66,6.0922058916317274,0.0018349404606086139
american_put_k100,bbs_richardson,68,6.0920693774056502,0.0016984262345314249
american_put_k100,bbs_richardson,70,6.0910579190182812,0.00068696784716237858
american_put_k100,bbs_richardson,72,6.0911752474042578,0.00080429623313893472
american_put_k100,bbs_richardson,74,6.0902779386072741,-9.3012563844752094e-05
american_put_k100,bbs_richardson,76,6.0909059566347601,0.00053500546364126933
american_put_k100,bbs_richardson,78,6.0902538102306032,-0.0001171409405156254
american_put_k100,bbs_richardson,80,6.0915831168180539,0.0012121656469350484
american_put_k100,bbs_richardson,82,6.0910340320383138,0.00066308086719502057
american_put_k100,bbs_richardson,84,6.0919272187651252,0.0015562675940063997
american_put_k100,bbs_richardson,86,6.091439150528732,0.0010681993576131532
american_put_k100,bbs_richardson,88,6.0918453553327039,0.0014744041615850634
american_put_k100,bbs_richardson,90,6.0912066840225307,0.00083573285141191889
american_put_k100,bbs_richardson,92,6.0916127778066516,0.001241826635532739
american_put_k100,bbs_richardson,94,6.0910428081712471,0.0006718570001282842
american_put_k100,bbs_richardson,96,6.0914825908486385,0.0011116396775197046
american_put_k100,bbs_richardson,98,6.091119520025396,0.00074856885427720954
american_put_k100,bbs_richardson,100,6.0913049558476091,0.0009340046764902965
american_put_k100,bbs_richardson,102,6.0909540306933998,0.00058307952228098259
american_put_k100,bbs_richardson,104,6.0912503746892686,0.00087942351814973563
american_put_k100,bbs_richardson,106,6.0909108962058269,0.00053994503470811139
american_put_k100,bbs_richardson,108,6.0912159990454082,0.00084504787428940631
american_put_k100,bbs_richardson,110,6.0909084516413579,0.00053750047023903846
american_put_k100,bbs_richardson,112,6.0913821250595319,0.0010111738884130972
american_put_k100,bbs_richardson,114,6.0909423570660559,0.00057140589493709371
american_put_k100,bbs_richardson,116,6.0915610478490407,0.0011900966779219146
american_put_k100,bbs_richardson,118,6.091069460280103,0.00069850910898416885
american_put_k100,bbs_richardson,120,6.091595711499628,0.0012247603285091557
american_put_k100,bbs_richardson,122,6.0911152429081916,0.00074429173707279972
american_put_k100,bbs_richardson,124,6.0915042782272701,0.0011333270561513231
american_put_k100,bbs_richardson,126,6.0909307626519515,0.00055981148083272814
american_put_k100,bbs_richardson,128,6.0913066227944839,0.00093567162336505305
american_put_k100,bbs_richardson,130,6.0907424080756485,0.00037145690452966562
american_put_k100,bbs_richardson,132,6.0911495548707126,0.00077860369959381615
american_put_k100,bbs_richardson,134,6.0907430443235846,0.00037209315246578001
american_put_k100,bbs_richardson,136,6.0911182170472644,0.00074726587614559747
american_put_k100,bbs_richardson,138,6.090863023064446,0.00049207189332722834
american_put_k100,bbs_richardson,140,6.0912675347284155,0.00089658355729671513
american_put_k100,bbs_richardson,142,6.0910041614370591,0.00063321026594032048
american_put_k100,bbs_richardson,144,6.0913724428699654,0.0010014916988465572
american_put_k100,bbs_richardson,146,6.0910701676928891,0.00069921652177029614
american_put_k100,bbs_richardson,148,6.0913749477539607,0.0010039965828418929
american_put_k100,bbs_richardson,150,6.0910088582273421,0.0006379070562232414
american_put_k100,bbs_richardson,152,6.0912663856285585,0.00089543445743966998
american_put_k100,bbs_richardson,154,6.0909087862122844,0.00053783504116555747
american_put_k100,bbs_richardson,156,6.0910980081245736,0.00072705695345476329
american_put_k100,bbs_richardson,158,6.0908265505484991,0.0004555993773802669
american_put_k100,bbs_richardson,160,6.0909997374171505,0.00062878624603168731
american_put_k100,bbs_richardson,162,6.0907856735866659,0.00041472241554707523
american_put_k100,bbs_richardson,164,6.0909461399010887,0.00057518872996986659
american_put_k100,bbs_richardson,166,6.0907923416952503,0.00042139052413148192
american_put_k100,bbs_richardson,168,6.0909625527659967,0.00059160159487792185
american_put_k100,bbs_richardson,170,6.0908429296810329,0.00047197850991409496
american_put_k100,bbs_richardson,172,6.090945932214562,0.00057498104344322343
american_put_k100,bbs_richardson,174,6.090872031265099,0.00050108009398019959
american_put_k100,bbs_richardson,176,6.0909503638416513,0.00057941267053251977
american_put_k100,bbs_richardson,178,6.0908692382238581,0.00049828705273924356
american_put_k100,bbs_richardson,180,6.0909821649019653,0.00061121373084649377
american_put_k100,bbs_richardson,182,6.0909137849594304,0.00054283378831154749
american_put_k100,bbs_richardson,184,6.0909499930498585,0.00057904187873969448
american_put_k100,bbs_richardson,186,6.0909140223149292,0.00054307114381035859
american_put_k100,bbs_richardson,188,6.0909340893812631,0.00056313821014430943
american_put_k100,bbs_richardson,190,6.0909094047720824,0.0005384536009636065
american_put_k100,bbs_richardson,192,6.0908786492729856,0.00050769810186679365
american_put_k100,bbs_richardson,194,6.0908634465163489,0.00049249534523010396
american_put_k100,bbs_richardson,196,6.0908083883721353,0.00043743720101652173
american_put_k100,bbs_richardson,198,6.0907676985149415,0.00039674734382266763
american_put_k100,bbs_richardson,200,6.0907536719803845,0.00038272080926571306
american_put_k100,bbs_richardson,202,6.0906664366731773,0.00029548550205849011
american_put_k100,bbs_richardson,204,6.0906956726267723,0.00032472145565343169
american_put_k100,bbs_richardson,206,6.0906183923551307,0.0002474411840118762
american_put_k100,bbs_richardson,208,6.0906839770922829,0.00031302592116411176
american_put_k100,bbs_richardson,210,6.0906123940678096,0.00024144289669081331
american_put_k100,bbs_richardson,212,6.0907226762138977,0.00035172504277891647
american_put_k100,bbs_richardson,214,6.0906623561383038,0.00029140496718493836
american_put_k100,bbs_richardson,216,6.0907945402287496,0.00042358905763073551
american_put_k100,bbs_richardson,218,6.0906998152182723,0.0003288640471534876
american_put_k100,bbs_richardson,220,6.0908366999350001,0.00046574876388127961
american_put_k100,bbs_richardson,222,6.0907223553785705,0.00035140420745172207
american_put_k100,bbs_richardson,224,6.0908475322715905,0.00047658110047166247
american_put_k100,bbs_richardson,226,6.0907018878855279,0.00033093671440909134
american_put_k100,bbs_richardson,228,6.0908382028697945,0.00046725169867567473
american_put_k100,bbs_richardson,230,6.0906515815386522,0.00028063036753334103
american_put_k100,bbs_richardson,232,6.0907910908751468,0.00042013970402798861
american_put_k100,bbs_richardson,234,6.0906053528766861,0.00023440170556732198
american_put_k100,bbs_richardson,236,6.0907497072896684,0.00037875611854953917
american_put_k100,bbs_richardson,238,6.0905627298922607,0.00019177872114184424
american_put_k100,bbs_richardson,240,6.0907033985560677,0.00033244738494886406
american_put_k100,bbs_richardson,242,6.0905678955047104,0.00019694433359163099
american_put_k100,bbs_richardson,244,6.0906930900033487,0.00032213883222986794
american_put_k100,bbs_richardson,246,6.0905969529564814,0.00022600178536258397
american_put_k100,bbs_richardson,248,6.0907025740761309,0.00033162290501209668
american_put_k100,bbs_richardson,250,6.0906076678531207,0.00023671668200186957
american_put_k100,bbs_richardson,252,6.0907315720791875,0.00036062090806865399
american_put_k100,bbs_richardson,254,6.0906301501929727,0.00025919902185389532
american_put_k100,bbs_richardson,256,6.0907358768231479,0.0003649256520290578
american_put_k100,bbs_richardson,258,6.0906222715023874,0.00025132033126862297
american_put_k100,bbs_richardson,260,6.0907333204263789,0.00036236925526011987
american_put_k100,bbs_richardson,262,6.0906167724685263,0.00024582129740746694
american_put_k100,bbs_richardson,264,6.0907280429953463,0.00035709182422749564
american_put_k100,bbs_richardson,266,6.0906103435060448,0.00023939233492598078
american_put_k100,bbs_richardson,268,6.0907348900628362,0.0003639388917173747
american_put_k100,bbs_richardson,270,6.0906040091672118,0.00023305799609296685
american_put_k100,bbs_richardson,272,6.0907242224260454,0.00035327125492656819
american_put_k100,bbs_richardson,274,6.090599418813766,0.00022846764264716768
american_put_k100,bbs_richardson,276,6.0907162806755046,0.00034532950438581622
american_put_k100,bbs_richardson,278,6.0905753510645741,0.00020439989345533149
american_put_k100,bbs_richardson,280,6.0907051177041929,0.00033416653307405397
american_put_k100,bbs_richardson,282,6.0905579607332516,0.00018700956213280051
american_put_k100,bbs_richardson,284,6.0906879206232976,0.00031696945217873917
american_put_k100,bbs_richardson,286,6.0905564615387799,0.00018551036766112361
american_put_k100,bbs_richardson,288,6.0906770360330995,0.00030608486198069329
american_put_k100,bbs_richardson,290,6.0905500970571405,0.00017914588602163661
american_put_k100,bbs_richardson,292,6.0906636422222675,0.00029269105114870797
american_put_k100,bbs_richardson,294,6.0905569192277458,0.0001859680566269617
american_put_k100,bbs_richardson,296,6.0906587355767714,0.00028778440565258023
american_put_k100,bbs_richardson,298,6.0905583888463974,0.00018743767527862332
american_put_k100,bbs_richardson,300,6.0906650417710022,0.00029409059988338981
american_put_k100,bbs_richardson,302,6.0905615796280363,0.00019062845691752983
american_put_k100,bbs_richardson,304,6.0906859035102672,0.00031495233914835552
american_put_k100,bbs_richardson,306,6.0905711429283116,0.00020019175719276916
american_put_k100,bbs_richardson,308,6.0906874784674176,0.0003165272962988297
american_put_k100,bbs_richardson,310,6.090586563001712,0.00021561183059315425
american_put_k100,bbs_richardson,312,6.0907024613341907,0.00033151016307186865
american_put_k100,bbs_richardson,314,6.0905876424158656,0.00021669124474676948
american_put_k100,bbs_richardson,316,6.0907033443756777,0.00033239320455891175
american_put_k100,bbs_richardson,318,6.090574866632803,0.00020391546168418984
american_put_k100,bbs_richardson,320,6.0906803182354912,0.00030936706437234562
american_put_k100,bbs_richardson,322,6.090556616390824,0.0001856652197052
american_put_k100,bbs_richardson,324,6.0906623537201945,0.00029140254907566998
american_put_k100,bbs_richardson,326,6.090544420909084,0.00017346973796517062
american_put_k100,bbs_richardson,328,6.0906329751025003,0.00026202393138152758
american_put_k100,bbs_richardson,330,6.0905183681645223,0.00014741699340348191
american_put_k100,bbs_richardson,332,6.0906061227349548,0.0002351715638360119
american_put_k100,bbs_richardson,334,6.0905018626365433,0.00013091146542443255
american_put_k100,bbs_richardson,336,6.0905822115297159,0.00021126035859708736
american_put_k100,bbs_richardson,338,6.0904924808411032,0.00012152966998435488
american_put_k100,bbs_richardson,340,6.0905690479313819,0.00019809676026305567
american_put_k100,bbs_richardson,342,6.0904892333851688,0.00011828221404996953
american_put_k100,bbs_richardson,344,6.0905763388888499,0.00020538771773104259
american_put_k100,bbs_richardson,346,6.0904984456079623,0.00012749443684345607
american_put_k100,bbs_richardson,348,6.0905895930328073,0.00021864186168851774
american_put_k100,bbs_richardson,350,6.0905092185379921,0.00013826736687327923
american_put_k100,bbs_richardson,352,6.0906035201700686,0.00023256899894974481
american_put_k100,bbs_richardson,354,6.0905156927977693,0.00014474162665045753
american_put_k100,bbs_richardson,356,6.0906021181918728,0.00023116702075398621
american_put_k100,bbs_richardson,358,6.0905208161277615,0.00014986495664270905
american_put_k100,bbs_richardson,360,6.0905969837683873,0.00022603259726849956
american_put_k100,bbs_richardson,362,6.0905247996277456,0.00015384845662680391
american_put_k100,bbs_richardson,364,6.0905902880972,0.00021933692608122612
american_put_k100,bbs_richardson,366,6.0905115023863532,0.00014055121523437464
american_put_k100,bbs_richardson,368,6.0905870903599357,0.00021613918881691063
american_put_k100,bbs_richardson,370,6.0904991726112447,0.00012822144012591963
american_put_k100,bbs_richardson,372,6.0905737621987974,0.00020281102767860659
american_put_k100,bbs_richardson,374,6.0904907847415526,0.00011983357043376941
american_put_k100,bbs_richardson,376,6.0905670156703025,0.00019606449918363467
american_put_k100,bbs_richardson,378,6.0904819190883499,0.00011096791723108623
american_put_k100,bbs_richardson,380,6.0905666394426605,0.00019568827154170521
american_put_k100,bbs_richardson,382,6.0904803203056055,0.00010936913448666985
american_put_k100,bbs_richardson,384,6.0905666671771854,0.00019571600606660411
american_put_k100,bbs_richardson,386,6.0904703541670511,9.940299593225177e-05
american_put_k100,bbs_richardson,388,6.0905670648864634,0.00019611371534455913
american_put_k100,bbs_richardson,390,6.0904703065183217,9.9355347202845223e-05
american_put_k100,bbs_richardson,392,6.090565937248142,0.00019498607702317372
american_put_k100,bbs_richardson,394,6.0904661973614136,9.5246190294773214e-05
american_put_k100,bbs_richardson,396,6.0905674135392696,0.00019646236815074047
american_put_k100,bbs_richardson,398,6.0904664428510227,9.549167990385854e-05
american_put_k100,bbs_richardson,400,6.0905689305972928,0.00019797942617394426
